ステータス,会社名,職種名,職業カテゴリー,求人キャッチコピー,勤務地（郵便番号）,勤務地（都道府県・市区町村・町域）,勤務地（丁目・番地・号）,勤務地（建物名・階数）,雇用形態,有料職業紹介に該当,給与形態,給与（最低額）,給与（最高額）,給与（表示形式）,固定残業代の有無,固定残業代（最低額）,固定残業代（最高額）,固定残業代（支払い単位）,固定残業代（時間）,固定残業代（分）,固定残業代（超過分の追加支払への同意）,勤務形態,平均所定労働時間,平均所定労働時間（分）,社会保険,社会保険（適用されない理由）,試用期間の有無,試用期間（期間）,試用期間（期間の単位）,試用期間（試用期間中の労働条件）,試用期間中の給与形態,試用期間中の給与（最低額）,試用期間中の給与（最高額）,試用期間中の給与（表示形式）,試用期間中の固定残業代の有無,試用期間中の固定残業代（最低額）,試用期間中の固定残業代（最高額）,試用期間中の固定残業代（支払い単位）,試用期間中の固定残業代（時間）,試用期間中の固定残業代（分）,試用期間中の固定残業代（超過分の追加支払への同意）,試用期間中の平均所定労働時間,試用期間中の平均所定労働時間（分）,試用期間中のその他の条件,募集要項（仕事内容）,募集要項（アピールポイント）,募集要項（求める人材）,募集要項（勤務時間・曜日）,募集要項（休暇・休日）,募集要項（勤務地の補足）,募集要項（アクセス）,募集要項（給与の補足）,募集要項（待遇・福利厚生）,募集要項（その他）,掲載画像,タグ,採用予定人数,履歴書の有無,応募者に関する情報,応募用メールアドレス,求人問い合わせ先電話番号（半角）,審査用の質問,自動アプローチ利用設定,自動アプローチ条件設定,ユーザー指定ID
募集中,オリアム株式会社,《未経験OK》一般事務/日吉,一般事務,未経験OK◎データ入力からはじめる一般事務♪,,神奈川県横浜市港北区日吉2-1-1,,,正社員,いいえ,月給,250000,300000,範囲で表示,なし,,,,,,,固定時間制,160,,厚生年金、健康保険、雇用保険、労災保険,,なし,,,,,,,,,,,,,,,,,,"✦・━━━━━━━━━━━━━━━・✦
＼日吉駅エリアで一般事務を募集中／
未経験からはじめるオフィスワーク◎
✦・━━━━━━━━━━━━━━━・✦

「事務の仕事に興味はあるけど経験がない…」
「パソコンは文字入力くらいしかできない…」

そんな方も、ひとつずつ覚えていける環境です。
最初は決まった形式への入力からスタートします。

＝＝＝＝＝＝＝＝＝＝＝＝＝＝＝
【✨この職場の魅力✨】

✅ 残業なし・定時退社が基本
9:00〜18:00の固定時間制なので、
仕事終わりの予定も立てやすいです。

✅ 未経験からスタート
分からないことは、その場で確認しながら
少しずつできる範囲を広げていけます。

✅ 服装・ネイル自由
自分らしいスタイルで働けます。

＝＝＝＝＝＝＝＝＝＝＝＝＝＝＝
【✧お仕事内容✧】

■ データ入力
決まった形式に、数字や文字を入力します。

■ 書類の作成・ファイリング
書類を作成し、種類ごとに整理して保管します。

■ 電話・メール対応
問い合わせを受け、担当者へ取り次ぎます。

■ 来客対応
お客様をご案内し、お茶出しなどを行います。

■ 備品の管理・発注
文房具などの在庫を確認し、必要な分を注文します。

＝＝＝＝＝＝＝＝＝＝＝＝＝＝＝
【✨働きやすいポイント✨】

✔ 9:00〜18:00の固定時間制（休憩1時間）
✔ 残業なし・定時退社が基本
✔ 社会保険完備・交通費支給
✔ 昇給年1回・賞与年2回

「人をサポートする仕事がしたい」
「腰を据えてオフィスで働きたい」
そんな方をお待ちしています！

【勤務地】
神奈川県横浜市港北区日吉2-1-1（日吉駅から徒歩圏内）","✅【残業なし・定時退社が基本】9:00〜18:00の固定時間制。仕事終わりの予定が立てやすく、プライベートの時間を確保できます。
✅【未経験からスタート】最初はデータ入力など決まった形式の作業から。分からないことはその場で確認しながら、少しずつ担当を広げていけます。
✅【服装・ネイル自由】自分らしいスタイルで働けます。
✅【昇給年1回・賞与年2回】社会保険完備、交通費支給、住宅手当・家族手当・皆勤手当あり。
✅【面接1回・履歴書任意】まずは興味がある程度で構いません。お気軽にご応募ください。","【応募資格】
・未経験OK、職務経験不問
・学歴・資格不問

例外事由3号のイにより、長期キャリア形成を図るため、
39歳以下を募集しております。

★歓迎条件
・パソコンでの文字入力に慣れている方
・接客・販売など、人と接する仕事の経験がある方

▼こんな方におすすめ▼
・コツコツ正確に進める作業が好きな方
・残業なしで、生活のリズムを保って働きたい方
・人をサポートする仕事にやりがいを感じる方",・9:00~18:00（休憩1時間を含む）,"* *完全週休2日制（土日祝休み）*: カレンダー通りに休みたい人向け。友人との予定合わせや、フェス・イベント参加に最適。
* *年間休日120日以上*: 大手企業の倉庫や工場に多いパターン。「仕事のために生きてるわけじゃない」という層に刺さる数字。",,日吉駅から徒歩圏内！！,"・昇給年1回、賞与年2回
・住宅手当
・通勤手当
・家族手当
・皆勤手当","・交通費支給
・社会保険完備
・昇給・賞与（ボーナス）あり
・資格取得支援制度
・健康診断・インフルエンザ予防接種
・服装・ネイル自由","【選考について】
最短面接1回で内定です。
まずは興味がある程度で構いません。
お気軽にご応募ください。

＜選考の手順＞
【1】応募（履歴書は任意）
【2】面接（1回）
【3】内定

＝＝＝＝＝＝＝＝＝＝
＜労働条件の明示＞
■ 就業場所の変更の範囲
変更なし（本求人の勤務地のみ）
■ 従事すべき業務の変更の範囲
変更なし（本求人の業務のみ）",,残業なし、交通費支給、即日勤務OK、昇給・昇格あり,2,任意,生年月日、性別、電話番号,entry@orium.co.jp,,,利用する,"preferred:
  keywords:
    professional: [一般事務, 事務補助, データ入力, 書類作成, ファイリング, 電話応対, 来客対応, 備品管理,
      郵便物対応, スケジュール管理, 伝票処理, 経費精算, 庶務, OA事務, 受付事務, パソコン入力]
",
募集中,オリアム株式会社,《未経験OK》一般事務スタッフ/星ヶ丘,一般事務,残業なし・定時退社が基本◎はじめての事務職デビュー♪,,愛知県名古屋市千種区星が丘元町16-50,,,正社員,いいえ,月給,250000,300000,範囲で表示,なし,,,,,,,固定時間制,160,,厚生年金、健康保険、雇用保険、労災保険,,なし,,,,,,,,,,,,,,,,,,"✦・━━━━━━━━━━━━━━━・✦
＼星ヶ丘駅エリアで募集中／
9:00〜18:00・残業なしの一般事務◎
✦・━━━━━━━━━━━━━━━・✦

「接客や販売から、事務職に変わりたい」
「毎日同じ時間に帰れる仕事がいい」

一般事務は、9:00〜18:00の固定時間制。
残業なしで定時退社が基本なので、
生活のリズムを崩さずに働けます。

＝＝＝＝＝＝＝＝＝＝＝＝＝＝＝
【✧1日の流れ（一例）✧】

■ 9:00 出社
メールと郵便物を確認し、その日の予定を整理します。

■ 午前
データ入力や書類の作成を進めます。
電話がかかってきたら、担当者へ取り次ぎます。

■ 昼休憩（1時間）

■ 午後
書類のファイリング、備品の在庫確認・発注。
来客があればご案内します。

■ 18:00 退社
翌日の分を確認して、定時で退社します。

＝＝＝＝＝＝＝＝＝＝＝＝＝＝＝
【✨はじめての方へ✨】

✔ 経験・資格は必要ありません
✔ 最初はデータ入力など、決まった形式の作業から
✔ 分からないことは、その場で確認できます
✔ 服装・ネイル自由

＝＝＝＝＝＝＝＝＝＝＝＝＝＝＝
【✧待遇✧】

✅ 社会保険完備・交通費支給
✅ 昇給年1回・賞与年2回
✅ 資格取得支援制度あり

【勤務地】
愛知県名古屋市千種区星が丘元町16-50（星ヶ丘駅から徒歩圏内）","✅【残業なし・定時退社が基本】9:00〜18:00の固定時間制。仕事終わりの予定が立てやすく、プライベートの時間を確保できます。
✅【未経験からスタート】最初はデータ入力など決まった形式の作業から。分からないことはその場で確認しながら、少しずつ担当を広げていけます。
✅【服装・ネイル自由】自分らしいスタイルで働けます。
✅【昇給年1回・賞与年2回】社会保険完備、交通費支給、住宅手当・家族手当・皆勤手当あり。
✅【面接1回・履歴書任意】まずは興味がある程度で構いません。お気軽にご応募ください。","【応募資格】
・未経験OK、職務経験不問
・学歴・資格不問

例外事由3号のイにより、長期キャリア形成を図るため、
39歳以下を募集しております。

★歓迎条件
・パソコンでの文字入力に慣れている方
・接客・販売など、人と接する仕事の経験がある方

▼こんな方におすすめ▼
・コツコツ正確に進める作業が好きな方
・残業なしで、生活のリズムを保って働きたい方
・人をサポートする仕事にやりがいを感じる方",・9:00~18:00（休憩1時間を含む）,"* *完全週休2日制（土日祝休み）*: カレンダー通りに休みたい人向け。友人との予定合わせや、フェス・イベント参加に最適。
* *年間休日120日以上*: 大手企業の倉庫や工場に多いパターン。「仕事のために生きてるわけじゃない」という層に刺さる数字。",,星ヶ丘駅から徒歩圏内！！,"・昇給年1回、賞与年2回
・住宅手当
・通勤手当
・家族手当
・皆勤手当","・交通費支給
・社会保険完備
・昇給・賞与（ボーナス）あり
・資格取得支援制度
・健康診断・インフルエンザ予防接種
・服装・ネイル自由","【選考について】
最短面接1回で内定です。
まずは興味がある程度で構いません。
お気軽にご応募ください。

＜選考の手順＞
【1】応募（履歴書は任意）
【2】面接（1回）
【3】内定

＝＝＝＝＝＝＝＝＝＝
＜労働条件の明示＞
■ 就業場所の変更の範囲
変更なし（本求人の勤務地のみ）
■ 従事すべき業務の変更の範囲
変更なし（本求人の業務のみ）",,残業なし、交通費支給、即日勤務OK、昇給・昇格あり,2,任意,生年月日、性別、電話番号,entry@orium.co.jp,,,利用する,"preferred:
  keywords:
    professional: [一般事務, 事務補助, データ入力, 書類作成, ファイリング, 電話応対, 来客対応, 備品管理,
      郵便物対応, スケジュール管理, 伝票処理, 経費精算, 庶務, OA事務, 受付事務, パソコン入力]
",
募集中,オリアム株式会社,《未経験OK》データ入力・一般事務/新今宮,一般事務,9:00〜18:00の固定時間◎生活リズムを崩さないオフィスワーク♪,,大阪府大阪市西成区萩之茶屋1-3-25,,,正社員,いいえ,月給,250000,300000,範囲で表示,なし,,,,,,,固定時間制,160,,厚生年金、健康保険、雇用保険、労災保険,,なし,,,,,,,,,,,,,,,,,,"✦・━━━━━━━━━━━━━━━・✦
＼新今宮駅エリアで募集中／
まずはデータ入力から。一般事務スタッフ◎
✦・━━━━━━━━━━━━━━━・✦

事務の仕事は、覚えることが多そうに見えて
実際は「決まった手順を正確に繰り返す」ことが中心です。

はじめはデータ入力から。
慣れてきたら、書類作成や電話対応へと
少しずつ担当を広げていきます。

＝＝＝＝＝＝＝＝＝＝＝＝＝＝＝
【✧担当する業務✧】

■ データ入力：決まった形式に数字や文字を入力する
■ 書類作成：ひな形をもとに書類を作る
■ ファイリング：書類を種類ごとに整理・保管する
■ 電話・メール対応：用件を聞いて担当者へ取り次ぐ
■ 来客対応：お客様のご案内、お茶出し
■ 備品管理：文房具などの在庫確認と発注

どの業務も、手順は先輩に確認しながら進められます。
自分ひとりで判断しなければならない場面は多くありません。

＝＝＝＝＝＝＝＝＝＝＝＝＝＝＝
【✨はじめやすいポイント✨】

✔ 経験・資格は必要ありません
✔ 9:00〜18:00の固定時間制（休憩1時間）
✔ 残業なし・定時退社が基本
✔ 服装・ネイル自由
✔ 面接は1回、履歴書は任意

＝＝＝＝＝＝＝＝＝＝＝＝＝＝＝
【✧待遇✧】

✅ 社会保険完備・交通費支給
✅ 昇給年1回・賞与年2回
✅ 健康診断・インフルエンザ予防接種

「コツコツ正確に進める仕事が好き」
そんな方に向いています。

【勤務地】
大阪府大阪市西成区萩之茶屋1-3-25（新今宮駅から徒歩圏内）","✅【残業なし・定時退社が基本】9:00〜18:00の固定時間制。仕事終わりの予定が立てやすく、プライベートの時間を確保できます。
✅【未経験からスタート】最初はデータ入力など決まった形式の作業から。分からないことはその場で確認しながら、少しずつ担当を広げていけます。
✅【服装・ネイル自由】自分らしいスタイルで働けます。
✅【昇給年1回・賞与年2回】社会保険完備、交通費支給、住宅手当・家族手当・皆勤手当あり。
✅【面接1回・履歴書任意】まずは興味がある程度で構いません。お気軽にご応募ください。","【応募資格】
・未経験OK、職務経験不問
・学歴・資格不問

例外事由3号のイにより、長期キャリア形成を図るため、
39歳以下を募集しております。

★歓迎条件
・パソコンでの文字入力に慣れている方
・接客・販売など、人と接する仕事の経験がある方

▼こんな方におすすめ▼
・コツコツ正確に進める作業が好きな方
・残業なしで、生活のリズムを保って働きたい方
・人をサポートする仕事にやりがいを感じる方",・9:00~18:00（休憩1時間を含む）,"* *完全週休2日制（土日祝休み）*: カレンダー通りに休みたい人向け。友人との予定合わせや、フェス・イベント参加に最適。
* *年間休日120日以上*: 大手企業の倉庫や工場に多いパターン。「仕事のために生きてるわけじゃない」という層に刺さる数字。",,新今宮駅から徒歩圏内！！,"・昇給年1回、賞与年2回
・住宅手当
・通勤手当
・家族手当
・皆勤手当","・交通費支給
・社会保険完備
・昇給・賞与（ボーナス）あり
・資格取得支援制度
・健康診断・インフルエンザ予防接種
・服装・ネイル自由","【選考について】
最短面接1回で内定です。
まずは興味がある程度で構いません。
お気軽にご応募ください。

＜選考の手順＞
【1】応募（履歴書は任意）
【2】面接（1回）
【3】内定

＝＝＝＝＝＝＝＝＝＝
＜労働条件の明示＞
■ 就業場所の変更の範囲
変更なし（本求人の勤務地のみ）
■ 従事すべき業務の変更の範囲
変更なし（本求人の業務のみ）",,残業なし、交通費支給、即日勤務OK、昇給・昇格あり,2,任意,生年月日、性別、電話番号,entry@orium.co.jp,,,利用する,"preferred:
  keywords:
    professional: [一般事務, 事務補助, データ入力, 書類作成, ファイリング, 電話応対, 来客対応, 備品管理,
      郵便物対応, スケジュール管理, 伝票処理, 経費精算, 庶務, OA事務, 受付事務, パソコン入力]
",
募集中,オリアム株式会社,《未経験OK》一般事務/秋葉原,一般事務,服装・ネイル自由◎自分らしく働ける一般事務スタッフ♪,,東京都千代田区神田花岡町1-9,,,正社員,いいえ,月給,250000,300000,範囲で表示,なし,,,,,,,固定時間制,160,,厚生年金、健康保険、雇用保険、労災保険,,なし,,,,,,,,,,,,,,,,,,"✦・━━━━━━━━━━━━━━━・✦
＼秋葉原駅エリアで一般事務を募集中／
未経験からはじめるオフィスワーク◎
✦・━━━━━━━━━━━━━━━・✦

「事務の仕事に興味はあるけど経験がない…」
「パソコンは文字入力くらいしかできない…」

そんな方も、ひとつずつ覚えていける環境です。
最初は決まった形式への入力からスタートします。

＝＝＝＝＝＝＝＝＝＝＝＝＝＝＝
【✨この職場の魅力✨】

✅ 残業なし・定時退社が基本
9:00〜18:00の固定時間制なので、
仕事終わりの予定も立てやすいです。

✅ 未経験からスタート
分からないことは、その場で確認しながら
少しずつできる範囲を広げていけます。

✅ 服装・ネイル自由
自分らしいスタイルで働けます。

＝＝＝＝＝＝＝＝＝＝＝＝＝＝＝
【✧お仕事内容✧】

■ データ入力
決まった形式に、数字や文字を入力します。

■ 書類の作成・ファイリング
書類を作成し、種類ごとに整理して保管します。

■ 電話・メール対応
問い合わせを受け、担当者へ取り次ぎます。

■ 来客対応
お客様をご案内し、お茶出しなどを行います。

■ 備品の管理・発注
文房具などの在庫を確認し、必要な分を注文します。

＝＝＝＝＝＝＝＝＝＝＝＝＝＝＝
【✨働きやすいポイント✨】

✔ 9:00〜18:00の固定時間制（休憩1時間）
✔ 残業なし・定時退社が基本
✔ 社会保険完備・交通費支給
✔ 昇給年1回・賞与年2回

「人をサポートする仕事がしたい」
「腰を据えてオフィスで働きたい」
そんな方をお待ちしています！

【勤務地】
東京都千代田区神田花岡町1-9（秋葉原駅から徒歩圏内）","✅【残業なし・定時退社が基本】9:00〜18:00の固定時間制。仕事終わりの予定が立てやすく、プライベートの時間を確保できます。
✅【未経験からスタート】最初はデータ入力など決まった形式の作業から。分からないことはその場で確認しながら、少しずつ担当を広げていけます。
✅【服装・ネイル自由】自分らしいスタイルで働けます。
✅【昇給年1回・賞与年2回】社会保険完備、交通費支給、住宅手当・家族手当・皆勤手当あり。
✅【面接1回・履歴書任意】まずは興味がある程度で構いません。お気軽にご応募ください。","【応募資格】
・未経験OK、職務経験不問
・学歴・資格不問

例外事由3号のイにより、長期キャリア形成を図るため、
39歳以下を募集しております。

★歓迎条件
・パソコンでの文字入力に慣れている方
・接客・販売など、人と接する仕事の経験がある方

▼こんな方におすすめ▼
・コツコツ正確に進める作業が好きな方
・残業なしで、生活のリズムを保って働きたい方
・人をサポートする仕事にやりがいを感じる方",・9:00~18:00（休憩1時間を含む）,"* *完全週休2日制（土日祝休み）*: カレンダー通りに休みたい人向け。友人との予定合わせや、フェス・イベント参加に最適。
* *年間休日120日以上*: 大手企業の倉庫や工場に多いパターン。「仕事のために生きてるわけじゃない」という層に刺さる数字。",,秋葉原駅から徒歩圏内！！,"・昇給年1回、賞与年2回
・住宅手当
・通勤手当
・家族手当
・皆勤手当","・交通費支給
・社会保険完備
・昇給・賞与（ボーナス）あり
・資格取得支援制度
・健康診断・インフルエンザ予防接種
・服装・ネイル自由","【選考について】
最短面接1回で内定です。
まずは興味がある程度で構いません。
お気軽にご応募ください。

＜選考の手順＞
【1】応募（履歴書は任意）
【2】面接（1回）
【3】内定

＝＝＝＝＝＝＝＝＝＝
＜労働条件の明示＞
■ 就業場所の変更の範囲
変更なし（本求人の勤務地のみ）
■ 従事すべき業務の変更の範囲
変更なし（本求人の業務のみ）",,残業なし、交通費支給、即日勤務OK、昇給・昇格あり,2,任意,生年月日、性別、電話番号,entry@orium.co.jp,,,利用する,"preferred:
  keywords:
    professional: [一般事務, 事務補助, データ入力, 書類作成, ファイリング, 電話応対, 来客対応, 備品管理,
      郵便物対応, スケジュール管理, 伝票処理, 経費精算, 庶務, OA事務, 受付事務, パソコン入力]
",
募集中,オリアム株式会社,《未経験OK》一般事務スタッフ/祇園四条,一般事務,面接1回・履歴書任意◎未経験から事務職をはじめませんか♪,,京都府京都市東山区四条大橋東詰,,,正社員,いいえ,月給,250000,300000,範囲で表示,なし,,,,,,,固定時間制,160,,厚生年金、健康保険、雇用保険、労災保険,,なし,,,,,,,,,,,,,,,,,,"✦・━━━━━━━━━━━━━━━・✦
＼祇園四条駅エリアで募集中／
9:00〜18:00・残業なしの一般事務◎
✦・━━━━━━━━━━━━━━━・✦

「接客や販売から、事務職に変わりたい」
「毎日同じ時間に帰れる仕事がいい」

一般事務は、9:00〜18:00の固定時間制。
残業なしで定時退社が基本なので、
生活のリズムを崩さずに働けます。

＝＝＝＝＝＝＝＝＝＝＝＝＝＝＝
【✧1日の流れ（一例）✧】

■ 9:00 出社
メールと郵便物を確認し、その日の予定を整理します。

■ 午前
データ入力や書類の作成を進めます。
電話がかかってきたら、担当者へ取り次ぎます。

■ 昼休憩（1時間）

■ 午後
書類のファイリング、備品の在庫確認・発注。
来客があればご案内します。

■ 18:00 退社
翌日の分を確認して、定時で退社します。

＝＝＝＝＝＝＝＝＝＝＝＝＝＝＝
【✨はじめての方へ✨】

✔ 経験・資格は必要ありません
✔ 最初はデータ入力など、決まった形式の作業から
✔ 分からないことは、その場で確認できます
✔ 服装・ネイル自由

＝＝＝＝＝＝＝＝＝＝＝＝＝＝＝
【✧待遇✧】

✅ 社会保険完備・交通費支給
✅ 昇給年1回・賞与年2回
✅ 資格取得支援制度あり

【勤務地】
京都府京都市東山区四条大橋東詰（祇園四条駅から徒歩圏内）","✅【残業なし・定時退社が基本】9:00〜18:00の固定時間制。仕事終わりの予定が立てやすく、プライベートの時間を確保できます。
✅【未経験からスタート】最初はデータ入力など決まった形式の作業から。分からないことはその場で確認しながら、少しずつ担当を広げていけます。
✅【服装・ネイル自由】自分らしいスタイルで働けます。
✅【昇給年1回・賞与年2回】社会保険完備、交通費支給、住宅手当・家族手当・皆勤手当あり。
✅【面接1回・履歴書任意】まずは興味がある程度で構いません。お気軽にご応募ください。","【応募資格】
・未経験OK、職務経験不問
・学歴・資格不問

例外事由3号のイにより、長期キャリア形成を図るため、
39歳以下を募集しております。

★歓迎条件
・パソコンでの文字入力に慣れている方
・接客・販売など、人と接する仕事の経験がある方

▼こんな方におすすめ▼
・コツコツ正確に進める作業が好きな方
・残業なしで、生活のリズムを保って働きたい方
・人をサポートする仕事にやりがいを感じる方",・9:00~18:00（休憩1時間を含む）,"* *完全週休2日制（土日祝休み）*: カレンダー通りに休みたい人向け。友人との予定合わせや、フェス・イベント参加に最適。
* *年間休日120日以上*: 大手企業の倉庫や工場に多いパターン。「仕事のために生きてるわけじゃない」という層に刺さる数字。",,祇園四条駅から徒歩圏内！！,"・昇給年1回、賞与年2回
・住宅手当
・通勤手当
・家族手当
・皆勤手当","・交通費支給
・社会保険完備
・昇給・賞与（ボーナス）あり
・資格取得支援制度
・健康診断・インフルエンザ予防接種
・服装・ネイル自由","【選考について】
最短面接1回で内定です。
まずは興味がある程度で構いません。
お気軽にご応募ください。

＜選考の手順＞
【1】応募（履歴書は任意）
【2】面接（1回）
【3】内定

＝＝＝＝＝＝＝＝＝＝
＜労働条件の明示＞
■ 就業場所の変更の範囲
変更なし（本求人の勤務地のみ）
■ 従事すべき業務の変更の範囲
変更なし（本求人の業務のみ）",,残業なし、交通費支給、即日勤務OK、昇給・昇格あり,2,任意,生年月日、性別、電話番号,entry@orium.co.jp,,,利用する,"preferred:
  keywords:
    professional: [一般事務, 事務補助, データ入力, 書類作成, ファイリング, 電話応対, 来客対応, 備品管理,
      郵便物対応, スケジュール管理, 伝票処理, 経費精算, 庶務, OA事務, 受付事務, パソコン入力]
",
募集中,オリアム株式会社,《未経験OK》データ入力・一般事務/淀屋橋,一般事務,未経験OK◎データ入力からはじめる一般事務♪,,大阪府大阪市中央区北浜3-5-29,,,正社員,いいえ,月給,250000,300000,範囲で表示,なし,,,,,,,固定時間制,160,,厚生年金、健康保険、雇用保険、労災保険,,なし,,,,,,,,,,,,,,,,,,"✦・━━━━━━━━━━━━━━━・✦
＼淀屋橋駅エリアで募集中／
まずはデータ入力から。一般事務スタッフ◎
✦・━━━━━━━━━━━━━━━・✦

事務の仕事は、覚えることが多そうに見えて
実際は「決まった手順を正確に繰り返す」ことが中心です。

はじめはデータ入力から。
慣れてきたら、書類作成や電話対応へと
少しずつ担当を広げていきます。

＝＝＝＝＝＝＝＝＝＝＝＝＝＝＝
【✧担当する業務✧】

■ データ入力：決まった形式に数字や文字を入力する
■ 書類作成：ひな形をもとに書類を作る
■ ファイリング：書類を種類ごとに整理・保管する
■ 電話・メール対応：用件を聞いて担当者へ取り次ぐ
■ 来客対応：お客様のご案内、お茶出し
■ 備品管理：文房具などの在庫確認と発注

どの業務も、手順は先輩に確認しながら進められます。
自分ひとりで判断しなければならない場面は多くありません。

＝＝＝＝＝＝＝＝＝＝＝＝＝＝＝
【✨はじめやすいポイント✨】

✔ 経験・資格は必要ありません
✔ 9:00〜18:00の固定時間制（休憩1時間）
✔ 残業なし・定時退社が基本
✔ 服装・ネイル自由
✔ 面接は1回、履歴書は任意

＝＝＝＝＝＝＝＝＝＝＝＝＝＝＝
【✧待遇✧】

✅ 社会保険完備・交通費支給
✅ 昇給年1回・賞与年2回
✅ 健康診断・インフルエンザ予防接種

「コツコツ正確に進める仕事が好き」
そんな方に向いています。

【勤務地】
大阪府大阪市中央区北浜3-5-29（淀屋橋駅から徒歩圏内）","✅【残業なし・定時退社が基本】9:00〜18:00の固定時間制。仕事終わりの予定が立てやすく、プライベートの時間を確保できます。
✅【未経験からスタート】最初はデータ入力など決まった形式の作業から。分からないことはその場で確認しながら、少しずつ担当を広げていけます。
✅【服装・ネイル自由】自分らしいスタイルで働けます。
✅【昇給年1回・賞与年2回】社会保険完備、交通費支給、住宅手当・家族手当・皆勤手当あり。
✅【面接1回・履歴書任意】まずは興味がある程度で構いません。お気軽にご応募ください。","【応募資格】
・未経験OK、職務経験不問
・学歴・資格不問

例外事由3号のイにより、長期キャリア形成を図るため、
39歳以下を募集しております。

★歓迎条件
・パソコンでの文字入力に慣れている方
・接客・販売など、人と接する仕事の経験がある方

▼こんな方におすすめ▼
・コツコツ正確に進める作業が好きな方
・残業なしで、生活のリズムを保って働きたい方
・人をサポートする仕事にやりがいを感じる方",・9:00~18:00（休憩1時間を含む）,"* *完全週休2日制（土日祝休み）*: カレンダー通りに休みたい人向け。友人との予定合わせや、フェス・イベント参加に最適。
* *年間休日120日以上*: 大手企業の倉庫や工場に多いパターン。「仕事のために生きてるわけじゃない」という層に刺さる数字。",,淀屋橋駅から徒歩圏内！！,"・昇給年1回、賞与年2回
・住宅手当
・通勤手当
・家族手当
・皆勤手当","・交通費支給
・社会保険完備
・昇給・賞与（ボーナス）あり
・資格取得支援制度
・健康診断・インフルエンザ予防接種
・服装・ネイル自由","【選考について】
最短面接1回で内定です。
まずは興味がある程度で構いません。
お気軽にご応募ください。

＜選考の手順＞
【1】応募（履歴書は任意）
【2】面接（1回）
【3】内定

＝＝＝＝＝＝＝＝＝＝
＜労働条件の明示＞
■ 就業場所の変更の範囲
変更なし（本求人の勤務地のみ）
■ 従事すべき業務の変更の範囲
変更なし（本求人の業務のみ）",,残業なし、交通費支給、即日勤務OK、昇給・昇格あり,2,任意,生年月日、性別、電話番号,entry@orium.co.jp,,,利用する,"preferred:
  keywords:
    professional: [一般事務, 事務補助, データ入力, 書類作成, ファイリング, 電話応対, 来客対応, 備品管理,
      郵便物対応, スケジュール管理, 伝票処理, 経費精算, 庶務, OA事務, 受付事務, パソコン入力]
",
募集中,オリアム株式会社,《未経験OK》一般事務/大曽根,一般事務,残業なし・定時退社が基本◎はじめての事務職デビュー♪,,愛知県名古屋市東区矢田南5-1-1,,,正社員,いいえ,月給,250000,300000,範囲で表示,なし,,,,,,,固定時間制,160,,厚生年金、健康保険、雇用保険、労災保険,,なし,,,,,,,,,,,,,,,,,,"✦・━━━━━━━━━━━━━━━・✦
＼大曽根駅エリアで一般事務を募集中／
未経験からはじめるオフィスワーク◎
✦・━━━━━━━━━━━━━━━・✦

「事務の仕事に興味はあるけど経験がない…」
「パソコンは文字入力くらいしかできない…」

そんな方も、ひとつずつ覚えていける環境です。
最初は決まった形式への入力からスタートします。

＝＝＝＝＝＝＝＝＝＝＝＝＝＝＝
【✨この職場の魅力✨】

✅ 残業なし・定時退社が基本
9:00〜18:00の固定時間制なので、
仕事終わりの予定も立てやすいです。

✅ 未経験からスタート
分からないことは、その場で確認しながら
少しずつできる範囲を広げていけます。

✅ 服装・ネイル自由
自分らしいスタイルで働けます。

＝＝＝＝＝＝＝＝＝＝＝＝＝＝＝
【✧お仕事内容✧】

■ データ入力
決まった形式に、数字や文字を入力します。

■ 書類の作成・ファイリング
書類を作成し、種類ごとに整理して保管します。

■ 電話・メール対応
問い合わせを受け、担当者へ取り次ぎます。

■ 来客対応
お客様をご案内し、お茶出しなどを行います。

■ 備品の管理・発注
文房具などの在庫を確認し、必要な分を注文します。

＝＝＝＝＝＝＝＝＝＝＝＝＝＝＝
【✨働きやすいポイント✨】

✔ 9:00〜18:00の固定時間制（休憩1時間）
✔ 残業なし・定時退社が基本
✔ 社会保険完備・交通費支給
✔ 昇給年1回・賞与年2回

「人をサポートする仕事がしたい」
「腰を据えてオフィスで働きたい」
そんな方をお待ちしています！

【勤務地】
愛知県名古屋市東区矢田南5-1-1（大曽根駅から徒歩圏内）","✅【残業なし・定時退社が基本】9:00〜18:00の固定時間制。仕事終わりの予定が立てやすく、プライベートの時間を確保できます。
✅【未経験からスタート】最初はデータ入力など決まった形式の作業から。分からないことはその場で確認しながら、少しずつ担当を広げていけます。
✅【服装・ネイル自由】自分らしいスタイルで働けます。
✅【昇給年1回・賞与年2回】社会保険完備、交通費支給、住宅手当・家族手当・皆勤手当あり。
✅【面接1回・履歴書任意】まずは興味がある程度で構いません。お気軽にご応募ください。","【応募資格】
・未経験OK、職務経験不問
・学歴・資格不問

例外事由3号のイにより、長期キャリア形成を図るため、
39歳以下を募集しております。

★歓迎条件
・パソコンでの文字入力に慣れている方
・接客・販売など、人と接する仕事の経験がある方

▼こんな方におすすめ▼
・コツコツ正確に進める作業が好きな方
・残業なしで、生活のリズムを保って働きたい方
・人をサポートする仕事にやりがいを感じる方",・9:00~18:00（休憩1時間を含む）,"* *完全週休2日制（土日祝休み）*: カレンダー通りに休みたい人向け。友人との予定合わせや、フェス・イベント参加に最適。
* *年間休日120日以上*: 大手企業の倉庫や工場に多いパターン。「仕事のために生きてるわけじゃない」という層に刺さる数字。",,大曽根駅から徒歩圏内！！,"・昇給年1回、賞与年2回
・住宅手当
・通勤手当
・家族手当
・皆勤手当","・交通費支給
・社会保険完備
・昇給・賞与（ボーナス）あり
・資格取得支援制度
・健康診断・インフルエンザ予防接種
・服装・ネイル自由","【選考について】
最短面接1回で内定です。
まずは興味がある程度で構いません。
お気軽にご応募ください。

＜選考の手順＞
【1】応募（履歴書は任意）
【2】面接（1回）
【3】内定

＝＝＝＝＝＝＝＝＝＝
＜労働条件の明示＞
■ 就業場所の変更の範囲
変更なし（本求人の勤務地のみ）
■ 従事すべき業務の変更の範囲
変更なし（本求人の業務のみ）",,残業なし、交通費支給、即日勤務OK、昇給・昇格あり,2,任意,生年月日、性別、電話番号,entry@orium.co.jp,,,利用する,"preferred:
  keywords:
    professional: [一般事務, 事務補助, データ入力, 書類作成, ファイリング, 電話応対, 来客対応, 備品管理,
      郵便物対応, スケジュール管理, 伝票処理, 経費精算, 庶務, OA事務, 受付事務, パソコン入力]
",
募集中,オリアム株式会社,《未経験OK》一般事務スタッフ/出町柳,一般事務,9:00〜18:00の固定時間◎生活リズムを崩さないオフィスワーク♪,,京都府京都市左京区田中下柳町,,,正社員,いいえ,月給,250000,300000,範囲で表示,なし,,,,,,,固定時間制,160,,厚生年金、健康保険、雇用保険、労災保険,,なし,,,,,,,,,,,,,,,,,,"✦・━━━━━━━━━━━━━━━・✦
＼出町柳駅エリアで募集中／
9:00〜18:00・残業なしの一般事務◎
✦・━━━━━━━━━━━━━━━・✦

「接客や販売から、事務職に変わりたい」
「毎日同じ時間に帰れる仕事がいい」

一般事務は、9:00〜18:00の固定時間制。
残業なしで定時退社が基本なので、
生活のリズムを崩さずに働けます。

＝＝＝＝＝＝＝＝＝＝＝＝＝＝＝
【✧1日の流れ（一例）✧】

■ 9:00 出社
メールと郵便物を確認し、その日の予定を整理します。

■ 午前
データ入力や書類の作成を進めます。
電話がかかってきたら、担当者へ取り次ぎます。

■ 昼休憩（1時間）

■ 午後
書類のファイリング、備品の在庫確認・発注。
来客があればご案内します。

■ 18:00 退社
翌日の分を確認して、定時で退社します。

＝＝＝＝＝＝＝＝＝＝＝＝＝＝＝
【✨はじめての方へ✨】

✔ 経験・資格は必要ありません
✔ 最初はデータ入力など、決まった形式の作業から
✔ 分からないことは、その場で確認できます
✔ 服装・ネイル自由

＝＝＝＝＝＝＝＝＝＝＝＝＝＝＝
【✧待遇✧】

✅ 社会保険完備・交通費支給
✅ 昇給年1回・賞与年2回
✅ 資格取得支援制度あり

【勤務地】
京都府京都市左京区田中下柳町（出町柳駅から徒歩圏内）","✅【残業なし・定時退社が基本】9:00〜18:00の固定時間制。仕事終わりの予定が立てやすく、プライベートの時間を確保できます。
✅【未経験からスタート】最初はデータ入力など決まった形式の作業から。分からないことはその場で確認しながら、少しずつ担当を広げていけます。
✅【服装・ネイル自由】自分らしいスタイルで働けます。
✅【昇給年1回・賞与年2回】社会保険完備、交通費支給、住宅手当・家族手当・皆勤手当あり。
✅【面接1回・履歴書任意】まずは興味がある程度で構いません。お気軽にご応募ください。","【応募資格】
・未経験OK、職務経験不問
・学歴・資格不問

例外事由3号のイにより、長期キャリア形成を図るため、
39歳以下を募集しております。

★歓迎条件
・パソコンでの文字入力に慣れている方
・接客・販売など、人と接する仕事の経験がある方

▼こんな方におすすめ▼
・コツコツ正確に進める作業が好きな方
・残業なしで、生活のリズムを保って働きたい方
・人をサポートする仕事にやりがいを感じる方",・9:00~18:00（休憩1時間を含む）,"* *完全週休2日制（土日祝休み）*: カレンダー通りに休みたい人向け。友人との予定合わせや、フェス・イベント参加に最適。
* *年間休日120日以上*: 大手企業の倉庫や工場に多いパターン。「仕事のために生きてるわけじゃない」という層に刺さる数字。",,出町柳駅から徒歩圏内！！,"・昇給年1回、賞与年2回
・住宅手当
・通勤手当
・家族手当
・皆勤手当","・交通費支給
・社会保険完備
・昇給・賞与（ボーナス）あり
・資格取得支援制度
・健康診断・インフルエンザ予防接種
・服装・ネイル自由","【選考について】
最短面接1回で内定です。
まずは興味がある程度で構いません。
お気軽にご応募ください。

＜選考の手順＞
【1】応募（履歴書は任意）
【2】面接（1回）
【3】内定

＝＝＝＝＝＝＝＝＝＝
＜労働条件の明示＞
■ 就業場所の変更の範囲
変更なし（本求人の勤務地のみ）
■ 従事すべき業務の変更の範囲
変更なし（本求人の業務のみ）",,残業なし、交通費支給、即日勤務OK、昇給・昇格あり,2,任意,生年月日、性別、電話番号,entry@orium.co.jp,,,利用する,"preferred:
  keywords:
    professional: [一般事務, 事務補助, データ入力, 書類作成, ファイリング, 電話応対, 来客対応, 備品管理,
      郵便物対応, スケジュール管理, 伝票処理, 経費精算, 庶務, OA事務, 受付事務, パソコン入力]
",
募集中,オリアム株式会社,《未経験OK》データ入力・一般事務/高田馬場,一般事務,服装・ネイル自由◎自分らしく働ける一般事務スタッフ♪,,東京都新宿区高田馬場1-35-2,,,正社員,いいえ,月給,250000,300000,範囲で表示,なし,,,,,,,固定時間制,160,,厚生年金、健康保険、雇用保険、労災保険,,なし,,,,,,,,,,,,,,,,,,"✦・━━━━━━━━━━━━━━━・✦
＼高田馬場駅エリアで募集中／
まずはデータ入力から。一般事務スタッフ◎
✦・━━━━━━━━━━━━━━━・✦

事務の仕事は、覚えることが多そうに見えて
実際は「決まった手順を正確に繰り返す」ことが中心です。

はじめはデータ入力から。
慣れてきたら、書類作成や電話対応へと
少しずつ担当を広げていきます。

＝＝＝＝＝＝＝＝＝＝＝＝＝＝＝
【✧担当する業務✧】

■ データ入力：決まった形式に数字や文字を入力する
■ 書類作成：ひな形をもとに書類を作る
■ ファイリング：書類を種類ごとに整理・保管する
■ 電話・メール対応：用件を聞いて担当者へ取り次ぐ
■ 来客対応：お客様のご案内、お茶出し
■ 備品管理：文房具などの在庫確認と発注

どの業務も、手順は先輩に確認しながら進められます。
自分ひとりで判断しなければならない場面は多くありません。

＝＝＝＝＝＝＝＝＝＝＝＝＝＝＝
【✨はじめやすいポイント✨】

✔ 経験・資格は必要ありません
✔ 9:00〜18:00の固定時間制（休憩1時間）
✔ 残業なし・定時退社が基本
✔ 服装・ネイル自由
✔ 面接は1回、履歴書は任意

＝＝＝＝＝＝＝＝＝＝＝＝＝＝＝
【✧待遇✧】

✅ 社会保険完備・交通費支給
✅ 昇給年1回・賞与年2回
✅ 健康診断・インフルエンザ予防接種

「コツコツ正確に進める仕事が好き」
そんな方に向いています。

【勤務地】
東京都新宿区高田馬場1-35-2（高田馬場駅から徒歩圏内）","✅【残業なし・定時退社が基本】9:00〜18:00の固定時間制。仕事終わりの予定が立てやすく、プライベートの時間を確保できます。
✅【未経験からスタート】最初はデータ入力など決まった形式の作業から。分からないことはその場で確認しながら、少しずつ担当を広げていけます。
✅【服装・ネイル自由】自分らしいスタイルで働けます。
✅【昇給年1回・賞与年2回】社会保険完備、交通費支給、住宅手当・家族手当・皆勤手当あり。
✅【面接1回・履歴書任意】まずは興味がある程度で構いません。お気軽にご応募ください。","【応募資格】
・未経験OK、職務経験不問
・学歴・資格不問

例外事由3号のイにより、長期キャリア形成を図るため、
39歳以下を募集しております。

★歓迎条件
・パソコンでの文字入力に慣れている方
・接客・販売など、人と接する仕事の経験がある方

▼こんな方におすすめ▼
・コツコツ正確に進める作業が好きな方
・残業なしで、生活のリズムを保って働きたい方
・人をサポートする仕事にやりがいを感じる方",・9:00~18:00（休憩1時間を含む）,"* *完全週休2日制（土日祝休み）*: カレンダー通りに休みたい人向け。友人との予定合わせや、フェス・イベント参加に最適。
* *年間休日120日以上*: 大手企業の倉庫や工場に多いパターン。「仕事のために生きてるわけじゃない」という層に刺さる数字。",,高田馬場駅から徒歩圏内！！,"・昇給年1回、賞与年2回
・住宅手当
・通勤手当
・家族手当
・皆勤手当","・交通費支給
・社会保険完備
・昇給・賞与（ボーナス）あり
・資格取得支援制度
・健康診断・インフルエンザ予防接種
・服装・ネイル自由","【選考について】
最短面接1回で内定です。
まずは興味がある程度で構いません。
お気軽にご応募ください。

＜選考の手順＞
【1】応募（履歴書は任意）
【2】面接（1回）
【3】内定

＝＝＝＝＝＝＝＝＝＝
＜労働条件の明示＞
■ 就業場所の変更の範囲
変更なし（本求人の勤務地のみ）
■ 従事すべき業務の変更の範囲
変更なし（本求人の業務のみ）",,残業なし、交通費支給、即日勤務OK、昇給・昇格あり,2,任意,生年月日、性別、電話番号,entry@orium.co.jp,,,利用する,"preferred:
  keywords:
    professional: [一般事務, 事務補助, データ入力, 書類作成, ファイリング, 電話応対, 来客対応, 備品管理,
      郵便物対応, スケジュール管理, 伝票処理, 経費精算, 庶務, OA事務, 受付事務, パソコン入力]
",
募集中,オリアム株式会社,《未経験OK》一般事務/海老名,一般事務,面接1回・履歴書任意◎未経験から事務職をはじめませんか♪,,神奈川県海老名市めぐみ町1-1,,,正社員,いいえ,月給,250000,300000,範囲で表示,なし,,,,,,,固定時間制,160,,厚生年金、健康保険、雇用保険、労災保険,,なし,,,,,,,,,,,,,,,,,,"✦・━━━━━━━━━━━━━━━・✦
＼海老名駅エリアで一般事務を募集中／
未経験からはじめるオフィスワーク◎
✦・━━━━━━━━━━━━━━━・✦

「事務の仕事に興味はあるけど経験がない…」
「パソコンは文字入力くらいしかできない…」

そんな方も、ひとつずつ覚えていける環境です。
最初は決まった形式への入力からスタートします。

＝＝＝＝＝＝＝＝＝＝＝＝＝＝＝
【✨この職場の魅力✨】

✅ 残業なし・定時退社が基本
9:00〜18:00の固定時間制なので、
仕事終わりの予定も立てやすいです。

✅ 未経験からスタート
分からないことは、その場で確認しながら
少しずつできる範囲を広げていけます。

✅ 服装・ネイル自由
自分らしいスタイルで働けます。

＝＝＝＝＝＝＝＝＝＝＝＝＝＝＝
【✧お仕事内容✧】

■ データ入力
決まった形式に、数字や文字を入力します。

■ 書類の作成・ファイリング
書類を作成し、種類ごとに整理して保管します。

■ 電話・メール対応
問い合わせを受け、担当者へ取り次ぎます。

■ 来客対応
お客様をご案内し、お茶出しなどを行います。

■ 備品の管理・発注
文房具などの在庫を確認し、必要な分を注文します。

＝＝＝＝＝＝＝＝＝＝＝＝＝＝＝
【✨働きやすいポイント✨】

✔ 9:00〜18:00の固定時間制（休憩1時間）
✔ 残業なし・定時退社が基本
✔ 社会保険完備・交通費支給
✔ 昇給年1回・賞与年2回

「人をサポートする仕事がしたい」
「腰を据えてオフィスで働きたい」
そんな方をお待ちしています！

【勤務地】
神奈川県海老名市めぐみ町1-1（海老名駅から徒歩圏内）","✅【残業なし・定時退社が基本】9:00〜18:00の固定時間制。仕事終わりの予定が立てやすく、プライベートの時間を確保できます。
✅【未経験からスタート】最初はデータ入力など決まった形式の作業から。分からないことはその場で確認しながら、少しずつ担当を広げていけます。
✅【服装・ネイル自由】自分らしいスタイルで働けます。
✅【昇給年1回・賞与年2回】社会保険完備、交通費支給、住宅手当・家族手当・皆勤手当あり。
✅【面接1回・履歴書任意】まずは興味がある程度で構いません。お気軽にご応募ください。","【応募資格】
・未経験OK、職務経験不問
・学歴・資格不問

例外事由3号のイにより、長期キャリア形成を図るため、
39歳以下を募集しております。

★歓迎条件
・パソコンでの文字入力に慣れている方
・接客・販売など、人と接する仕事の経験がある方

▼こんな方におすすめ▼
・コツコツ正確に進める作業が好きな方
・残業なしで、生活のリズムを保って働きたい方
・人をサポートする仕事にやりがいを感じる方",・9:00~18:00（休憩1時間を含む）,"* *完全週休2日制（土日祝休み）*: カレンダー通りに休みたい人向け。友人との予定合わせや、フェス・イベント参加に最適。
* *年間休日120日以上*: 大手企業の倉庫や工場に多いパターン。「仕事のために生きてるわけじゃない」という層に刺さる数字。",,海老名駅から徒歩圏内！！,"・昇給年1回、賞与年2回
・住宅手当
・通勤手当
・家族手当
・皆勤手当","・交通費支給
・社会保険完備
・昇給・賞与（ボーナス）あり
・資格取得支援制度
・健康診断・インフルエンザ予防接種
・服装・ネイル自由","【選考について】
最短面接1回で内定です。
まずは興味がある程度で構いません。
お気軽にご応募ください。

＜選考の手順＞
【1】応募（履歴書は任意）
【2】面接（1回）
【3】内定

＝＝＝＝＝＝＝＝＝＝
＜労働条件の明示＞
■ 就業場所の変更の範囲
変更なし（本求人の勤務地のみ）
■ 従事すべき業務の変更の範囲
変更なし（本求人の業務のみ）",,残業なし、交通費支給、即日勤務OK、昇給・昇格あり,2,任意,生年月日、性別、電話番号,entry@orium.co.jp,,,利用する,"preferred:
  keywords:
    professional: [一般事務, 事務補助, データ入力, 書類作成, ファイリング, 電話応対, 来客対応, 備品管理,
      郵便物対応, スケジュール管理, 伝票処理, 経費精算, 庶務, OA事務, 受付事務, パソコン入力]
",
募集中,オリアム株式会社,《未経験OK》一般事務スタッフ/鶴橋,一般事務,未経験OK◎データ入力からはじめる一般事務♪,,大阪府大阪市天王寺区下味原町1-1,,,正社員,いいえ,月給,250000,300000,範囲で表示,なし,,,,,,,固定時間制,160,,厚生年金、健康保険、雇用保険、労災保険,,なし,,,,,,,,,,,,,,,,,,"✦・━━━━━━━━━━━━━━━・✦
＼鶴橋駅エリアで募集中／
9:00〜18:00・残業なしの一般事務◎
✦・━━━━━━━━━━━━━━━・✦

「接客や販売から、事務職に変わりたい」
「毎日同じ時間に帰れる仕事がいい」

一般事務は、9:00〜18:00の固定時間制。
残業なしで定時退社が基本なので、
生活のリズムを崩さずに働けます。

＝＝＝＝＝＝＝＝＝＝＝＝＝＝＝
【✧1日の流れ（一例）✧】

■ 9:00 出社
メールと郵便物を確認し、その日の予定を整理します。

■ 午前
データ入力や書類の作成を進めます。
電話がかかってきたら、担当者へ取り次ぎます。

■ 昼休憩（1時間）

■ 午後
書類のファイリング、備品の在庫確認・発注。
来客があればご案内します。

■ 18:00 退社
翌日の分を確認して、定時で退社します。

＝＝＝＝＝＝＝＝＝＝＝＝＝＝＝
【✨はじめての方へ✨】

✔ 経験・資格は必要ありません
✔ 最初はデータ入力など、決まった形式の作業から
✔ 分からないことは、その場で確認できます
✔ 服装・ネイル自由

＝＝＝＝＝＝＝＝＝＝＝＝＝＝＝
【✧待遇✧】

✅ 社会保険完備・交通費支給
✅ 昇給年1回・賞与年2回
✅ 資格取得支援制度あり

【勤務地】
大阪府大阪市天王寺区下味原町1-1（鶴橋駅から徒歩圏内）","✅【残業なし・定時退社が基本】9:00〜18:00の固定時間制。仕事終わりの予定が立てやすく、プライベートの時間を確保できます。
✅【未経験からスタート】最初はデータ入力など決まった形式の作業から。分からないことはその場で確認しながら、少しずつ担当を広げていけます。
✅【服装・ネイル自由】自分らしいスタイルで働けます。
✅【昇給年1回・賞与年2回】社会保険完備、交通費支給、住宅手当・家族手当・皆勤手当あり。
✅【面接1回・履歴書任意】まずは興味がある程度で構いません。お気軽にご応募ください。","【応募資格】
・未経験OK、職務経験不問
・学歴・資格不問

例外事由3号のイにより、長期キャリア形成を図るため、
39歳以下を募集しております。

★歓迎条件
・パソコンでの文字入力に慣れている方
・接客・販売など、人と接する仕事の経験がある方

▼こんな方におすすめ▼
・コツコツ正確に進める作業が好きな方
・残業なしで、生活のリズムを保って働きたい方
・人をサポートする仕事にやりがいを感じる方",・9:00~18:00（休憩1時間を含む）,"* *完全週休2日制（土日祝休み）*: カレンダー通りに休みたい人向け。友人との予定合わせや、フェス・イベント参加に最適。
* *年間休日120日以上*: 大手企業の倉庫や工場に多いパターン。「仕事のために生きてるわけじゃない」という層に刺さる数字。",,鶴橋駅から徒歩圏内！！,"・昇給年1回、賞与年2回
・住宅手当
・通勤手当
・家族手当
・皆勤手当","・交通費支給
・社会保険完備
・昇給・賞与（ボーナス）あり
・資格取得支援制度
・健康診断・インフルエンザ予防接種
・服装・ネイル自由","【選考について】
最短面接1回で内定です。
まずは興味がある程度で構いません。
お気軽にご応募ください。

＜選考の手順＞
【1】応募（履歴書は任意）
【2】面接（1回）
【3】内定

＝＝＝＝＝＝＝＝＝＝
＜労働条件の明示＞
■ 就業場所の変更の範囲
変更なし（本求人の勤務地のみ）
■ 従事すべき業務の変更の範囲
変更なし（本求人の業務のみ）",,残業なし、交通費支給、即日勤務OK、昇給・昇格あり,2,任意,生年月日、性別、電話番号,entry@orium.co.jp,,,利用する,"preferred:
  keywords:
    professional: [一般事務, 事務補助, データ入力, 書類作成, ファイリング, 電話応対, 来客対応, 備品管理,
      郵便物対応, スケジュール管理, 伝票処理, 経費精算, 庶務, OA事務, 受付事務, パソコン入力]
",
募集中,オリアム株式会社,《未経験OK》データ入力・一般事務/千種,一般事務,残業なし・定時退社が基本◎はじめての事務職デビュー♪,,愛知県名古屋市千種区内山3-33-8,,,正社員,いいえ,月給,250000,300000,範囲で表示,なし,,,,,,,固定時間制,160,,厚生年金、健康保険、雇用保険、労災保険,,なし,,,,,,,,,,,,,,,,,,"✦・━━━━━━━━━━━━━━━・✦
＼千種駅エリアで募集中／
まずはデータ入力から。一般事務スタッフ◎
✦・━━━━━━━━━━━━━━━・✦

事務の仕事は、覚えることが多そうに見えて
実際は「決まった手順を正確に繰り返す」ことが中心です。

はじめはデータ入力から。
慣れてきたら、書類作成や電話対応へと
少しずつ担当を広げていきます。

＝＝＝＝＝＝＝＝＝＝＝＝＝＝＝
【✧担当する業務✧】

■ データ入力：決まった形式に数字や文字を入力する
■ 書類作成：ひな形をもとに書類を作る
■ ファイリング：書類を種類ごとに整理・保管する
■ 電話・メール対応：用件を聞いて担当者へ取り次ぐ
■ 来客対応：お客様のご案内、お茶出し
■ 備品管理：文房具などの在庫確認と発注

どの業務も、手順は先輩に確認しながら進められます。
自分ひとりで判断しなければならない場面は多くありません。

＝＝＝＝＝＝＝＝＝＝＝＝＝＝＝
【✨はじめやすいポイント✨】

✔ 経験・資格は必要ありません
✔ 9:00〜18:00の固定時間制（休憩1時間）
✔ 残業なし・定時退社が基本
✔ 服装・ネイル自由
✔ 面接は1回、履歴書は任意

＝＝＝＝＝＝＝＝＝＝＝＝＝＝＝
【✧待遇✧】

✅ 社会保険完備・交通費支給
✅ 昇給年1回・賞与年2回
✅ 健康診断・インフルエンザ予防接種

「コツコツ正確に進める仕事が好き」
そんな方に向いています。

【勤務地】
愛知県名古屋市千種区内山3-33-8（千種駅から徒歩圏内）","✅【残業なし・定時退社が基本】9:00〜18:00の固定時間制。仕事終わりの予定が立てやすく、プライベートの時間を確保できます。
✅【未経験からスタート】最初はデータ入力など決まった形式の作業から。分からないことはその場で確認しながら、少しずつ担当を広げていけます。
✅【服装・ネイル自由】自分らしいスタイルで働けます。
✅【昇給年1回・賞与年2回】社会保険完備、交通費支給、住宅手当・家族手当・皆勤手当あり。
✅【面接1回・履歴書任意】まずは興味がある程度で構いません。お気軽にご応募ください。","【応募資格】
・未経験OK、職務経験不問
・学歴・資格不問

例外事由3号のイにより、長期キャリア形成を図るため、
39歳以下を募集しております。

★歓迎条件
・パソコンでの文字入力に慣れている方
・接客・販売など、人と接する仕事の経験がある方

▼こんな方におすすめ▼
・コツコツ正確に進める作業が好きな方
・残業なしで、生活のリズムを保って働きたい方
・人をサポートする仕事にやりがいを感じる方",・9:00~18:00（休憩1時間を含む）,"* *完全週休2日制（土日祝休み）*: カレンダー通りに休みたい人向け。友人との予定合わせや、フェス・イベント参加に最適。
* *年間休日120日以上*: 大手企業の倉庫や工場に多いパターン。「仕事のために生きてるわけじゃない」という層に刺さる数字。",,千種駅から徒歩圏内！！,"・昇給年1回、賞与年2回
・住宅手当
・通勤手当
・家族手当
・皆勤手当","・交通費支給
・社会保険完備
・昇給・賞与（ボーナス）あり
・資格取得支援制度
・健康診断・インフルエンザ予防接種
・服装・ネイル自由","【選考について】
最短面接1回で内定です。
まずは興味がある程度で構いません。
お気軽にご応募ください。

＜選考の手順＞
【1】応募（履歴書は任意）
【2】面接（1回）
【3】内定

＝＝＝＝＝＝＝＝＝＝
＜労働条件の明示＞
■ 就業場所の変更の範囲
変更なし（本求人の勤務地のみ）
■ 従事すべき業務の変更の範囲
変更なし（本求人の業務のみ）",,残業なし、交通費支給、即日勤務OK、昇給・昇格あり,2,任意,生年月日、性別、電話番号,entry@orium.co.jp,,,利用する,"preferred:
  keywords:
    professional: [一般事務, 事務補助, データ入力, 書類作成, ファイリング, 電話応対, 来客対応, 備品管理,
      郵便物対応, スケジュール管理, 伝票処理, 経費精算, 庶務, OA事務, 受付事務, パソコン入力]
",
募集中,オリアム株式会社,《未経験OK》一般事務/新橋,一般事務,9:00〜18:00の固定時間◎生活リズムを崩さないオフィスワーク♪,,東京都港区新橋2-17,,,正社員,いいえ,月給,250000,300000,範囲で表示,なし,,,,,,,固定時間制,160,,厚生年金、健康保険、雇用保険、労災保険,,なし,,,,,,,,,,,,,,,,,,"✦・━━━━━━━━━━━━━━━・✦
＼新橋駅エリアで一般事務を募集中／
未経験からはじめるオフィスワーク◎
✦・━━━━━━━━━━━━━━━・✦

「事務の仕事に興味はあるけど経験がない…」
「パソコンは文字入力くらいしかできない…」

そんな方も、ひとつずつ覚えていける環境です。
最初は決まった形式への入力からスタートします。

＝＝＝＝＝＝＝＝＝＝＝＝＝＝＝
【✨この職場の魅力✨】

✅ 残業なし・定時退社が基本
9:00〜18:00の固定時間制なので、
仕事終わりの予定も立てやすいです。

✅ 未経験からスタート
分からないことは、その場で確認しながら
少しずつできる範囲を広げていけます。

✅ 服装・ネイル自由
自分らしいスタイルで働けます。

＝＝＝＝＝＝＝＝＝＝＝＝＝＝＝
【✧お仕事内容✧】

■ データ入力
決まった形式に、数字や文字を入力します。

■ 書類の作成・ファイリング
書類を作成し、種類ごとに整理して保管します。

■ 電話・メール対応
問い合わせを受け、担当者へ取り次ぎます。

■ 来客対応
お客様をご案内し、お茶出しなどを行います。

■ 備品の管理・発注
文房具などの在庫を確認し、必要な分を注文します。

＝＝＝＝＝＝＝＝＝＝＝＝＝＝＝
【✨働きやすいポイント✨】

✔ 9:00〜18:00の固定時間制（休憩1時間）
✔ 残業なし・定時退社が基本
✔ 社会保険完備・交通費支給
✔ 昇給年1回・賞与年2回

「人をサポートする仕事がしたい」
「腰を据えてオフィスで働きたい」
そんな方をお待ちしています！

【勤務地】
東京都港区新橋2-17（新橋駅から徒歩圏内）","✅【残業なし・定時退社が基本】9:00〜18:00の固定時間制。仕事終わりの予定が立てやすく、プライベートの時間を確保できます。
✅【未経験からスタート】最初はデータ入力など決まった形式の作業から。分からないことはその場で確認しながら、少しずつ担当を広げていけます。
✅【服装・ネイル自由】自分らしいスタイルで働けます。
✅【昇給年1回・賞与年2回】社会保険完備、交通費支給、住宅手当・家族手当・皆勤手当あり。
✅【面接1回・履歴書任意】まずは興味がある程度で構いません。お気軽にご応募ください。","【応募資格】
・未経験OK、職務経験不問
・学歴・資格不問

例外事由3号のイにより、長期キャリア形成を図るため、
39歳以下を募集しております。

★歓迎条件
・パソコンでの文字入力に慣れている方
・接客・販売など、人と接する仕事の経験がある方

▼こんな方におすすめ▼
・コツコツ正確に進める作業が好きな方
・残業なしで、生活のリズムを保って働きたい方
・人をサポートする仕事にやりがいを感じる方",・9:00~18:00（休憩1時間を含む）,"* *完全週休2日制（土日祝休み）*: カレンダー通りに休みたい人向け。友人との予定合わせや、フェス・イベント参加に最適。
* *年間休日120日以上*: 大手企業の倉庫や工場に多いパターン。「仕事のために生きてるわけじゃない」という層に刺さる数字。",,新橋駅から徒歩圏内！！,"・昇給年1回、賞与年2回
・住宅手当
・通勤手当
・家族手当
・皆勤手当","・交通費支給
・社会保険完備
・昇給・賞与（ボーナス）あり
・資格取得支援制度
・健康診断・インフルエンザ予防接種
・服装・ネイル自由","【選考について】
最短面接1回で内定です。
まずは興味がある程度で構いません。
お気軽にご応募ください。

＜選考の手順＞
【1】応募（履歴書は任意）
【2】面接（1回）
【3】内定

＝＝＝＝＝＝＝＝＝＝
＜労働条件の明示＞
■ 就業場所の変更の範囲
変更なし（本求人の勤務地のみ）
■ 従事すべき業務の変更の範囲
変更なし（本求人の業務のみ）",,残業なし、交通費支給、即日勤務OK、昇給・昇格あり,2,任意,生年月日、性別、電話番号,entry@orium.co.jp,,,利用する,"preferred:
  keywords:
    professional: [一般事務, 事務補助, データ入力, 書類作成, ファイリング, 電話応対, 来客対応, 備品管理,
      郵便物対応, スケジュール管理, 伝票処理, 経費精算, 庶務, OA事務, 受付事務, パソコン入力]
",
募集中,オリアム株式会社,《未経験OK》一般事務スタッフ/戸塚,一般事務,服装・ネイル自由◎自分らしく働ける一般事務スタッフ♪,,神奈川県横浜市戸塚区戸塚町,,,正社員,いいえ,月給,250000,300000,範囲で表示,なし,,,,,,,固定時間制,160,,厚生年金、健康保険、雇用保険、労災保険,,なし,,,,,,,,,,,,,,,,,,"✦・━━━━━━━━━━━━━━━・✦
＼戸塚駅エリアで募集中／
9:00〜18:00・残業なしの一般事務◎
✦・━━━━━━━━━━━━━━━・✦

「接客や販売から、事務職に変わりたい」
「毎日同じ時間に帰れる仕事がいい」

一般事務は、9:00〜18:00の固定時間制。
残業なしで定時退社が基本なので、
生活のリズムを崩さずに働けます。

＝＝＝＝＝＝＝＝＝＝＝＝＝＝＝
【✧1日の流れ（一例）✧】

■ 9:00 出社
メールと郵便物を確認し、その日の予定を整理します。

■ 午前
データ入力や書類の作成を進めます。
電話がかかってきたら、担当者へ取り次ぎます。

■ 昼休憩（1時間）

■ 午後
書類のファイリング、備品の在庫確認・発注。
来客があればご案内します。

■ 18:00 退社
翌日の分を確認して、定時で退社します。

＝＝＝＝＝＝＝＝＝＝＝＝＝＝＝
【✨はじめての方へ✨】

✔ 経験・資格は必要ありません
✔ 最初はデータ入力など、決まった形式の作業から
✔ 分からないことは、その場で確認できます
✔ 服装・ネイル自由

＝＝＝＝＝＝＝＝＝＝＝＝＝＝＝
【✧待遇✧】

✅ 社会保険完備・交通費支給
✅ 昇給年1回・賞与年2回
✅ 資格取得支援制度あり

【勤務地】
神奈川県横浜市戸塚区戸塚町（戸塚駅から徒歩圏内）","✅【残業なし・定時退社が基本】9:00〜18:00の固定時間制。仕事終わりの予定が立てやすく、プライベートの時間を確保できます。
✅【未経験からスタート】最初はデータ入力など決まった形式の作業から。分からないことはその場で確認しながら、少しずつ担当を広げていけます。
✅【服装・ネイル自由】自分らしいスタイルで働けます。
✅【昇給年1回・賞与年2回】社会保険完備、交通費支給、住宅手当・家族手当・皆勤手当あり。
✅【面接1回・履歴書任意】まずは興味がある程度で構いません。お気軽にご応募ください。","【応募資格】
・未経験OK、職務経験不問
・学歴・資格不問

例外事由3号のイにより、長期キャリア形成を図るため、
39歳以下を募集しております。

★歓迎条件
・パソコンでの文字入力に慣れている方
・接客・販売など、人と接する仕事の経験がある方

▼こんな方におすすめ▼
・コツコツ正確に進める作業が好きな方
・残業なしで、生活のリズムを保って働きたい方
・人をサポートする仕事にやりがいを感じる方",・9:00~18:00（休憩1時間を含む）,"* *完全週休2日制（土日祝休み）*: カレンダー通りに休みたい人向け。友人との予定合わせや、フェス・イベント参加に最適。
* *年間休日120日以上*: 大手企業の倉庫や工場に多いパターン。「仕事のために生きてるわけじゃない」という層に刺さる数字。",,戸塚駅から徒歩圏内！！,"・昇給年1回、賞与年2回
・住宅手当
・通勤手当
・家族手当
・皆勤手当","・交通費支給
・社会保険完備
・昇給・賞与（ボーナス）あり
・資格取得支援制度
・健康診断・インフルエンザ予防接種
・服装・ネイル自由","【選考について】
最短面接1回で内定です。
まずは興味がある程度で構いません。
お気軽にご応募ください。

＜選考の手順＞
【1】応募（履歴書は任意）
【2】面接（1回）
【3】内定

＝＝＝＝＝＝＝＝＝＝
＜労働条件の明示＞
■ 就業場所の変更の範囲
変更なし（本求人の勤務地のみ）
■ 従事すべき業務の変更の範囲
変更なし（本求人の業務のみ）",,残業なし、交通費支給、即日勤務OK、昇給・昇格あり,2,任意,生年月日、性別、電話番号,entry@orium.co.jp,,,利用する,"preferred:
  keywords:
    professional: [一般事務, 事務補助, データ入力, 書類作成, ファイリング, 電話応対, 来客対応, 備品管理,
      郵便物対応, スケジュール管理, 伝票処理, 経費精算, 庶務, OA事務, 受付事務, パソコン入力]
",
募集中,オリアム株式会社,《未経験OK》データ入力・一般事務/烏丸御池,一般事務,面接1回・履歴書任意◎未経験から事務職をはじめませんか♪,,京都府京都市中京区虎屋町,,,正社員,いいえ,月給,250000,300000,範囲で表示,なし,,,,,,,固定時間制,160,,厚生年金、健康保険、雇用保険、労災保険,,なし,,,,,,,,,,,,,,,,,,"✦・━━━━━━━━━━━━━━━・✦
＼烏丸御池駅エリアで募集中／
まずはデータ入力から。一般事務スタッフ◎
✦・━━━━━━━━━━━━━━━・✦

事務の仕事は、覚えることが多そうに見えて
実際は「決まった手順を正確に繰り返す」ことが中心です。

はじめはデータ入力から。
慣れてきたら、書類作成や電話対応へと
少しずつ担当を広げていきます。

＝＝＝＝＝＝＝＝＝＝＝＝＝＝＝
【✧担当する業務✧】

■ データ入力：決まった形式に数字や文字を入力する
■ 書類作成：ひな形をもとに書類を作る
■ ファイリング：書類を種類ごとに整理・保管する
■ 電話・メール対応：用件を聞いて担当者へ取り次ぐ
■ 来客対応：お客様のご案内、お茶出し
■ 備品管理：文房具などの在庫確認と発注

どの業務も、手順は先輩に確認しながら進められます。
自分ひとりで判断しなければならない場面は多くありません。

＝＝＝＝＝＝＝＝＝＝＝＝＝＝＝
【✨はじめやすいポイント✨】

✔ 経験・資格は必要ありません
✔ 9:00〜18:00の固定時間制（休憩1時間）
✔ 残業なし・定時退社が基本
✔ 服装・ネイル自由
✔ 面接は1回、履歴書は任意

＝＝＝＝＝＝＝＝＝＝＝＝＝＝＝
【✧待遇✧】

✅ 社会保険完備・交通費支給
✅ 昇給年1回・賞与年2回
✅ 健康診断・インフルエンザ予防接種

「コツコツ正確に進める仕事が好き」
そんな方に向いています。

【勤務地】
京都府京都市中京区虎屋町（烏丸御池駅から徒歩圏内）","✅【残業なし・定時退社が基本】9:00〜18:00の固定時間制。仕事終わりの予定が立てやすく、プライベートの時間を確保できます。
✅【未経験からスタート】最初はデータ入力など決まった形式の作業から。分からないことはその場で確認しながら、少しずつ担当を広げていけます。
✅【服装・ネイル自由】自分らしいスタイルで働けます。
✅【昇給年1回・賞与年2回】社会保険完備、交通費支給、住宅手当・家族手当・皆勤手当あり。
✅【面接1回・履歴書任意】まずは興味がある程度で構いません。お気軽にご応募ください。","【応募資格】
・未経験OK、職務経験不問
・学歴・資格不問

例外事由3号のイにより、長期キャリア形成を図るため、
39歳以下を募集しております。

★歓迎条件
・パソコンでの文字入力に慣れている方
・接客・販売など、人と接する仕事の経験がある方

▼こんな方におすすめ▼
・コツコツ正確に進める作業が好きな方
・残業なしで、生活のリズムを保って働きたい方
・人をサポートする仕事にやりがいを感じる方",・9:00~18:00（休憩1時間を含む）,"* *完全週休2日制（土日祝休み）*: カレンダー通りに休みたい人向け。友人との予定合わせや、フェス・イベント参加に最適。
* *年間休日120日以上*: 大手企業の倉庫や工場に多いパターン。「仕事のために生きてるわけじゃない」という層に刺さる数字。",,烏丸御池駅から徒歩圏内！！,"・昇給年1回、賞与年2回
・住宅手当
・通勤手当
・家族手当
・皆勤手当","・交通費支給
・社会保険完備
・昇給・賞与（ボーナス）あり
・資格取得支援制度
・健康診断・インフルエンザ予防接種
・服装・ネイル自由","【選考について】
最短面接1回で内定です。
まずは興味がある程度で構いません。
お気軽にご応募ください。

＜選考の手順＞
【1】応募（履歴書は任意）
【2】面接（1回）
【3】内定

＝＝＝＝＝＝＝＝＝＝
＜労働条件の明示＞
■ 就業場所の変更の範囲
変更なし（本求人の勤務地のみ）
■ 従事すべき業務の変更の範囲
変更なし（本求人の業務のみ）",,残業なし、交通費支給、即日勤務OK、昇給・昇格あり,2,任意,生年月日、性別、電話番号,entry@orium.co.jp,,,利用する,"preferred:
  keywords:
    professional: [一般事務, 事務補助, データ入力, 書類作成, ファイリング, 電話応対, 来客対応, 備品管理,
      郵便物対応, スケジュール管理, 伝票処理, 経費精算, 庶務, OA事務, 受付事務, パソコン入力]
",
募集中,オリアム株式会社,《未経験OK》一般事務/本山,一般事務,未経験OK◎データ入力からはじめる一般事務♪,,愛知県名古屋市千種区四谷通1-1,,,正社員,いいえ,月給,250000,300000,範囲で表示,なし,,,,,,,固定時間制,160,,厚生年金、健康保険、雇用保険、労災保険,,なし,,,,,,,,,,,,,,,,,,"✦・━━━━━━━━━━━━━━━・✦
＼本山駅エリアで一般事務を募集中／
未経験からはじめるオフィスワーク◎
✦・━━━━━━━━━━━━━━━・✦

「事務の仕事に興味はあるけど経験がない…」
「パソコンは文字入力くらいしかできない…」

そんな方も、ひとつずつ覚えていける環境です。
最初は決まった形式への入力からスタートします。

＝＝＝＝＝＝＝＝＝＝＝＝＝＝＝
【✨この職場の魅力✨】

✅ 残業なし・定時退社が基本
9:00〜18:00の固定時間制なので、
仕事終わりの予定も立てやすいです。

✅ 未経験からスタート
分からないことは、その場で確認しながら
少しずつできる範囲を広げていけます。

✅ 服装・ネイル自由
自分らしいスタイルで働けます。

＝＝＝＝＝＝＝＝＝＝＝＝＝＝＝
【✧お仕事内容✧】

■ データ入力
決まった形式に、数字や文字を入力します。

■ 書類の作成・ファイリング
書類を作成し、種類ごとに整理して保管します。

■ 電話・メール対応
問い合わせを受け、担当者へ取り次ぎます。

■ 来客対応
お客様をご案内し、お茶出しなどを行います。

■ 備品の管理・発注
文房具などの在庫を確認し、必要な分を注文します。

＝＝＝＝＝＝＝＝＝＝＝＝＝＝＝
【✨働きやすいポイント✨】

✔ 9:00〜18:00の固定時間制（休憩1時間）
✔ 残業なし・定時退社が基本
✔ 社会保険完備・交通費支給
✔ 昇給年1回・賞与年2回

「人をサポートする仕事がしたい」
「腰を据えてオフィスで働きたい」
そんな方をお待ちしています！

【勤務地】
愛知県名古屋市千種区四谷通1-1（本山駅から徒歩圏内）","✅【残業なし・定時退社が基本】9:00〜18:00の固定時間制。仕事終わりの予定が立てやすく、プライベートの時間を確保できます。
✅【未経験からスタート】最初はデータ入力など決まった形式の作業から。分からないことはその場で確認しながら、少しずつ担当を広げていけます。
✅【服装・ネイル自由】自分らしいスタイルで働けます。
✅【昇給年1回・賞与年2回】社会保険完備、交通費支給、住宅手当・家族手当・皆勤手当あり。
✅【面接1回・履歴書任意】まずは興味がある程度で構いません。お気軽にご応募ください。","【応募資格】
・未経験OK、職務経験不問
・学歴・資格不問

例外事由3号のイにより、長期キャリア形成を図るため、
39歳以下を募集しております。

★歓迎条件
・パソコンでの文字入力に慣れている方
・接客・販売など、人と接する仕事の経験がある方

▼こんな方におすすめ▼
・コツコツ正確に進める作業が好きな方
・残業なしで、生活のリズムを保って働きたい方
・人をサポートする仕事にやりがいを感じる方",・9:00~18:00（休憩1時間を含む）,"* *完全週休2日制（土日祝休み）*: カレンダー通りに休みたい人向け。友人との予定合わせや、フェス・イベント参加に最適。
* *年間休日120日以上*: 大手企業の倉庫や工場に多いパターン。「仕事のために生きてるわけじゃない」という層に刺さる数字。",,本山駅から徒歩圏内！！,"・昇給年1回、賞与年2回
・住宅手当
・通勤手当
・家族手当
・皆勤手当","・交通費支給
・社会保険完備
・昇給・賞与（ボーナス）あり
・資格取得支援制度
・健康診断・インフルエンザ予防接種
・服装・ネイル自由","【選考について】
最短面接1回で内定です。
まずは興味がある程度で構いません。
お気軽にご応募ください。

＜選考の手順＞
【1】応募（履歴書は任意）
【2】面接（1回）
【3】内定

＝＝＝＝＝＝＝＝＝＝
＜労働条件の明示＞
■ 就業場所の変更の範囲
変更なし（本求人の勤務地のみ）
■ 従事すべき業務の変更の範囲
変更なし（本求人の業務のみ）",,残業なし、交通費支給、即日勤務OK、昇給・昇格あり,2,任意,生年月日、性別、電話番号,entry@orium.co.jp,,,利用する,"preferred:
  keywords:
    professional: [一般事務, 事務補助, データ入力, 書類作成, ファイリング, 電話応対, 来客対応, 備品管理,
      郵便物対応, スケジュール管理, 伝票処理, 経費精算, 庶務, OA事務, 受付事務, パソコン入力]
",
募集中,オリアム株式会社,《未経験OK》一般事務スタッフ/品川,一般事務,残業なし・定時退社が基本◎はじめての事務職デビュー♪,,東京都港区高輪3-26-27,,,正社員,いいえ,月給,250000,300000,範囲で表示,なし,,,,,,,固定時間制,160,,厚生年金、健康保険、雇用保険、労災保険,,なし,,,,,,,,,,,,,,,,,,"✦・━━━━━━━━━━━━━━━・✦
＼品川駅エリアで募集中／
9:00〜18:00・残業なしの一般事務◎
✦・━━━━━━━━━━━━━━━・✦

「接客や販売から、事務職に変わりたい」
「毎日同じ時間に帰れる仕事がいい」

一般事務は、9:00〜18:00の固定時間制。
残業なしで定時退社が基本なので、
生活のリズムを崩さずに働けます。

＝＝＝＝＝＝＝＝＝＝＝＝＝＝＝
【✧1日の流れ（一例）✧】

■ 9:00 出社
メールと郵便物を確認し、その日の予定を整理します。

■ 午前
データ入力や書類の作成を進めます。
電話がかかってきたら、担当者へ取り次ぎます。

■ 昼休憩（1時間）

■ 午後
書類のファイリング、備品の在庫確認・発注。
来客があればご案内します。

■ 18:00 退社
翌日の分を確認して、定時で退社します。

＝＝＝＝＝＝＝＝＝＝＝＝＝＝＝
【✨はじめての方へ✨】

✔ 経験・資格は必要ありません
✔ 最初はデータ入力など、決まった形式の作業から
✔ 分からないことは、その場で確認できます
✔ 服装・ネイル自由

＝＝＝＝＝＝＝＝＝＝＝＝＝＝＝
【✧待遇✧】

✅ 社会保険完備・交通費支給
✅ 昇給年1回・賞与年2回
✅ 資格取得支援制度あり

【勤務地】
東京都港区高輪3-26-27（品川駅から徒歩圏内）","✅【残業なし・定時退社が基本】9:00〜18:00の固定時間制。仕事終わりの予定が立てやすく、プライベートの時間を確保できます。
✅【未経験からスタート】最初はデータ入力など決まった形式の作業から。分からないことはその場で確認しながら、少しずつ担当を広げていけます。
✅【服装・ネイル自由】自分らしいスタイルで働けます。
✅【昇給年1回・賞与年2回】社会保険完備、交通費支給、住宅手当・家族手当・皆勤手当あり。
✅【面接1回・履歴書任意】まずは興味がある程度で構いません。お気軽にご応募ください。","【応募資格】
・未経験OK、職務経験不問
・学歴・資格不問

例外事由3号のイにより、長期キャリア形成を図るため、
39歳以下を募集しております。

★歓迎条件
・パソコンでの文字入力に慣れている方
・接客・販売など、人と接する仕事の経験がある方

▼こんな方におすすめ▼
・コツコツ正確に進める作業が好きな方
・残業なしで、生活のリズムを保って働きたい方
・人をサポートする仕事にやりがいを感じる方",・9:00~18:00（休憩1時間を含む）,"* *完全週休2日制（土日祝休み）*: カレンダー通りに休みたい人向け。友人との予定合わせや、フェス・イベント参加に最適。
* *年間休日120日以上*: 大手企業の倉庫や工場に多いパターン。「仕事のために生きてるわけじゃない」という層に刺さる数字。",,品川駅から徒歩圏内！！,"・昇給年1回、賞与年2回
・住宅手当
・通勤手当
・家族手当
・皆勤手当","・交通費支給
・社会保険完備
・昇給・賞与（ボーナス）あり
・資格取得支援制度
・健康診断・インフルエンザ予防接種
・服装・ネイル自由","【選考について】
最短面接1回で内定です。
まずは興味がある程度で構いません。
お気軽にご応募ください。

＜選考の手順＞
【1】応募（履歴書は任意）
【2】面接（1回）
【3】内定

＝＝＝＝＝＝＝＝＝＝
＜労働条件の明示＞
■ 就業場所の変更の範囲
変更なし（本求人の勤務地のみ）
■ 従事すべき業務の変更の範囲
変更なし（本求人の業務のみ）",,残業なし、交通費支給、即日勤務OK、昇給・昇格あり,2,任意,生年月日、性別、電話番号,entry@orium.co.jp,,,利用する,"preferred:
  keywords:
    professional: [一般事務, 事務補助, データ入力, 書類作成, ファイリング, 電話応対, 来客対応, 備品管理,
      郵便物対応, スケジュール管理, 伝票処理, 経費精算, 庶務, OA事務, 受付事務, パソコン入力]
",
募集中,オリアム株式会社,《未経験OK》データ入力・一般事務/登戸,一般事務,9:00〜18:00の固定時間◎生活リズムを崩さないオフィスワーク♪,,神奈川県川崎市多摩区登戸3435,,,正社員,いいえ,月給,250000,300000,範囲で表示,なし,,,,,,,固定時間制,160,,厚生年金、健康保険、雇用保険、労災保険,,なし,,,,,,,,,,,,,,,,,,"✦・━━━━━━━━━━━━━━━・✦
＼登戸駅エリアで募集中／
まずはデータ入力から。一般事務スタッフ◎
✦・━━━━━━━━━━━━━━━・✦

事務の仕事は、覚えることが多そうに見えて
実際は「決まった手順を正確に繰り返す」ことが中心です。

はじめはデータ入力から。
慣れてきたら、書類作成や電話対応へと
少しずつ担当を広げていきます。

＝＝＝＝＝＝＝＝＝＝＝＝＝＝＝
【✧担当する業務✧】

■ データ入力：決まった形式に数字や文字を入力する
■ 書類作成：ひな形をもとに書類を作る
■ ファイリング：書類を種類ごとに整理・保管する
■ 電話・メール対応：用件を聞いて担当者へ取り次ぐ
■ 来客対応：お客様のご案内、お茶出し
■ 備品管理：文房具などの在庫確認と発注

どの業務も、手順は先輩に確認しながら進められます。
自分ひとりで判断しなければならない場面は多くありません。

＝＝＝＝＝＝＝＝＝＝＝＝＝＝＝
【✨はじめやすいポイント✨】

✔ 経験・資格は必要ありません
✔ 9:00〜18:00の固定時間制（休憩1時間）
✔ 残業なし・定時退社が基本
✔ 服装・ネイル自由
✔ 面接は1回、履歴書は任意

＝＝＝＝＝＝＝＝＝＝＝＝＝＝＝
【✧待遇✧】

✅ 社会保険完備・交通費支給
✅ 昇給年1回・賞与年2回
✅ 健康診断・インフルエンザ予防接種

「コツコツ正確に進める仕事が好き」
そんな方に向いています。

【勤務地】
神奈川県川崎市多摩区登戸3435（登戸駅から徒歩圏内）","✅【残業なし・定時退社が基本】9:00〜18:00の固定時間制。仕事終わりの予定が立てやすく、プライベートの時間を確保できます。
✅【未経験からスタート】最初はデータ入力など決まった形式の作業から。分からないことはその場で確認しながら、少しずつ担当を広げていけます。
✅【服装・ネイル自由】自分らしいスタイルで働けます。
✅【昇給年1回・賞与年2回】社会保険完備、交通費支給、住宅手当・家族手当・皆勤手当あり。
✅【面接1回・履歴書任意】まずは興味がある程度で構いません。お気軽にご応募ください。","【応募資格】
・未経験OK、職務経験不問
・学歴・資格不問

例外事由3号のイにより、長期キャリア形成を図るため、
39歳以下を募集しております。

★歓迎条件
・パソコンでの文字入力に慣れている方
・接客・販売など、人と接する仕事の経験がある方

▼こんな方におすすめ▼
・コツコツ正確に進める作業が好きな方
・残業なしで、生活のリズムを保って働きたい方
・人をサポートする仕事にやりがいを感じる方",・9:00~18:00（休憩1時間を含む）,"* *完全週休2日制（土日祝休み）*: カレンダー通りに休みたい人向け。友人との予定合わせや、フェス・イベント参加に最適。
* *年間休日120日以上*: 大手企業の倉庫や工場に多いパターン。「仕事のために生きてるわけじゃない」という層に刺さる数字。",,登戸駅から徒歩圏内！！,"・昇給年1回、賞与年2回
・住宅手当
・通勤手当
・家族手当
・皆勤手当","・交通費支給
・社会保険完備
・昇給・賞与（ボーナス）あり
・資格取得支援制度
・健康診断・インフルエンザ予防接種
・服装・ネイル自由","【選考について】
最短面接1回で内定です。
まずは興味がある程度で構いません。
お気軽にご応募ください。

＜選考の手順＞
【1】応募（履歴書は任意）
【2】面接（1回）
【3】内定

＝＝＝＝＝＝＝＝＝＝
＜労働条件の明示＞
■ 就業場所の変更の範囲
変更なし（本求人の勤務地のみ）
■ 従事すべき業務の変更の範囲
変更なし（本求人の業務のみ）",,残業なし、交通費支給、即日勤務OK、昇給・昇格あり,2,任意,生年月日、性別、電話番号,entry@orium.co.jp,,,利用する,"preferred:
  keywords:
    professional: [一般事務, 事務補助, データ入力, 書類作成, ファイリング, 電話応対, 来客対応, 備品管理,
      郵便物対応, スケジュール管理, 伝票処理, 経費精算, 庶務, OA事務, 受付事務, パソコン入力]
",
募集中,オリアム株式会社,《未経験OK》一般事務/京都河原町,一般事務,服装・ネイル自由◎自分らしく働ける一般事務スタッフ♪,,京都府京都市下京区四条通河原町真町,,,正社員,いいえ,月給,250000,300000,範囲で表示,なし,,,,,,,固定時間制,160,,厚生年金、健康保険、雇用保険、労災保険,,なし,,,,,,,,,,,,,,,,,,"✦・━━━━━━━━━━━━━━━・✦
＼京都河原町駅エリアで一般事務を募集中／
未経験からはじめるオフィスワーク◎
✦・━━━━━━━━━━━━━━━・✦

「事務の仕事に興味はあるけど経験がない…」
「パソコンは文字入力くらいしかできない…」

そんな方も、ひとつずつ覚えていける環境です。
最初は決まった形式への入力からスタートします。

＝＝＝＝＝＝＝＝＝＝＝＝＝＝＝
【✨この職場の魅力✨】

✅ 残業なし・定時退社が基本
9:00〜18:00の固定時間制なので、
仕事終わりの予定も立てやすいです。

✅ 未経験からスタート
分からないことは、その場で確認しながら
少しずつできる範囲を広げていけます。

✅ 服装・ネイル自由
自分らしいスタイルで働けます。

＝＝＝＝＝＝＝＝＝＝＝＝＝＝＝
【✧お仕事内容✧】

■ データ入力
決まった形式に、数字や文字を入力します。

■ 書類の作成・ファイリング
書類を作成し、種類ごとに整理して保管します。

■ 電話・メール対応
問い合わせを受け、担当者へ取り次ぎます。

■ 来客対応
お客様をご案内し、お茶出しなどを行います。

■ 備品の管理・発注
文房具などの在庫を確認し、必要な分を注文します。

＝＝＝＝＝＝＝＝＝＝＝＝＝＝＝
【✨働きやすいポイント✨】

✔ 9:00〜18:00の固定時間制（休憩1時間）
✔ 残業なし・定時退社が基本
✔ 社会保険完備・交通費支給
✔ 昇給年1回・賞与年2回

「人をサポートする仕事がしたい」
「腰を据えてオフィスで働きたい」
そんな方をお待ちしています！

【勤務地】
京都府京都市下京区四条通河原町真町（京都河原町駅から徒歩圏内）","✅【残業なし・定時退社が基本】9:00〜18:00の固定時間制。仕事終わりの予定が立てやすく、プライベートの時間を確保できます。
✅【未経験からスタート】最初はデータ入力など決まった形式の作業から。分からないことはその場で確認しながら、少しずつ担当を広げていけます。
✅【服装・ネイル自由】自分らしいスタイルで働けます。
✅【昇給年1回・賞与年2回】社会保険完備、交通費支給、住宅手当・家族手当・皆勤手当あり。
✅【面接1回・履歴書任意】まずは興味がある程度で構いません。お気軽にご応募ください。","【応募資格】
・未経験OK、職務経験不問
・学歴・資格不問

例外事由3号のイにより、長期キャリア形成を図るため、
39歳以下を募集しております。

★歓迎条件
・パソコンでの文字入力に慣れている方
・接客・販売など、人と接する仕事の経験がある方

▼こんな方におすすめ▼
・コツコツ正確に進める作業が好きな方
・残業なしで、生活のリズムを保って働きたい方
・人をサポートする仕事にやりがいを感じる方",・9:00~18:00（休憩1時間を含む）,"* *完全週休2日制（土日祝休み）*: カレンダー通りに休みたい人向け。友人との予定合わせや、フェス・イベント参加に最適。
* *年間休日120日以上*: 大手企業の倉庫や工場に多いパターン。「仕事のために生きてるわけじゃない」という層に刺さる数字。",,京都河原町駅から徒歩圏内！！,"・昇給年1回、賞与年2回
・住宅手当
・通勤手当
・家族手当
・皆勤手当","・交通費支給
・社会保険完備
・昇給・賞与（ボーナス）あり
・資格取得支援制度
・健康診断・インフルエンザ予防接種
・服装・ネイル自由","【選考について】
最短面接1回で内定です。
まずは興味がある程度で構いません。
お気軽にご応募ください。

＜選考の手順＞
【1】応募（履歴書は任意）
【2】面接（1回）
【3】内定

＝＝＝＝＝＝＝＝＝＝
＜労働条件の明示＞
■ 就業場所の変更の範囲
変更なし（本求人の勤務地のみ）
■ 従事すべき業務の変更の範囲
変更なし（本求人の業務のみ）",,残業なし、交通費支給、即日勤務OK、昇給・昇格あり,2,任意,生年月日、性別、電話番号,entry@orium.co.jp,,,利用する,"preferred:
  keywords:
    professional: [一般事務, 事務補助, データ入力, 書類作成, ファイリング, 電話応対, 来客対応, 備品管理,
      郵便物対応, スケジュール管理, 伝票処理, 経費精算, 庶務, OA事務, 受付事務, パソコン入力]
",
募集中,オリアム株式会社,《未経験OK》一般事務スタッフ/京橋,一般事務,面接1回・履歴書任意◎未経験から事務職をはじめませんか♪,,大阪府大阪市都島区東野田町2-1-38,,,正社員,いいえ,月給,250000,300000,範囲で表示,なし,,,,,,,固定時間制,160,,厚生年金、健康保険、雇用保険、労災保険,,なし,,,,,,,,,,,,,,,,,,"✦・━━━━━━━━━━━━━━━・✦
＼京橋駅エリアで募集中／
9:00〜18:00・残業なしの一般事務◎
✦・━━━━━━━━━━━━━━━・✦

「接客や販売から、事務職に変わりたい」
「毎日同じ時間に帰れる仕事がいい」

一般事務は、9:00〜18:00の固定時間制。
残業なしで定時退社が基本なので、
生活のリズムを崩さずに働けます。

＝＝＝＝＝＝＝＝＝＝＝＝＝＝＝
【✧1日の流れ（一例）✧】

■ 9:00 出社
メールと郵便物を確認し、その日の予定を整理します。

■ 午前
データ入力や書類の作成を進めます。
電話がかかってきたら、担当者へ取り次ぎます。

■ 昼休憩（1時間）

■ 午後
書類のファイリング、備品の在庫確認・発注。
来客があればご案内します。

■ 18:00 退社
翌日の分を確認して、定時で退社します。

＝＝＝＝＝＝＝＝＝＝＝＝＝＝＝
【✨はじめての方へ✨】

✔ 経験・資格は必要ありません
✔ 最初はデータ入力など、決まった形式の作業から
✔ 分からないことは、その場で確認できます
✔ 服装・ネイル自由

＝＝＝＝＝＝＝＝＝＝＝＝＝＝＝
【✧待遇✧】

✅ 社会保険完備・交通費支給
✅ 昇給年1回・賞与年2回
✅ 資格取得支援制度あり

【勤務地】
大阪府大阪市都島区東野田町2-1-38（京橋駅から徒歩圏内）","✅【残業なし・定時退社が基本】9:00〜18:00の固定時間制。仕事終わりの予定が立てやすく、プライベートの時間を確保できます。
✅【未経験からスタート】最初はデータ入力など決まった形式の作業から。分からないことはその場で確認しながら、少しずつ担当を広げていけます。
✅【服装・ネイル自由】自分らしいスタイルで働けます。
✅【昇給年1回・賞与年2回】社会保険完備、交通費支給、住宅手当・家族手当・皆勤手当あり。
✅【面接1回・履歴書任意】まずは興味がある程度で構いません。お気軽にご応募ください。","【応募資格】
・未経験OK、職務経験不問
・学歴・資格不問

例外事由3号のイにより、長期キャリア形成を図るため、
39歳以下を募集しております。

★歓迎条件
・パソコンでの文字入力に慣れている方
・接客・販売など、人と接する仕事の経験がある方

▼こんな方におすすめ▼
・コツコツ正確に進める作業が好きな方
・残業なしで、生活のリズムを保って働きたい方
・人をサポートする仕事にやりがいを感じる方",・9:00~18:00（休憩1時間を含む）,"* *完全週休2日制（土日祝休み）*: カレンダー通りに休みたい人向け。友人との予定合わせや、フェス・イベント参加に最適。
* *年間休日120日以上*: 大手企業の倉庫や工場に多いパターン。「仕事のために生きてるわけじゃない」という層に刺さる数字。",,京橋駅から徒歩圏内！！,"・昇給年1回、賞与年2回
・住宅手当
・通勤手当
・家族手当
・皆勤手当","・交通費支給
・社会保険完備
・昇給・賞与（ボーナス）あり
・資格取得支援制度
・健康診断・インフルエンザ予防接種
・服装・ネイル自由","【選考について】
最短面接1回で内定です。
まずは興味がある程度で構いません。
お気軽にご応募ください。

＜選考の手順＞
【1】応募（履歴書は任意）
【2】面接（1回）
【3】内定

＝＝＝＝＝＝＝＝＝＝
＜労働条件の明示＞
■ 就業場所の変更の範囲
変更なし（本求人の勤務地のみ）
■ 従事すべき業務の変更の範囲
変更なし（本求人の業務のみ）",,残業なし、交通費支給、即日勤務OK、昇給・昇格あり,2,任意,生年月日、性別、電話番号,entry@orium.co.jp,,,利用する,"preferred:
  keywords:
    professional: [一般事務, 事務補助, データ入力, 書類作成, ファイリング, 電話応対, 来客対応, 備品管理,
      郵便物対応, スケジュール管理, 伝票処理, 経費精算, 庶務, OA事務, 受付事務, パソコン入力]
",
募集中,オリアム株式会社,《未経験OK》データ入力・一般事務/藤沢,一般事務,未経験OK◎データ入力からはじめる一般事務♪,,神奈川県藤沢市藤沢75,,,正社員,いいえ,月給,250000,300000,範囲で表示,なし,,,,,,,固定時間制,160,,厚生年金、健康保険、雇用保険、労災保険,,なし,,,,,,,,,,,,,,,,,,"✦・━━━━━━━━━━━━━━━・✦
＼藤沢駅エリアで募集中／
まずはデータ入力から。一般事務スタッフ◎
✦・━━━━━━━━━━━━━━━・✦

事務の仕事は、覚えることが多そうに見えて
実際は「決まった手順を正確に繰り返す」ことが中心です。

はじめはデータ入力から。
慣れてきたら、書類作成や電話対応へと
少しずつ担当を広げていきます。

＝＝＝＝＝＝＝＝＝＝＝＝＝＝＝
【✧担当する業務✧】

■ データ入力：決まった形式に数字や文字を入力する
■ 書類作成：ひな形をもとに書類を作る
■ ファイリング：書類を種類ごとに整理・保管する
■ 電話・メール対応：用件を聞いて担当者へ取り次ぐ
■ 来客対応：お客様のご案内、お茶出し
■ 備品管理：文房具などの在庫確認と発注

どの業務も、手順は先輩に確認しながら進められます。
自分ひとりで判断しなければならない場面は多くありません。

＝＝＝＝＝＝＝＝＝＝＝＝＝＝＝
【✨はじめやすいポイント✨】

✔ 経験・資格は必要ありません
✔ 9:00〜18:00の固定時間制（休憩1時間）
✔ 残業なし・定時退社が基本
✔ 服装・ネイル自由
✔ 面接は1回、履歴書は任意

＝＝＝＝＝＝＝＝＝＝＝＝＝＝＝
【✧待遇✧】

✅ 社会保険完備・交通費支給
✅ 昇給年1回・賞与年2回
✅ 健康診断・インフルエンザ予防接種

「コツコツ正確に進める仕事が好き」
そんな方に向いています。

【勤務地】
神奈川県藤沢市藤沢75（藤沢駅から徒歩圏内）","✅【残業なし・定時退社が基本】9:00〜18:00の固定時間制。仕事終わりの予定が立てやすく、プライベートの時間を確保できます。
✅【未経験からスタート】最初はデータ入力など決まった形式の作業から。分からないことはその場で確認しながら、少しずつ担当を広げていけます。
✅【服装・ネイル自由】自分らしいスタイルで働けます。
✅【昇給年1回・賞与年2回】社会保険完備、交通費支給、住宅手当・家族手当・皆勤手当あり。
✅【面接1回・履歴書任意】まずは興味がある程度で構いません。お気軽にご応募ください。","【応募資格】
・未経験OK、職務経験不問
・学歴・資格不問

例外事由3号のイにより、長期キャリア形成を図るため、
39歳以下を募集しております。

★歓迎条件
・パソコンでの文字入力に慣れている方
・接客・販売など、人と接する仕事の経験がある方

▼こんな方におすすめ▼
・コツコツ正確に進める作業が好きな方
・残業なしで、生活のリズムを保って働きたい方
・人をサポートする仕事にやりがいを感じる方",・9:00~18:00（休憩1時間を含む）,"* *完全週休2日制（土日祝休み）*: カレンダー通りに休みたい人向け。友人との予定合わせや、フェス・イベント参加に最適。
* *年間休日120日以上*: 大手企業の倉庫や工場に多いパターン。「仕事のために生きてるわけじゃない」という層に刺さる数字。",,藤沢駅から徒歩圏内！！,"・昇給年1回、賞与年2回
・住宅手当
・通勤手当
・家族手当
・皆勤手当","・交通費支給
・社会保険完備
・昇給・賞与（ボーナス）あり
・資格取得支援制度
・健康診断・インフルエンザ予防接種
・服装・ネイル自由","【選考について】
最短面接1回で内定です。
まずは興味がある程度で構いません。
お気軽にご応募ください。

＜選考の手順＞
【1】応募（履歴書は任意）
【2】面接（1回）
【3】内定

＝＝＝＝＝＝＝＝＝＝
＜労働条件の明示＞
■ 就業場所の変更の範囲
変更なし（本求人の勤務地のみ）
■ 従事すべき業務の変更の範囲
変更なし（本求人の業務のみ）",,残業なし、交通費支給、即日勤務OK、昇給・昇格あり,2,任意,生年月日、性別、電話番号,entry@orium.co.jp,,,利用する,"preferred:
  keywords:
    professional: [一般事務, 事務補助, データ入力, 書類作成, ファイリング, 電話応対, 来客対応, 備品管理,
      郵便物対応, スケジュール管理, 伝票処理, 経費精算, 庶務, OA事務, 受付事務, パソコン入力]
",
募集中,オリアム株式会社,《未経験OK》一般事務/東京,一般事務,残業なし・定時退社が基本◎はじめての事務職デビュー♪,,東京都千代田区丸の内1-9-1,,,正社員,いいえ,月給,250000,300000,範囲で表示,なし,,,,,,,固定時間制,160,,厚生年金、健康保険、雇用保険、労災保険,,なし,,,,,,,,,,,,,,,,,,"✦・━━━━━━━━━━━━━━━・✦
＼東京駅エリアで一般事務を募集中／
未経験からはじめるオフィスワーク◎
✦・━━━━━━━━━━━━━━━・✦

「事務の仕事に興味はあるけど経験がない…」
「パソコンは文字入力くらいしかできない…」

そんな方も、ひとつずつ覚えていける環境です。
最初は決まった形式への入力からスタートします。

＝＝＝＝＝＝＝＝＝＝＝＝＝＝＝
【✨この職場の魅力✨】

✅ 残業なし・定時退社が基本
9:00〜18:00の固定時間制なので、
仕事終わりの予定も立てやすいです。

✅ 未経験からスタート
分からないことは、その場で確認しながら
少しずつできる範囲を広げていけます。

✅ 服装・ネイル自由
自分らしいスタイルで働けます。

＝＝＝＝＝＝＝＝＝＝＝＝＝＝＝
【✧お仕事内容✧】

■ データ入力
決まった形式に、数字や文字を入力します。

■ 書類の作成・ファイリング
書類を作成し、種類ごとに整理して保管します。

■ 電話・メール対応
問い合わせを受け、担当者へ取り次ぎます。

■ 来客対応
お客様をご案内し、お茶出しなどを行います。

■ 備品の管理・発注
文房具などの在庫を確認し、必要な分を注文します。

＝＝＝＝＝＝＝＝＝＝＝＝＝＝＝
【✨働きやすいポイント✨】

✔ 9:00〜18:00の固定時間制（休憩1時間）
✔ 残業なし・定時退社が基本
✔ 社会保険完備・交通費支給
✔ 昇給年1回・賞与年2回

「人をサポートする仕事がしたい」
「腰を据えてオフィスで働きたい」
そんな方をお待ちしています！

【勤務地】
東京都千代田区丸の内1-9-1（東京駅から徒歩圏内）","✅【残業なし・定時退社が基本】9:00〜18:00の固定時間制。仕事終わりの予定が立てやすく、プライベートの時間を確保できます。
✅【未経験からスタート】最初はデータ入力など決まった形式の作業から。分からないことはその場で確認しながら、少しずつ担当を広げていけます。
✅【服装・ネイル自由】自分らしいスタイルで働けます。
✅【昇給年1回・賞与年2回】社会保険完備、交通費支給、住宅手当・家族手当・皆勤手当あり。
✅【面接1回・履歴書任意】まずは興味がある程度で構いません。お気軽にご応募ください。","【応募資格】
・未経験OK、職務経験不問
・学歴・資格不問

例外事由3号のイにより、長期キャリア形成を図るため、
39歳以下を募集しております。

★歓迎条件
・パソコンでの文字入力に慣れている方
・接客・販売など、人と接する仕事の経験がある方

▼こんな方におすすめ▼
・コツコツ正確に進める作業が好きな方
・残業なしで、生活のリズムを保って働きたい方
・人をサポートする仕事にやりがいを感じる方",・9:00~18:00（休憩1時間を含む）,"* *完全週休2日制（土日祝休み）*: カレンダー通りに休みたい人向け。友人との予定合わせや、フェス・イベント参加に最適。
* *年間休日120日以上*: 大手企業の倉庫や工場に多いパターン。「仕事のために生きてるわけじゃない」という層に刺さる数字。",,東京駅から徒歩圏内！！,"・昇給年1回、賞与年2回
・住宅手当
・通勤手当
・家族手当
・皆勤手当","・交通費支給
・社会保険完備
・昇給・賞与（ボーナス）あり
・資格取得支援制度
・健康診断・インフルエンザ予防接種
・服装・ネイル自由","【選考について】
最短面接1回で内定です。
まずは興味がある程度で構いません。
お気軽にご応募ください。

＜選考の手順＞
【1】応募（履歴書は任意）
【2】面接（1回）
【3】内定

＝＝＝＝＝＝＝＝＝＝
＜労働条件の明示＞
■ 就業場所の変更の範囲
変更なし（本求人の勤務地のみ）
■ 従事すべき業務の変更の範囲
変更なし（本求人の業務のみ）",,残業なし、交通費支給、即日勤務OK、昇給・昇格あり,2,任意,生年月日、性別、電話番号,entry@orium.co.jp,,,利用する,"preferred:
  keywords:
    professional: [一般事務, 事務補助, データ入力, 書類作成, ファイリング, 電話応対, 来客対応, 備品管理,
      郵便物対応, スケジュール管理, 伝票処理, 経費精算, 庶務, OA事務, 受付事務, パソコン入力]
",
募集中,オリアム株式会社,《未経験OK》一般事務スタッフ/新大阪,一般事務,9:00〜18:00の固定時間◎生活リズムを崩さないオフィスワーク♪,,大阪府大阪市淀川区宮原1-1-1,,,正社員,いいえ,月給,250000,300000,範囲で表示,なし,,,,,,,固定時間制,160,,厚生年金、健康保険、雇用保険、労災保険,,なし,,,,,,,,,,,,,,,,,,"✦・━━━━━━━━━━━━━━━・✦
＼新大阪駅エリアで募集中／
9:00〜18:00・残業なしの一般事務◎
✦・━━━━━━━━━━━━━━━・✦

「接客や販売から、事務職に変わりたい」
「毎日同じ時間に帰れる仕事がいい」

一般事務は、9:00〜18:00の固定時間制。
残業なしで定時退社が基本なので、
生活のリズムを崩さずに働けます。

＝＝＝＝＝＝＝＝＝＝＝＝＝＝＝
【✧1日の流れ（一例）✧】

■ 9:00 出社
メールと郵便物を確認し、その日の予定を整理します。

■ 午前
データ入力や書類の作成を進めます。
電話がかかってきたら、担当者へ取り次ぎます。

■ 昼休憩（1時間）

■ 午後
書類のファイリング、備品の在庫確認・発注。
来客があればご案内します。

■ 18:00 退社
翌日の分を確認して、定時で退社します。

＝＝＝＝＝＝＝＝＝＝＝＝＝＝＝
【✨はじめての方へ✨】

✔ 経験・資格は必要ありません
✔ 最初はデータ入力など、決まった形式の作業から
✔ 分からないことは、その場で確認できます
✔ 服装・ネイル自由

＝＝＝＝＝＝＝＝＝＝＝＝＝＝＝
【✧待遇✧】

✅ 社会保険完備・交通費支給
✅ 昇給年1回・賞与年2回
✅ 資格取得支援制度あり

【勤務地】
大阪府大阪市淀川区宮原1-1-1（新大阪駅から徒歩圏内）","✅【残業なし・定時退社が基本】9:00〜18:00の固定時間制。仕事終わりの予定が立てやすく、プライベートの時間を確保できます。
✅【未経験からスタート】最初はデータ入力など決まった形式の作業から。分からないことはその場で確認しながら、少しずつ担当を広げていけます。
✅【服装・ネイル自由】自分らしいスタイルで働けます。
✅【昇給年1回・賞与年2回】社会保険完備、交通費支給、住宅手当・家族手当・皆勤手当あり。
✅【面接1回・履歴書任意】まずは興味がある程度で構いません。お気軽にご応募ください。","【応募資格】
・未経験OK、職務経験不問
・学歴・資格不問

例外事由3号のイにより、長期キャリア形成を図るため、
39歳以下を募集しております。

★歓迎条件
・パソコンでの文字入力に慣れている方
・接客・販売など、人と接する仕事の経験がある方

▼こんな方におすすめ▼
・コツコツ正確に進める作業が好きな方
・残業なしで、生活のリズムを保って働きたい方
・人をサポートする仕事にやりがいを感じる方",・9:00~18:00（休憩1時間を含む）,"* *完全週休2日制（土日祝休み）*: カレンダー通りに休みたい人向け。友人との予定合わせや、フェス・イベント参加に最適。
* *年間休日120日以上*: 大手企業の倉庫や工場に多いパターン。「仕事のために生きてるわけじゃない」という層に刺さる数字。",,新大阪駅から徒歩圏内！！,"・昇給年1回、賞与年2回
・住宅手当
・通勤手当
・家族手当
・皆勤手当","・交通費支給
・社会保険完備
・昇給・賞与（ボーナス）あり
・資格取得支援制度
・健康診断・インフルエンザ予防接種
・服装・ネイル自由","【選考について】
最短面接1回で内定です。
まずは興味がある程度で構いません。
お気軽にご応募ください。

＜選考の手順＞
【1】応募（履歴書は任意）
【2】面接（1回）
【3】内定

＝＝＝＝＝＝＝＝＝＝
＜労働条件の明示＞
■ 就業場所の変更の範囲
変更なし（本求人の勤務地のみ）
■ 従事すべき業務の変更の範囲
変更なし（本求人の業務のみ）",,残業なし、交通費支給、即日勤務OK、昇給・昇格あり,2,任意,生年月日、性別、電話番号,entry@orium.co.jp,,,利用する,"preferred:
  keywords:
    professional: [一般事務, 事務補助, データ入力, 書類作成, ファイリング, 電話応対, 来客対応, 備品管理,
      郵便物対応, スケジュール管理, 伝票処理, 経費精算, 庶務, OA事務, 受付事務, パソコン入力]
",
募集中,オリアム株式会社,《未経験OK》データ入力・一般事務/今池,一般事務,服装・ネイル自由◎自分らしく働ける一般事務スタッフ♪,,愛知県名古屋市千種区今池5-1-21,,,正社員,いいえ,月給,250000,300000,範囲で表示,なし,,,,,,,固定時間制,160,,厚生年金、健康保険、雇用保険、労災保険,,なし,,,,,,,,,,,,,,,,,,"✦・━━━━━━━━━━━━━━━・✦
＼今池駅エリアで募集中／
まずはデータ入力から。一般事務スタッフ◎
✦・━━━━━━━━━━━━━━━・✦

事務の仕事は、覚えることが多そうに見えて
実際は「決まった手順を正確に繰り返す」ことが中心です。

はじめはデータ入力から。
慣れてきたら、書類作成や電話対応へと
少しずつ担当を広げていきます。

＝＝＝＝＝＝＝＝＝＝＝＝＝＝＝
【✧担当する業務✧】

■ データ入力：決まった形式に数字や文字を入力する
■ 書類作成：ひな形をもとに書類を作る
■ ファイリング：書類を種類ごとに整理・保管する
■ 電話・メール対応：用件を聞いて担当者へ取り次ぐ
■ 来客対応：お客様のご案内、お茶出し
■ 備品管理：文房具などの在庫確認と発注

どの業務も、手順は先輩に確認しながら進められます。
自分ひとりで判断しなければならない場面は多くありません。

＝＝＝＝＝＝＝＝＝＝＝＝＝＝＝
【✨はじめやすいポイント✨】

✔ 経験・資格は必要ありません
✔ 9:00〜18:00の固定時間制（休憩1時間）
✔ 残業なし・定時退社が基本
✔ 服装・ネイル自由
✔ 面接は1回、履歴書は任意

＝＝＝＝＝＝＝＝＝＝＝＝＝＝＝
【✧待遇✧】

✅ 社会保険完備・交通費支給
✅ 昇給年1回・賞与年2回
✅ 健康診断・インフルエンザ予防接種

「コツコツ正確に進める仕事が好き」
そんな方に向いています。

【勤務地】
愛知県名古屋市千種区今池5-1-21（今池駅から徒歩圏内）","✅【残業なし・定時退社が基本】9:00〜18:00の固定時間制。仕事終わりの予定が立てやすく、プライベートの時間を確保できます。
✅【未経験からスタート】最初はデータ入力など決まった形式の作業から。分からないことはその場で確認しながら、少しずつ担当を広げていけます。
✅【服装・ネイル自由】自分らしいスタイルで働けます。
✅【昇給年1回・賞与年2回】社会保険完備、交通費支給、住宅手当・家族手当・皆勤手当あり。
✅【面接1回・履歴書任意】まずは興味がある程度で構いません。お気軽にご応募ください。","【応募資格】
・未経験OK、職務経験不問
・学歴・資格不問

例外事由3号のイにより、長期キャリア形成を図るため、
39歳以下を募集しております。

★歓迎条件
・パソコンでの文字入力に慣れている方
・接客・販売など、人と接する仕事の経験がある方

▼こんな方におすすめ▼
・コツコツ正確に進める作業が好きな方
・残業なしで、生活のリズムを保って働きたい方
・人をサポートする仕事にやりがいを感じる方",・9:00~18:00（休憩1時間を含む）,"* *完全週休2日制（土日祝休み）*: カレンダー通りに休みたい人向け。友人との予定合わせや、フェス・イベント参加に最適。
* *年間休日120日以上*: 大手企業の倉庫や工場に多いパターン。「仕事のために生きてるわけじゃない」という層に刺さる数字。",,今池駅から徒歩圏内！！,"・昇給年1回、賞与年2回
・住宅手当
・通勤手当
・家族手当
・皆勤手当","・交通費支給
・社会保険完備
・昇給・賞与（ボーナス）あり
・資格取得支援制度
・健康診断・インフルエンザ予防接種
・服装・ネイル自由","【選考について】
最短面接1回で内定です。
まずは興味がある程度で構いません。
お気軽にご応募ください。

＜選考の手順＞
【1】応募（履歴書は任意）
【2】面接（1回）
【3】内定

＝＝＝＝＝＝＝＝＝＝
＜労働条件の明示＞
■ 就業場所の変更の範囲
変更なし（本求人の勤務地のみ）
■ 従事すべき業務の変更の範囲
変更なし（本求人の業務のみ）",,残業なし、交通費支給、即日勤務OK、昇給・昇格あり,2,任意,生年月日、性別、電話番号,entry@orium.co.jp,,,利用する,"preferred:
  keywords:
    professional: [一般事務, 事務補助, データ入力, 書類作成, ファイリング, 電話応対, 来客対応, 備品管理,
      郵便物対応, スケジュール管理, 伝票処理, 経費精算, 庶務, OA事務, 受付事務, パソコン入力]
",
募集中,オリアム株式会社,《未経験OK》一般事務/烏丸,一般事務,面接1回・履歴書任意◎未経験から事務職をはじめませんか♪,,京都府京都市下京区長刀鉾町,,,正社員,いいえ,月給,250000,300000,範囲で表示,なし,,,,,,,固定時間制,160,,厚生年金、健康保険、雇用保険、労災保険,,なし,,,,,,,,,,,,,,,,,,"✦・━━━━━━━━━━━━━━━・✦
＼烏丸駅エリアで一般事務を募集中／
未経験からはじめるオフィスワーク◎
✦・━━━━━━━━━━━━━━━・✦

「事務の仕事に興味はあるけど経験がない…」
「パソコンは文字入力くらいしかできない…」

そんな方も、ひとつずつ覚えていける環境です。
最初は決まった形式への入力からスタートします。

＝＝＝＝＝＝＝＝＝＝＝＝＝＝＝
【✨この職場の魅力✨】

✅ 残業なし・定時退社が基本
9:00〜18:00の固定時間制なので、
仕事終わりの予定も立てやすいです。

✅ 未経験からスタート
分からないことは、その場で確認しながら
少しずつできる範囲を広げていけます。

✅ 服装・ネイル自由
自分らしいスタイルで働けます。

＝＝＝＝＝＝＝＝＝＝＝＝＝＝＝
【✧お仕事内容✧】

■ データ入力
決まった形式に、数字や文字を入力します。

■ 書類の作成・ファイリング
書類を作成し、種類ごとに整理して保管します。

■ 電話・メール対応
問い合わせを受け、担当者へ取り次ぎます。

■ 来客対応
お客様をご案内し、お茶出しなどを行います。

■ 備品の管理・発注
文房具などの在庫を確認し、必要な分を注文します。

＝＝＝＝＝＝＝＝＝＝＝＝＝＝＝
【✨働きやすいポイント✨】

✔ 9:00〜18:00の固定時間制（休憩1時間）
✔ 残業なし・定時退社が基本
✔ 社会保険完備・交通費支給
✔ 昇給年1回・賞与年2回

「人をサポートする仕事がしたい」
「腰を据えてオフィスで働きたい」
そんな方をお待ちしています！

【勤務地】
京都府京都市下京区長刀鉾町（烏丸駅から徒歩圏内）","✅【残業なし・定時退社が基本】9:00〜18:00の固定時間制。仕事終わりの予定が立てやすく、プライベートの時間を確保できます。
✅【未経験からスタート】最初はデータ入力など決まった形式の作業から。分からないことはその場で確認しながら、少しずつ担当を広げていけます。
✅【服装・ネイル自由】自分らしいスタイルで働けます。
✅【昇給年1回・賞与年2回】社会保険完備、交通費支給、住宅手当・家族手当・皆勤手当あり。
✅【面接1回・履歴書任意】まずは興味がある程度で構いません。お気軽にご応募ください。","【応募資格】
・未経験OK、職務経験不問
・学歴・資格不問

例外事由3号のイにより、長期キャリア形成を図るため、
39歳以下を募集しております。

★歓迎条件
・パソコンでの文字入力に慣れている方
・接客・販売など、人と接する仕事の経験がある方

▼こんな方におすすめ▼
・コツコツ正確に進める作業が好きな方
・残業なしで、生活のリズムを保って働きたい方
・人をサポートする仕事にやりがいを感じる方",・9:00~18:00（休憩1時間を含む）,"* *完全週休2日制（土日祝休み）*: カレンダー通りに休みたい人向け。友人との予定合わせや、フェス・イベント参加に最適。
* *年間休日120日以上*: 大手企業の倉庫や工場に多いパターン。「仕事のために生きてるわけじゃない」という層に刺さる数字。",,烏丸駅から徒歩圏内！！,"・昇給年1回、賞与年2回
・住宅手当
・通勤手当
・家族手当
・皆勤手当","・交通費支給
・社会保険完備
・昇給・賞与（ボーナス）あり
・資格取得支援制度
・健康診断・インフルエンザ予防接種
・服装・ネイル自由","【選考について】
最短面接1回で内定です。
まずは興味がある程度で構いません。
お気軽にご応募ください。

＜選考の手順＞
【1】応募（履歴書は任意）
【2】面接（1回）
【3】内定

＝＝＝＝＝＝＝＝＝＝
＜労働条件の明示＞
■ 就業場所の変更の範囲
変更なし（本求人の勤務地のみ）
■ 従事すべき業務の変更の範囲
変更なし（本求人の業務のみ）",,残業なし、交通費支給、即日勤務OK、昇給・昇格あり,2,任意,生年月日、性別、電話番号,entry@orium.co.jp,,,利用する,"preferred:
  keywords:
    professional: [一般事務, 事務補助, データ入力, 書類作成, ファイリング, 電話応対, 来客対応, 備品管理,
      郵便物対応, スケジュール管理, 伝票処理, 経費精算, 庶務, OA事務, 受付事務, パソコン入力]
",
募集中,オリアム株式会社,《未経験OK》一般事務スタッフ/北千住,一般事務,未経験OK◎データ入力からはじめる一般事務♪,,東京都足立区千住旭町42-1,,,正社員,いいえ,月給,250000,300000,範囲で表示,なし,,,,,,,固定時間制,160,,厚生年金、健康保険、雇用保険、労災保険,,なし,,,,,,,,,,,,,,,,,,"✦・━━━━━━━━━━━━━━━・✦
＼北千住駅エリアで募集中／
9:00〜18:00・残業なしの一般事務◎
✦・━━━━━━━━━━━━━━━・✦

「接客や販売から、事務職に変わりたい」
「毎日同じ時間に帰れる仕事がいい」

一般事務は、9:00〜18:00の固定時間制。
残業なしで定時退社が基本なので、
生活のリズムを崩さずに働けます。

＝＝＝＝＝＝＝＝＝＝＝＝＝＝＝
【✧1日の流れ（一例）✧】

■ 9:00 出社
メールと郵便物を確認し、その日の予定を整理します。

■ 午前
データ入力や書類の作成を進めます。
電話がかかってきたら、担当者へ取り次ぎます。

■ 昼休憩（1時間）

■ 午後
書類のファイリング、備品の在庫確認・発注。
来客があればご案内します。

■ 18:00 退社
翌日の分を確認して、定時で退社します。

＝＝＝＝＝＝＝＝＝＝＝＝＝＝＝
【✨はじめての方へ✨】

✔ 経験・資格は必要ありません
✔ 最初はデータ入力など、決まった形式の作業から
✔ 分からないことは、その場で確認できます
✔ 服装・ネイル自由

＝＝＝＝＝＝＝＝＝＝＝＝＝＝＝
【✧待遇✧】

✅ 社会保険完備・交通費支給
✅ 昇給年1回・賞与年2回
✅ 資格取得支援制度あり

【勤務地】
東京都足立区千住旭町42-1（北千住駅から徒歩圏内）","✅【残業なし・定時退社が基本】9:00〜18:00の固定時間制。仕事終わりの予定が立てやすく、プライベートの時間を確保できます。
✅【未経験からスタート】最初はデータ入力など決まった形式の作業から。分からないことはその場で確認しながら、少しずつ担当を広げていけます。
✅【服装・ネイル自由】自分らしいスタイルで働けます。
✅【昇給年1回・賞与年2回】社会保険完備、交通費支給、住宅手当・家族手当・皆勤手当あり。
✅【面接1回・履歴書任意】まずは興味がある程度で構いません。お気軽にご応募ください。","【応募資格】
・未経験OK、職務経験不問
・学歴・資格不問

例外事由3号のイにより、長期キャリア形成を図るため、
39歳以下を募集しております。

★歓迎条件
・パソコンでの文字入力に慣れている方
・接客・販売など、人と接する仕事の経験がある方

▼こんな方におすすめ▼
・コツコツ正確に進める作業が好きな方
・残業なしで、生活のリズムを保って働きたい方
・人をサポートする仕事にやりがいを感じる方",・9:00~18:00（休憩1時間を含む）,"* *完全週休2日制（土日祝休み）*: カレンダー通りに休みたい人向け。友人との予定合わせや、フェス・イベント参加に最適。
* *年間休日120日以上*: 大手企業の倉庫や工場に多いパターン。「仕事のために生きてるわけじゃない」という層に刺さる数字。",,北千住駅から徒歩圏内！！,"・昇給年1回、賞与年2回
・住宅手当
・通勤手当
・家族手当
・皆勤手当","・交通費支給
・社会保険完備
・昇給・賞与（ボーナス）あり
・資格取得支援制度
・健康診断・インフルエンザ予防接種
・服装・ネイル自由","【選考について】
最短面接1回で内定です。
まずは興味がある程度で構いません。
お気軽にご応募ください。

＜選考の手順＞
【1】応募（履歴書は任意）
【2】面接（1回）
【3】内定

＝＝＝＝＝＝＝＝＝＝
＜労働条件の明示＞
■ 就業場所の変更の範囲
変更なし（本求人の勤務地のみ）
■ 従事すべき業務の変更の範囲
変更なし（本求人の業務のみ）",,残業なし、交通費支給、即日勤務OK、昇給・昇格あり,2,任意,生年月日、性別、電話番号,entry@orium.co.jp,,,利用する,"preferred:
  keywords:
    professional: [一般事務, 事務補助, データ入力, 書類作成, ファイリング, 電話応対, 来客対応, 備品管理,
      郵便物対応, スケジュール管理, 伝票処理, 経費精算, 庶務, OA事務, 受付事務, パソコン入力]
",
募集中,オリアム株式会社,《未経験OK》データ入力・一般事務/伏見,一般事務,残業なし・定時退社が基本◎はじめての事務職デビュー♪,,愛知県名古屋市中区錦2-16-24,,,正社員,いいえ,月給,250000,300000,範囲で表示,なし,,,,,,,固定時間制,160,,厚生年金、健康保険、雇用保険、労災保険,,なし,,,,,,,,,,,,,,,,,,"✦・━━━━━━━━━━━━━━━・✦
＼伏見駅エリアで募集中／
まずはデータ入力から。一般事務スタッフ◎
✦・━━━━━━━━━━━━━━━・✦

事務の仕事は、覚えることが多そうに見えて
実際は「決まった手順を正確に繰り返す」ことが中心です。

はじめはデータ入力から。
慣れてきたら、書類作成や電話対応へと
少しずつ担当を広げていきます。

＝＝＝＝＝＝＝＝＝＝＝＝＝＝＝
【✧担当する業務✧】

■ データ入力：決まった形式に数字や文字を入力する
■ 書類作成：ひな形をもとに書類を作る
■ ファイリング：書類を種類ごとに整理・保管する
■ 電話・メール対応：用件を聞いて担当者へ取り次ぐ
■ 来客対応：お客様のご案内、お茶出し
■ 備品管理：文房具などの在庫確認と発注

どの業務も、手順は先輩に確認しながら進められます。
自分ひとりで判断しなければならない場面は多くありません。

＝＝＝＝＝＝＝＝＝＝＝＝＝＝＝
【✨はじめやすいポイント✨】

✔ 経験・資格は必要ありません
✔ 9:00〜18:00の固定時間制（休憩1時間）
✔ 残業なし・定時退社が基本
✔ 服装・ネイル自由
✔ 面接は1回、履歴書は任意

＝＝＝＝＝＝＝＝＝＝＝＝＝＝＝
【✧待遇✧】

✅ 社会保険完備・交通費支給
✅ 昇給年1回・賞与年2回
✅ 健康診断・インフルエンザ予防接種

「コツコツ正確に進める仕事が好き」
そんな方に向いています。

【勤務地】
愛知県名古屋市中区錦2-16-24（伏見駅から徒歩圏内）","✅【残業なし・定時退社が基本】9:00〜18:00の固定時間制。仕事終わりの予定が立てやすく、プライベートの時間を確保できます。
✅【未経験からスタート】最初はデータ入力など決まった形式の作業から。分からないことはその場で確認しながら、少しずつ担当を広げていけます。
✅【服装・ネイル自由】自分らしいスタイルで働けます。
✅【昇給年1回・賞与年2回】社会保険完備、交通費支給、住宅手当・家族手当・皆勤手当あり。
✅【面接1回・履歴書任意】まずは興味がある程度で構いません。お気軽にご応募ください。","【応募資格】
・未経験OK、職務経験不問
・学歴・資格不問

例外事由3号のイにより、長期キャリア形成を図るため、
39歳以下を募集しております。

★歓迎条件
・パソコンでの文字入力に慣れている方
・接客・販売など、人と接する仕事の経験がある方

▼こんな方におすすめ▼
・コツコツ正確に進める作業が好きな方
・残業なしで、生活のリズムを保って働きたい方
・人をサポートする仕事にやりがいを感じる方",・9:00~18:00（休憩1時間を含む）,"* *完全週休2日制（土日祝休み）*: カレンダー通りに休みたい人向け。友人との予定合わせや、フェス・イベント参加に最適。
* *年間休日120日以上*: 大手企業の倉庫や工場に多いパターン。「仕事のために生きてるわけじゃない」という層に刺さる数字。",,伏見駅から徒歩圏内！！,"・昇給年1回、賞与年2回
・住宅手当
・通勤手当
・家族手当
・皆勤手当","・交通費支給
・社会保険完備
・昇給・賞与（ボーナス）あり
・資格取得支援制度
・健康診断・インフルエンザ予防接種
・服装・ネイル自由","【選考について】
最短面接1回で内定です。
まずは興味がある程度で構いません。
お気軽にご応募ください。

＜選考の手順＞
【1】応募（履歴書は任意）
【2】面接（1回）
【3】内定

＝＝＝＝＝＝＝＝＝＝
＜労働条件の明示＞
■ 就業場所の変更の範囲
変更なし（本求人の勤務地のみ）
■ 従事すべき業務の変更の範囲
変更なし（本求人の業務のみ）",,残業なし、交通費支給、即日勤務OK、昇給・昇格あり,2,任意,生年月日、性別、電話番号,entry@orium.co.jp,,,利用する,"preferred:
  keywords:
    professional: [一般事務, 事務補助, データ入力, 書類作成, ファイリング, 電話応対, 来客対応, 備品管理,
      郵便物対応, スケジュール管理, 伝票処理, 経費精算, 庶務, OA事務, 受付事務, パソコン入力]
",
募集中,オリアム株式会社,《未経験OK》一般事務/天王寺,一般事務,9:00〜18:00の固定時間◎生活リズムを崩さないオフィスワーク♪,,大阪府大阪市天王寺区悲田院町10-45,,,正社員,いいえ,月給,250000,300000,範囲で表示,なし,,,,,,,固定時間制,160,,厚生年金、健康保険、雇用保険、労災保険,,なし,,,,,,,,,,,,,,,,,,"✦・━━━━━━━━━━━━━━━・✦
＼天王寺駅エリアで一般事務を募集中／
未経験からはじめるオフィスワーク◎
✦・━━━━━━━━━━━━━━━・✦

「事務の仕事に興味はあるけど経験がない…」
「パソコンは文字入力くらいしかできない…」

そんな方も、ひとつずつ覚えていける環境です。
最初は決まった形式への入力からスタートします。

＝＝＝＝＝＝＝＝＝＝＝＝＝＝＝
【✨この職場の魅力✨】

✅ 残業なし・定時退社が基本
9:00〜18:00の固定時間制なので、
仕事終わりの予定も立てやすいです。

✅ 未経験からスタート
分からないことは、その場で確認しながら
少しずつできる範囲を広げていけます。

✅ 服装・ネイル自由
自分らしいスタイルで働けます。

＝＝＝＝＝＝＝＝＝＝＝＝＝＝＝
【✧お仕事内容✧】

■ データ入力
決まった形式に、数字や文字を入力します。

■ 書類の作成・ファイリング
書類を作成し、種類ごとに整理して保管します。

■ 電話・メール対応
問い合わせを受け、担当者へ取り次ぎます。

■ 来客対応
お客様をご案内し、お茶出しなどを行います。

■ 備品の管理・発注
文房具などの在庫を確認し、必要な分を注文します。

＝＝＝＝＝＝＝＝＝＝＝＝＝＝＝
【✨働きやすいポイント✨】

✔ 9:00〜18:00の固定時間制（休憩1時間）
✔ 残業なし・定時退社が基本
✔ 社会保険完備・交通費支給
✔ 昇給年1回・賞与年2回

「人をサポートする仕事がしたい」
「腰を据えてオフィスで働きたい」
そんな方をお待ちしています！

【勤務地】
大阪府大阪市天王寺区悲田院町10-45（天王寺駅から徒歩圏内）","✅【残業なし・定時退社が基本】9:00〜18:00の固定時間制。仕事終わりの予定が立てやすく、プライベートの時間を確保できます。
✅【未経験からスタート】最初はデータ入力など決まった形式の作業から。分からないことはその場で確認しながら、少しずつ担当を広げていけます。
✅【服装・ネイル自由】自分らしいスタイルで働けます。
✅【昇給年1回・賞与年2回】社会保険完備、交通費支給、住宅手当・家族手当・皆勤手当あり。
✅【面接1回・履歴書任意】まずは興味がある程度で構いません。お気軽にご応募ください。","【応募資格】
・未経験OK、職務経験不問
・学歴・資格不問

例外事由3号のイにより、長期キャリア形成を図るため、
39歳以下を募集しております。

★歓迎条件
・パソコンでの文字入力に慣れている方
・接客・販売など、人と接する仕事の経験がある方

▼こんな方におすすめ▼
・コツコツ正確に進める作業が好きな方
・残業なしで、生活のリズムを保って働きたい方
・人をサポートする仕事にやりがいを感じる方",・9:00~18:00（休憩1時間を含む）,"* *完全週休2日制（土日祝休み）*: カレンダー通りに休みたい人向け。友人との予定合わせや、フェス・イベント参加に最適。
* *年間休日120日以上*: 大手企業の倉庫や工場に多いパターン。「仕事のために生きてるわけじゃない」という層に刺さる数字。",,天王寺駅から徒歩圏内！！,"・昇給年1回、賞与年2回
・住宅手当
・通勤手当
・家族手当
・皆勤手当","・交通費支給
・社会保険完備
・昇給・賞与（ボーナス）あり
・資格取得支援制度
・健康診断・インフルエンザ予防接種
・服装・ネイル自由","【選考について】
最短面接1回で内定です。
まずは興味がある程度で構いません。
お気軽にご応募ください。

＜選考の手順＞
【1】応募（履歴書は任意）
【2】面接（1回）
【3】内定

＝＝＝＝＝＝＝＝＝＝
＜労働条件の明示＞
■ 就業場所の変更の範囲
変更なし（本求人の勤務地のみ）
■ 従事すべき業務の変更の範囲
変更なし（本求人の業務のみ）",,残業なし、交通費支給、即日勤務OK、昇給・昇格あり,2,任意,生年月日、性別、電話番号,entry@orium.co.jp,,,利用する,"preferred:
  keywords:
    professional: [一般事務, 事務補助, データ入力, 書類作成, ファイリング, 電話応対, 来客対応, 備品管理,
      郵便物対応, スケジュール管理, 伝票処理, 経費精算, 庶務, OA事務, 受付事務, パソコン入力]
",
募集中,オリアム株式会社,《未経験OK》一般事務スタッフ/川崎,一般事務,服装・ネイル自由◎自分らしく働ける一般事務スタッフ♪,,神奈川県川崎市川崎区駅前本町26-1,,,正社員,いいえ,月給,250000,300000,範囲で表示,なし,,,,,,,固定時間制,160,,厚生年金、健康保険、雇用保険、労災保険,,なし,,,,,,,,,,,,,,,,,,"✦・━━━━━━━━━━━━━━━・✦
＼川崎駅エリアで募集中／
9:00〜18:00・残業なしの一般事務◎
✦・━━━━━━━━━━━━━━━・✦

「接客や販売から、事務職に変わりたい」
「毎日同じ時間に帰れる仕事がいい」

一般事務は、9:00〜18:00の固定時間制。
残業なしで定時退社が基本なので、
生活のリズムを崩さずに働けます。

＝＝＝＝＝＝＝＝＝＝＝＝＝＝＝
【✧1日の流れ（一例）✧】

■ 9:00 出社
メールと郵便物を確認し、その日の予定を整理します。

■ 午前
データ入力や書類の作成を進めます。
電話がかかってきたら、担当者へ取り次ぎます。

■ 昼休憩（1時間）

■ 午後
書類のファイリング、備品の在庫確認・発注。
来客があればご案内します。

■ 18:00 退社
翌日の分を確認して、定時で退社します。

＝＝＝＝＝＝＝＝＝＝＝＝＝＝＝
【✨はじめての方へ✨】

✔ 経験・資格は必要ありません
✔ 最初はデータ入力など、決まった形式の作業から
✔ 分からないことは、その場で確認できます
✔ 服装・ネイル自由

＝＝＝＝＝＝＝＝＝＝＝＝＝＝＝
【✧待遇✧】

✅ 社会保険完備・交通費支給
✅ 昇給年1回・賞与年2回
✅ 資格取得支援制度あり

【勤務地】
神奈川県川崎市川崎区駅前本町26-1（川崎駅から徒歩圏内）","✅【残業なし・定時退社が基本】9:00〜18:00の固定時間制。仕事終わりの予定が立てやすく、プライベートの時間を確保できます。
✅【未経験からスタート】最初はデータ入力など決まった形式の作業から。分からないことはその場で確認しながら、少しずつ担当を広げていけます。
✅【服装・ネイル自由】自分らしいスタイルで働けます。
✅【昇給年1回・賞与年2回】社会保険完備、交通費支給、住宅手当・家族手当・皆勤手当あり。
✅【面接1回・履歴書任意】まずは興味がある程度で構いません。お気軽にご応募ください。","【応募資格】
・未経験OK、職務経験不問
・学歴・資格不問

例外事由3号のイにより、長期キャリア形成を図るため、
39歳以下を募集しております。

★歓迎条件
・パソコンでの文字入力に慣れている方
・接客・販売など、人と接する仕事の経験がある方

▼こんな方におすすめ▼
・コツコツ正確に進める作業が好きな方
・残業なしで、生活のリズムを保って働きたい方
・人をサポートする仕事にやりがいを感じる方",・9:00~18:00（休憩1時間を含む）,"* *完全週休2日制（土日祝休み）*: カレンダー通りに休みたい人向け。友人との予定合わせや、フェス・イベント参加に最適。
* *年間休日120日以上*: 大手企業の倉庫や工場に多いパターン。「仕事のために生きてるわけじゃない」という層に刺さる数字。",,川崎駅から徒歩圏内！！,"・昇給年1回、賞与年2回
・住宅手当
・通勤手当
・家族手当
・皆勤手当","・交通費支給
・社会保険完備
・昇給・賞与（ボーナス）あり
・資格取得支援制度
・健康診断・インフルエンザ予防接種
・服装・ネイル自由","【選考について】
最短面接1回で内定です。
まずは興味がある程度で構いません。
お気軽にご応募ください。

＜選考の手順＞
【1】応募（履歴書は任意）
【2】面接（1回）
【3】内定

＝＝＝＝＝＝＝＝＝＝
＜労働条件の明示＞
■ 就業場所の変更の範囲
変更なし（本求人の勤務地のみ）
■ 従事すべき業務の変更の範囲
変更なし（本求人の業務のみ）",,残業なし、交通費支給、即日勤務OK、昇給・昇格あり,2,任意,生年月日、性別、電話番号,entry@orium.co.jp,,,利用する,"preferred:
  keywords:
    professional: [一般事務, 事務補助, データ入力, 書類作成, ファイリング, 電話応対, 来客対応, 備品管理,
      郵便物対応, スケジュール管理, 伝票処理, 経費精算, 庶務, OA事務, 受付事務, パソコン入力]
",
募集中,オリアム株式会社,《未経験OK》データ入力・一般事務/四条,一般事務,面接1回・履歴書任意◎未経験から事務職をはじめませんか♪,,京都府京都市下京区二帖半敷町,,,正社員,いいえ,月給,250000,300000,範囲で表示,なし,,,,,,,固定時間制,160,,厚生年金、健康保険、雇用保険、労災保険,,なし,,,,,,,,,,,,,,,,,,"✦・━━━━━━━━━━━━━━━・✦
＼四条駅エリアで募集中／
まずはデータ入力から。一般事務スタッフ◎
✦・━━━━━━━━━━━━━━━・✦

事務の仕事は、覚えることが多そうに見えて
実際は「決まった手順を正確に繰り返す」ことが中心です。

はじめはデータ入力から。
慣れてきたら、書類作成や電話対応へと
少しずつ担当を広げていきます。

＝＝＝＝＝＝＝＝＝＝＝＝＝＝＝
【✧担当する業務✧】

■ データ入力：決まった形式に数字や文字を入力する
■ 書類作成：ひな形をもとに書類を作る
■ ファイリング：書類を種類ごとに整理・保管する
■ 電話・メール対応：用件を聞いて担当者へ取り次ぐ
■ 来客対応：お客様のご案内、お茶出し
■ 備品管理：文房具などの在庫確認と発注

どの業務も、手順は先輩に確認しながら進められます。
自分ひとりで判断しなければならない場面は多くありません。

＝＝＝＝＝＝＝＝＝＝＝＝＝＝＝
【✨はじめやすいポイント✨】

✔ 経験・資格は必要ありません
✔ 9:00〜18:00の固定時間制（休憩1時間）
✔ 残業なし・定時退社が基本
✔ 服装・ネイル自由
✔ 面接は1回、履歴書は任意

＝＝＝＝＝＝＝＝＝＝＝＝＝＝＝
【✧待遇✧】

✅ 社会保険完備・交通費支給
✅ 昇給年1回・賞与年2回
✅ 健康診断・インフルエンザ予防接種

「コツコツ正確に進める仕事が好き」
そんな方に向いています。

【勤務地】
京都府京都市下京区二帖半敷町（四条駅から徒歩圏内）","✅【残業なし・定時退社が基本】9:00〜18:00の固定時間制。仕事終わりの予定が立てやすく、プライベートの時間を確保できます。
✅【未経験からスタート】最初はデータ入力など決まった形式の作業から。分からないことはその場で確認しながら、少しずつ担当を広げていけます。
✅【服装・ネイル自由】自分らしいスタイルで働けます。
✅【昇給年1回・賞与年2回】社会保険完備、交通費支給、住宅手当・家族手当・皆勤手当あり。
✅【面接1回・履歴書任意】まずは興味がある程度で構いません。お気軽にご応募ください。","【応募資格】
・未経験OK、職務経験不問
・学歴・資格不問

例外事由3号のイにより、長期キャリア形成を図るため、
39歳以下を募集しております。

★歓迎条件
・パソコンでの文字入力に慣れている方
・接客・販売など、人と接する仕事の経験がある方

▼こんな方におすすめ▼
・コツコツ正確に進める作業が好きな方
・残業なしで、生活のリズムを保って働きたい方
・人をサポートする仕事にやりがいを感じる方",・9:00~18:00（休憩1時間を含む）,"* *完全週休2日制（土日祝休み）*: カレンダー通りに休みたい人向け。友人との予定合わせや、フェス・イベント参加に最適。
* *年間休日120日以上*: 大手企業の倉庫や工場に多いパターン。「仕事のために生きてるわけじゃない」という層に刺さる数字。",,四条駅から徒歩圏内！！,"・昇給年1回、賞与年2回
・住宅手当
・通勤手当
・家族手当
・皆勤手当","・交通費支給
・社会保険完備
・昇給・賞与（ボーナス）あり
・資格取得支援制度
・健康診断・インフルエンザ予防接種
・服装・ネイル自由","【選考について】
最短面接1回で内定です。
まずは興味がある程度で構いません。
お気軽にご応募ください。

＜選考の手順＞
【1】応募（履歴書は任意）
【2】面接（1回）
【3】内定

＝＝＝＝＝＝＝＝＝＝
＜労働条件の明示＞
■ 就業場所の変更の範囲
変更なし（本求人の勤務地のみ）
■ 従事すべき業務の変更の範囲
変更なし（本求人の業務のみ）",,残業なし、交通費支給、即日勤務OK、昇給・昇格あり,2,任意,生年月日、性別、電話番号,entry@orium.co.jp,,,利用する,"preferred:
  keywords:
    professional: [一般事務, 事務補助, データ入力, 書類作成, ファイリング, 電話応対, 来客対応, 備品管理,
      郵便物対応, スケジュール管理, 伝票処理, 経費精算, 庶務, OA事務, 受付事務, パソコン入力]
",
募集中,オリアム株式会社,《未経験OK》一般事務/難波,一般事務,未経験OK◎データ入力からはじめる一般事務♪,,大阪府大阪市中央区難波5-1-60,,,正社員,いいえ,月給,250000,300000,範囲で表示,なし,,,,,,,固定時間制,160,,厚生年金、健康保険、雇用保険、労災保険,,なし,,,,,,,,,,,,,,,,,,"✦・━━━━━━━━━━━━━━━・✦
＼難波駅エリアで一般事務を募集中／
未経験からはじめるオフィスワーク◎
✦・━━━━━━━━━━━━━━━・✦

「事務の仕事に興味はあるけど経験がない…」
「パソコンは文字入力くらいしかできない…」

そんな方も、ひとつずつ覚えていける環境です。
最初は決まった形式への入力からスタートします。

＝＝＝＝＝＝＝＝＝＝＝＝＝＝＝
【✨この職場の魅力✨】

✅ 残業なし・定時退社が基本
9:00〜18:00の固定時間制なので、
仕事終わりの予定も立てやすいです。

✅ 未経験からスタート
分からないことは、その場で確認しながら
少しずつできる範囲を広げていけます。

✅ 服装・ネイル自由
自分らしいスタイルで働けます。

＝＝＝＝＝＝＝＝＝＝＝＝＝＝＝
【✧お仕事内容✧】

■ データ入力
決まった形式に、数字や文字を入力します。

■ 書類の作成・ファイリング
書類を作成し、種類ごとに整理して保管します。

■ 電話・メール対応
問い合わせを受け、担当者へ取り次ぎます。

■ 来客対応
お客様をご案内し、お茶出しなどを行います。

■ 備品の管理・発注
文房具などの在庫を確認し、必要な分を注文します。

＝＝＝＝＝＝＝＝＝＝＝＝＝＝＝
【✨働きやすいポイント✨】

✔ 9:00〜18:00の固定時間制（休憩1時間）
✔ 残業なし・定時退社が基本
✔ 社会保険完備・交通費支給
✔ 昇給年1回・賞与年2回

「人をサポートする仕事がしたい」
「腰を据えてオフィスで働きたい」
そんな方をお待ちしています！

【勤務地】
大阪府大阪市中央区難波5-1-60（難波駅から徒歩圏内）","✅【残業なし・定時退社が基本】9:00〜18:00の固定時間制。仕事終わりの予定が立てやすく、プライベートの時間を確保できます。
✅【未経験からスタート】最初はデータ入力など決まった形式の作業から。分からないことはその場で確認しながら、少しずつ担当を広げていけます。
✅【服装・ネイル自由】自分らしいスタイルで働けます。
✅【昇給年1回・賞与年2回】社会保険完備、交通費支給、住宅手当・家族手当・皆勤手当あり。
✅【面接1回・履歴書任意】まずは興味がある程度で構いません。お気軽にご応募ください。","【応募資格】
・未経験OK、職務経験不問
・学歴・資格不問

例外事由3号のイにより、長期キャリア形成を図るため、
39歳以下を募集しております。

★歓迎条件
・パソコンでの文字入力に慣れている方
・接客・販売など、人と接する仕事の経験がある方

▼こんな方におすすめ▼
・コツコツ正確に進める作業が好きな方
・残業なしで、生活のリズムを保って働きたい方
・人をサポートする仕事にやりがいを感じる方",・9:00~18:00（休憩1時間を含む）,"* *完全週休2日制（土日祝休み）*: カレンダー通りに休みたい人向け。友人との予定合わせや、フェス・イベント参加に最適。
* *年間休日120日以上*: 大手企業の倉庫や工場に多いパターン。「仕事のために生きてるわけじゃない」という層に刺さる数字。",,難波駅から徒歩圏内！！,"・昇給年1回、賞与年2回
・住宅手当
・通勤手当
・家族手当
・皆勤手当","・交通費支給
・社会保険完備
・昇給・賞与（ボーナス）あり
・資格取得支援制度
・健康診断・インフルエンザ予防接種
・服装・ネイル自由","【選考について】
最短面接1回で内定です。
まずは興味がある程度で構いません。
お気軽にご応募ください。

＜選考の手順＞
【1】応募（履歴書は任意）
【2】面接（1回）
【3】内定

＝＝＝＝＝＝＝＝＝＝
＜労働条件の明示＞
■ 就業場所の変更の範囲
変更なし（本求人の勤務地のみ）
■ 従事すべき業務の変更の範囲
変更なし（本求人の業務のみ）",,残業なし、交通費支給、即日勤務OK、昇給・昇格あり,2,任意,生年月日、性別、電話番号,entry@orium.co.jp,,,利用する,"preferred:
  keywords:
    professional: [一般事務, 事務補助, データ入力, 書類作成, ファイリング, 電話応対, 来客対応, 備品管理,
      郵便物対応, スケジュール管理, 伝票処理, 経費精算, 庶務, OA事務, 受付事務, パソコン入力]
",
募集中,オリアム株式会社,《未経験OK》一般事務スタッフ/竹田,一般事務,残業なし・定時退社が基本◎はじめての事務職デビュー♪,,京都府京都市伏見区竹田桶ノ井町,,,正社員,いいえ,月給,250000,300000,範囲で表示,なし,,,,,,,固定時間制,160,,厚生年金、健康保険、雇用保険、労災保険,,なし,,,,,,,,,,,,,,,,,,"✦・━━━━━━━━━━━━━━━・✦
＼竹田駅エリアで募集中／
9:00〜18:00・残業なしの一般事務◎
✦・━━━━━━━━━━━━━━━・✦

「接客や販売から、事務職に変わりたい」
「毎日同じ時間に帰れる仕事がいい」

一般事務は、9:00〜18:00の固定時間制。
残業なしで定時退社が基本なので、
生活のリズムを崩さずに働けます。

＝＝＝＝＝＝＝＝＝＝＝＝＝＝＝
【✧1日の流れ（一例）✧】

■ 9:00 出社
メールと郵便物を確認し、その日の予定を整理します。

■ 午前
データ入力や書類の作成を進めます。
電話がかかってきたら、担当者へ取り次ぎます。

■ 昼休憩（1時間）

■ 午後
書類のファイリング、備品の在庫確認・発注。
来客があればご案内します。

■ 18:00 退社
翌日の分を確認して、定時で退社します。

＝＝＝＝＝＝＝＝＝＝＝＝＝＝＝
【✨はじめての方へ✨】

✔ 経験・資格は必要ありません
✔ 最初はデータ入力など、決まった形式の作業から
✔ 分からないことは、その場で確認できます
✔ 服装・ネイル自由

＝＝＝＝＝＝＝＝＝＝＝＝＝＝＝
【✧待遇✧】

✅ 社会保険完備・交通費支給
✅ 昇給年1回・賞与年2回
✅ 資格取得支援制度あり

【勤務地】
京都府京都市伏見区竹田桶ノ井町（竹田駅から徒歩圏内）","✅【残業なし・定時退社が基本】9:00〜18:00の固定時間制。仕事終わりの予定が立てやすく、プライベートの時間を確保できます。
✅【未経験からスタート】最初はデータ入力など決まった形式の作業から。分からないことはその場で確認しながら、少しずつ担当を広げていけます。
✅【服装・ネイル自由】自分らしいスタイルで働けます。
✅【昇給年1回・賞与年2回】社会保険完備、交通費支給、住宅手当・家族手当・皆勤手当あり。
✅【面接1回・履歴書任意】まずは興味がある程度で構いません。お気軽にご応募ください。","【応募資格】
・未経験OK、職務経験不問
・学歴・資格不問

例外事由3号のイにより、長期キャリア形成を図るため、
39歳以下を募集しております。

★歓迎条件
・パソコンでの文字入力に慣れている方
・接客・販売など、人と接する仕事の経験がある方

▼こんな方におすすめ▼
・コツコツ正確に進める作業が好きな方
・残業なしで、生活のリズムを保って働きたい方
・人をサポートする仕事にやりがいを感じる方",・9:00~18:00（休憩1時間を含む）,"* *完全週休2日制（土日祝休み）*: カレンダー通りに休みたい人向け。友人との予定合わせや、フェス・イベント参加に最適。
* *年間休日120日以上*: 大手企業の倉庫や工場に多いパターン。「仕事のために生きてるわけじゃない」という層に刺さる数字。",,竹田駅から徒歩圏内！！,"・昇給年1回、賞与年2回
・住宅手当
・通勤手当
・家族手当
・皆勤手当","・交通費支給
・社会保険完備
・昇給・賞与（ボーナス）あり
・資格取得支援制度
・健康診断・インフルエンザ予防接種
・服装・ネイル自由","【選考について】
最短面接1回で内定です。
まずは興味がある程度で構いません。
お気軽にご応募ください。

＜選考の手順＞
【1】応募（履歴書は任意）
【2】面接（1回）
【3】内定

＝＝＝＝＝＝＝＝＝＝
＜労働条件の明示＞
■ 就業場所の変更の範囲
変更なし（本求人の勤務地のみ）
■ 従事すべき業務の変更の範囲
変更なし（本求人の業務のみ）",,残業なし、交通費支給、即日勤務OK、昇給・昇格あり,2,任意,生年月日、性別、電話番号,entry@orium.co.jp,,,利用する,"preferred:
  keywords:
    professional: [一般事務, 事務補助, データ入力, 書類作成, ファイリング, 電話応対, 来客対応, 備品管理,
      郵便物対応, スケジュール管理, 伝票処理, 経費精算, 庶務, OA事務, 受付事務, パソコン入力]
",
募集中,オリアム株式会社,《未経験OK》データ入力・一般事務/池袋,一般事務,9:00〜18:00の固定時間◎生活リズムを崩さないオフィスワーク♪,,東京都豊島区南池袋1-28-1,,,正社員,いいえ,月給,250000,300000,範囲で表示,なし,,,,,,,固定時間制,160,,厚生年金、健康保険、雇用保険、労災保険,,なし,,,,,,,,,,,,,,,,,,"✦・━━━━━━━━━━━━━━━・✦
＼池袋駅エリアで募集中／
まずはデータ入力から。一般事務スタッフ◎
✦・━━━━━━━━━━━━━━━・✦

事務の仕事は、覚えることが多そうに見えて
実際は「決まった手順を正確に繰り返す」ことが中心です。

はじめはデータ入力から。
慣れてきたら、書類作成や電話対応へと
少しずつ担当を広げていきます。

＝＝＝＝＝＝＝＝＝＝＝＝＝＝＝
【✧担当する業務✧】

■ データ入力：決まった形式に数字や文字を入力する
■ 書類作成：ひな形をもとに書類を作る
■ ファイリング：書類を種類ごとに整理・保管する
■ 電話・メール対応：用件を聞いて担当者へ取り次ぐ
■ 来客対応：お客様のご案内、お茶出し
■ 備品管理：文房具などの在庫確認と発注

どの業務も、手順は先輩に確認しながら進められます。
自分ひとりで判断しなければならない場面は多くありません。

＝＝＝＝＝＝＝＝＝＝＝＝＝＝＝
【✨はじめやすいポイント✨】

✔ 経験・資格は必要ありません
✔ 9:00〜18:00の固定時間制（休憩1時間）
✔ 残業なし・定時退社が基本
✔ 服装・ネイル自由
✔ 面接は1回、履歴書は任意

＝＝＝＝＝＝＝＝＝＝＝＝＝＝＝
【✧待遇✧】

✅ 社会保険完備・交通費支給
✅ 昇給年1回・賞与年2回
✅ 健康診断・インフルエンザ予防接種

「コツコツ正確に進める仕事が好き」
そんな方に向いています。

【勤務地】
東京都豊島区南池袋1-28-1（池袋駅から徒歩圏内）","✅【残業なし・定時退社が基本】9:00〜18:00の固定時間制。仕事終わりの予定が立てやすく、プライベートの時間を確保できます。
✅【未経験からスタート】最初はデータ入力など決まった形式の作業から。分からないことはその場で確認しながら、少しずつ担当を広げていけます。
✅【服装・ネイル自由】自分らしいスタイルで働けます。
✅【昇給年1回・賞与年2回】社会保険完備、交通費支給、住宅手当・家族手当・皆勤手当あり。
✅【面接1回・履歴書任意】まずは興味がある程度で構いません。お気軽にご応募ください。","【応募資格】
・未経験OK、職務経験不問
・学歴・資格不問

例外事由3号のイにより、長期キャリア形成を図るため、
39歳以下を募集しております。

★歓迎条件
・パソコンでの文字入力に慣れている方
・接客・販売など、人と接する仕事の経験がある方

▼こんな方におすすめ▼
・コツコツ正確に進める作業が好きな方
・残業なしで、生活のリズムを保って働きたい方
・人をサポートする仕事にやりがいを感じる方",・9:00~18:00（休憩1時間を含む）,"* *完全週休2日制（土日祝休み）*: カレンダー通りに休みたい人向け。友人との予定合わせや、フェス・イベント参加に最適。
* *年間休日120日以上*: 大手企業の倉庫や工場に多いパターン。「仕事のために生きてるわけじゃない」という層に刺さる数字。",,池袋駅から徒歩圏内！！,"・昇給年1回、賞与年2回
・住宅手当
・通勤手当
・家族手当
・皆勤手当","・交通費支給
・社会保険完備
・昇給・賞与（ボーナス）あり
・資格取得支援制度
・健康診断・インフルエンザ予防接種
・服装・ネイル自由","【選考について】
最短面接1回で内定です。
まずは興味がある程度で構いません。
お気軽にご応募ください。

＜選考の手順＞
【1】応募（履歴書は任意）
【2】面接（1回）
【3】内定

＝＝＝＝＝＝＝＝＝＝
＜労働条件の明示＞
■ 就業場所の変更の範囲
変更なし（本求人の勤務地のみ）
■ 従事すべき業務の変更の範囲
変更なし（本求人の業務のみ）",,残業なし、交通費支給、即日勤務OK、昇給・昇格あり,2,任意,生年月日、性別、電話番号,entry@orium.co.jp,,,利用する,"preferred:
  keywords:
    professional: [一般事務, 事務補助, データ入力, 書類作成, ファイリング, 電話応対, 来客対応, 備品管理,
      郵便物対応, スケジュール管理, 伝票処理, 経費精算, 庶務, OA事務, 受付事務, パソコン入力]
",
募集中,オリアム株式会社,《未経験OK》一般事務/新横浜,一般事務,服装・ネイル自由◎自分らしく働ける一般事務スタッフ♪,,神奈川県横浜市港北区新横浜2-100-45,,,正社員,いいえ,月給,250000,300000,範囲で表示,なし,,,,,,,固定時間制,160,,厚生年金、健康保険、雇用保険、労災保険,,なし,,,,,,,,,,,,,,,,,,"✦・━━━━━━━━━━━━━━━・✦
＼新横浜駅エリアで一般事務を募集中／
未経験からはじめるオフィスワーク◎
✦・━━━━━━━━━━━━━━━・✦

「事務の仕事に興味はあるけど経験がない…」
「パソコンは文字入力くらいしかできない…」

そんな方も、ひとつずつ覚えていける環境です。
最初は決まった形式への入力からスタートします。

＝＝＝＝＝＝＝＝＝＝＝＝＝＝＝
【✨この職場の魅力✨】

✅ 残業なし・定時退社が基本
9:00〜18:00の固定時間制なので、
仕事終わりの予定も立てやすいです。

✅ 未経験からスタート
分からないことは、その場で確認しながら
少しずつできる範囲を広げていけます。

✅ 服装・ネイル自由
自分らしいスタイルで働けます。

＝＝＝＝＝＝＝＝＝＝＝＝＝＝＝
【✧お仕事内容✧】

■ データ入力
決まった形式に、数字や文字を入力します。

■ 書類の作成・ファイリング
書類を作成し、種類ごとに整理して保管します。

■ 電話・メール対応
問い合わせを受け、担当者へ取り次ぎます。

■ 来客対応
お客様をご案内し、お茶出しなどを行います。

■ 備品の管理・発注
文房具などの在庫を確認し、必要な分を注文します。

＝＝＝＝＝＝＝＝＝＝＝＝＝＝＝
【✨働きやすいポイント✨】

✔ 9:00〜18:00の固定時間制（休憩1時間）
✔ 残業なし・定時退社が基本
✔ 社会保険完備・交通費支給
✔ 昇給年1回・賞与年2回

「人をサポートする仕事がしたい」
「腰を据えてオフィスで働きたい」
そんな方をお待ちしています！

【勤務地】
神奈川県横浜市港北区新横浜2-100-45（新横浜駅から徒歩圏内）","✅【残業なし・定時退社が基本】9:00〜18:00の固定時間制。仕事終わりの予定が立てやすく、プライベートの時間を確保できます。
✅【未経験からスタート】最初はデータ入力など決まった形式の作業から。分からないことはその場で確認しながら、少しずつ担当を広げていけます。
✅【服装・ネイル自由】自分らしいスタイルで働けます。
✅【昇給年1回・賞与年2回】社会保険完備、交通費支給、住宅手当・家族手当・皆勤手当あり。
✅【面接1回・履歴書任意】まずは興味がある程度で構いません。お気軽にご応募ください。","【応募資格】
・未経験OK、職務経験不問
・学歴・資格不問

例外事由3号のイにより、長期キャリア形成を図るため、
39歳以下を募集しております。

★歓迎条件
・パソコンでの文字入力に慣れている方
・接客・販売など、人と接する仕事の経験がある方

▼こんな方におすすめ▼
・コツコツ正確に進める作業が好きな方
・残業なしで、生活のリズムを保って働きたい方
・人をサポートする仕事にやりがいを感じる方",・9:00~18:00（休憩1時間を含む）,"* *完全週休2日制（土日祝休み）*: カレンダー通りに休みたい人向け。友人との予定合わせや、フェス・イベント参加に最適。
* *年間休日120日以上*: 大手企業の倉庫や工場に多いパターン。「仕事のために生きてるわけじゃない」という層に刺さる数字。",,新横浜駅から徒歩圏内！！,"・昇給年1回、賞与年2回
・住宅手当
・通勤手当
・家族手当
・皆勤手当","・交通費支給
・社会保険完備
・昇給・賞与（ボーナス）あり
・資格取得支援制度
・健康診断・インフルエンザ予防接種
・服装・ネイル自由","【選考について】
最短面接1回で内定です。
まずは興味がある程度で構いません。
お気軽にご応募ください。

＜選考の手順＞
【1】応募（履歴書は任意）
【2】面接（1回）
【3】内定

＝＝＝＝＝＝＝＝＝＝
＜労働条件の明示＞
■ 就業場所の変更の範囲
変更なし（本求人の勤務地のみ）
■ 従事すべき業務の変更の範囲
変更なし（本求人の業務のみ）",,残業なし、交通費支給、即日勤務OK、昇給・昇格あり,2,任意,生年月日、性別、電話番号,entry@orium.co.jp,,,利用する,"preferred:
  keywords:
    professional: [一般事務, 事務補助, データ入力, 書類作成, ファイリング, 電話応対, 来客対応, 備品管理,
      郵便物対応, スケジュール管理, 伝票処理, 経費精算, 庶務, OA事務, 受付事務, パソコン入力]
",
募集中,オリアム株式会社,《未経験OK》一般事務スタッフ/金山,一般事務,面接1回・履歴書任意◎未経験から事務職をはじめませんか♪,,愛知県名古屋市中区金山1-17-18,,,正社員,いいえ,月給,250000,300000,範囲で表示,なし,,,,,,,固定時間制,160,,厚生年金、健康保険、雇用保険、労災保険,,なし,,,,,,,,,,,,,,,,,,"✦・━━━━━━━━━━━━━━━・✦
＼金山駅エリアで募集中／
9:00〜18:00・残業なしの一般事務◎
✦・━━━━━━━━━━━━━━━・✦

「接客や販売から、事務職に変わりたい」
「毎日同じ時間に帰れる仕事がいい」

一般事務は、9:00〜18:00の固定時間制。
残業なしで定時退社が基本なので、
生活のリズムを崩さずに働けます。

＝＝＝＝＝＝＝＝＝＝＝＝＝＝＝
【✧1日の流れ（一例）✧】

■ 9:00 出社
メールと郵便物を確認し、その日の予定を整理します。

■ 午前
データ入力や書類の作成を進めます。
電話がかかってきたら、担当者へ取り次ぎます。

■ 昼休憩（1時間）

■ 午後
書類のファイリング、備品の在庫確認・発注。
来客があればご案内します。

■ 18:00 退社
翌日の分を確認して、定時で退社します。

＝＝＝＝＝＝＝＝＝＝＝＝＝＝＝
【✨はじめての方へ✨】

✔ 経験・資格は必要ありません
✔ 最初はデータ入力など、決まった形式の作業から
✔ 分からないことは、その場で確認できます
✔ 服装・ネイル自由

＝＝＝＝＝＝＝＝＝＝＝＝＝＝＝
【✧待遇✧】

✅ 社会保険完備・交通費支給
✅ 昇給年1回・賞与年2回
✅ 資格取得支援制度あり

【勤務地】
愛知県名古屋市中区金山1-17-18（金山駅から徒歩圏内）","✅【残業なし・定時退社が基本】9:00〜18:00の固定時間制。仕事終わりの予定が立てやすく、プライベートの時間を確保できます。
✅【未経験からスタート】最初はデータ入力など決まった形式の作業から。分からないことはその場で確認しながら、少しずつ担当を広げていけます。
✅【服装・ネイル自由】自分らしいスタイルで働けます。
✅【昇給年1回・賞与年2回】社会保険完備、交通費支給、住宅手当・家族手当・皆勤手当あり。
✅【面接1回・履歴書任意】まずは興味がある程度で構いません。お気軽にご応募ください。","【応募資格】
・未経験OK、職務経験不問
・学歴・資格不問

例外事由3号のイにより、長期キャリア形成を図るため、
39歳以下を募集しております。

★歓迎条件
・パソコンでの文字入力に慣れている方
・接客・販売など、人と接する仕事の経験がある方

▼こんな方におすすめ▼
・コツコツ正確に進める作業が好きな方
・残業なしで、生活のリズムを保って働きたい方
・人をサポートする仕事にやりがいを感じる方",・9:00~18:00（休憩1時間を含む）,"* *完全週休2日制（土日祝休み）*: カレンダー通りに休みたい人向け。友人との予定合わせや、フェス・イベント参加に最適。
* *年間休日120日以上*: 大手企業の倉庫や工場に多いパターン。「仕事のために生きてるわけじゃない」という層に刺さる数字。",,金山駅から徒歩圏内！！,"・昇給年1回、賞与年2回
・住宅手当
・通勤手当
・家族手当
・皆勤手当","・交通費支給
・社会保険完備
・昇給・賞与（ボーナス）あり
・資格取得支援制度
・健康診断・インフルエンザ予防接種
・服装・ネイル自由","【選考について】
最短面接1回で内定です。
まずは興味がある程度で構いません。
お気軽にご応募ください。

＜選考の手順＞
【1】応募（履歴書は任意）
【2】面接（1回）
【3】内定

＝＝＝＝＝＝＝＝＝＝
＜労働条件の明示＞
■ 就業場所の変更の範囲
変更なし（本求人の勤務地のみ）
■ 従事すべき業務の変更の範囲
変更なし（本求人の業務のみ）",,残業なし、交通費支給、即日勤務OK、昇給・昇格あり,2,任意,生年月日、性別、電話番号,entry@orium.co.jp,,,利用する,"preferred:
  keywords:
    professional: [一般事務, 事務補助, データ入力, 書類作成, ファイリング, 電話応対, 来客対応, 備品管理,
      郵便物対応, スケジュール管理, 伝票処理, 経費精算, 庶務, OA事務, 受付事務, パソコン入力]
",
募集中,オリアム株式会社,《未経験OK》データ入力・一般事務/武蔵小杉,一般事務,未経験OK◎データ入力からはじめる一般事務♪,,神奈川県川崎市中原区小杉町3-472,,,正社員,いいえ,月給,250000,300000,範囲で表示,なし,,,,,,,固定時間制,160,,厚生年金、健康保険、雇用保険、労災保険,,なし,,,,,,,,,,,,,,,,,,"✦・━━━━━━━━━━━━━━━・✦
＼武蔵小杉駅エリアで募集中／
まずはデータ入力から。一般事務スタッフ◎
✦・━━━━━━━━━━━━━━━・✦

事務の仕事は、覚えることが多そうに見えて
実際は「決まった手順を正確に繰り返す」ことが中心です。

はじめはデータ入力から。
慣れてきたら、書類作成や電話対応へと
少しずつ担当を広げていきます。

＝＝＝＝＝＝＝＝＝＝＝＝＝＝＝
【✧担当する業務✧】

■ データ入力：決まった形式に数字や文字を入力する
■ 書類作成：ひな形をもとに書類を作る
■ ファイリング：書類を種類ごとに整理・保管する
■ 電話・メール対応：用件を聞いて担当者へ取り次ぐ
■ 来客対応：お客様のご案内、お茶出し
■ 備品管理：文房具などの在庫確認と発注

どの業務も、手順は先輩に確認しながら進められます。
自分ひとりで判断しなければならない場面は多くありません。

＝＝＝＝＝＝＝＝＝＝＝＝＝＝＝
【✨はじめやすいポイント✨】

✔ 経験・資格は必要ありません
✔ 9:00〜18:00の固定時間制（休憩1時間）
✔ 残業なし・定時退社が基本
✔ 服装・ネイル自由
✔ 面接は1回、履歴書は任意

＝＝＝＝＝＝＝＝＝＝＝＝＝＝＝
【✧待遇✧】

✅ 社会保険完備・交通費支給
✅ 昇給年1回・賞与年2回
✅ 健康診断・インフルエンザ予防接種

「コツコツ正確に進める仕事が好き」
そんな方に向いています。

【勤務地】
神奈川県川崎市中原区小杉町3-472（武蔵小杉駅から徒歩圏内）","✅【残業なし・定時退社が基本】9:00〜18:00の固定時間制。仕事終わりの予定が立てやすく、プライベートの時間を確保できます。
✅【未経験からスタート】最初はデータ入力など決まった形式の作業から。分からないことはその場で確認しながら、少しずつ担当を広げていけます。
✅【服装・ネイル自由】自分らしいスタイルで働けます。
✅【昇給年1回・賞与年2回】社会保険完備、交通費支給、住宅手当・家族手当・皆勤手当あり。
✅【面接1回・履歴書任意】まずは興味がある程度で構いません。お気軽にご応募ください。","【応募資格】
・未経験OK、職務経験不問
・学歴・資格不問

例外事由3号のイにより、長期キャリア形成を図るため、
39歳以下を募集しております。

★歓迎条件
・パソコンでの文字入力に慣れている方
・接客・販売など、人と接する仕事の経験がある方

▼こんな方におすすめ▼
・コツコツ正確に進める作業が好きな方
・残業なしで、生活のリズムを保って働きたい方
・人をサポートする仕事にやりがいを感じる方",・9:00~18:00（休憩1時間を含む）,"* *完全週休2日制（土日祝休み）*: カレンダー通りに休みたい人向け。友人との予定合わせや、フェス・イベント参加に最適。
* *年間休日120日以上*: 大手企業の倉庫や工場に多いパターン。「仕事のために生きてるわけじゃない」という層に刺さる数字。",,武蔵小杉駅から徒歩圏内！！,"・昇給年1回、賞与年2回
・住宅手当
・通勤手当
・家族手当
・皆勤手当","・交通費支給
・社会保険完備
・昇給・賞与（ボーナス）あり
・資格取得支援制度
・健康診断・インフルエンザ予防接種
・服装・ネイル自由","【選考について】
最短面接1回で内定です。
まずは興味がある程度で構いません。
お気軽にご応募ください。

＜選考の手順＞
【1】応募（履歴書は任意）
【2】面接（1回）
【3】内定

＝＝＝＝＝＝＝＝＝＝
＜労働条件の明示＞
■ 就業場所の変更の範囲
変更なし（本求人の勤務地のみ）
■ 従事すべき業務の変更の範囲
変更なし（本求人の業務のみ）",,残業なし、交通費支給、即日勤務OK、昇給・昇格あり,2,任意,生年月日、性別、電話番号,entry@orium.co.jp,,,利用する,"preferred:
  keywords:
    professional: [一般事務, 事務補助, データ入力, 書類作成, ファイリング, 電話応対, 来客対応, 備品管理,
      郵便物対応, スケジュール管理, 伝票処理, 経費精算, 庶務, OA事務, 受付事務, パソコン入力]
",
募集中,オリアム株式会社,《未経験OK》一般事務/大阪,一般事務,残業なし・定時退社が基本◎はじめての事務職デビュー♪,,大阪府大阪市北区梅田3-1-1,,,正社員,いいえ,月給,250000,300000,範囲で表示,なし,,,,,,,固定時間制,160,,厚生年金、健康保険、雇用保険、労災保険,,なし,,,,,,,,,,,,,,,,,,"✦・━━━━━━━━━━━━━━━・✦
＼大阪駅エリアで一般事務を募集中／
未経験からはじめるオフィスワーク◎
✦・━━━━━━━━━━━━━━━・✦

「事務の仕事に興味はあるけど経験がない…」
「パソコンは文字入力くらいしかできない…」

そんな方も、ひとつずつ覚えていける環境です。
最初は決まった形式への入力からスタートします。

＝＝＝＝＝＝＝＝＝＝＝＝＝＝＝
【✨この職場の魅力✨】

✅ 残業なし・定時退社が基本
9:00〜18:00の固定時間制なので、
仕事終わりの予定も立てやすいです。

✅ 未経験からスタート
分からないことは、その場で確認しながら
少しずつできる範囲を広げていけます。

✅ 服装・ネイル自由
自分らしいスタイルで働けます。

＝＝＝＝＝＝＝＝＝＝＝＝＝＝＝
【✧お仕事内容✧】

■ データ入力
決まった形式に、数字や文字を入力します。

■ 書類の作成・ファイリング
書類を作成し、種類ごとに整理して保管します。

■ 電話・メール対応
問い合わせを受け、担当者へ取り次ぎます。

■ 来客対応
お客様をご案内し、お茶出しなどを行います。

■ 備品の管理・発注
文房具などの在庫を確認し、必要な分を注文します。

＝＝＝＝＝＝＝＝＝＝＝＝＝＝＝
【✨働きやすいポイント✨】

✔ 9:00〜18:00の固定時間制（休憩1時間）
✔ 残業なし・定時退社が基本
✔ 社会保険完備・交通費支給
✔ 昇給年1回・賞与年2回

「人をサポートする仕事がしたい」
「腰を据えてオフィスで働きたい」
そんな方をお待ちしています！

【勤務地】
大阪府大阪市北区梅田3-1-1（大阪駅から徒歩圏内）","✅【残業なし・定時退社が基本】9:00〜18:00の固定時間制。仕事終わりの予定が立てやすく、プライベートの時間を確保できます。
✅【未経験からスタート】最初はデータ入力など決まった形式の作業から。分からないことはその場で確認しながら、少しずつ担当を広げていけます。
✅【服装・ネイル自由】自分らしいスタイルで働けます。
✅【昇給年1回・賞与年2回】社会保険完備、交通費支給、住宅手当・家族手当・皆勤手当あり。
✅【面接1回・履歴書任意】まずは興味がある程度で構いません。お気軽にご応募ください。","【応募資格】
・未経験OK、職務経験不問
・学歴・資格不問

例外事由3号のイにより、長期キャリア形成を図るため、
39歳以下を募集しております。

★歓迎条件
・パソコンでの文字入力に慣れている方
・接客・販売など、人と接する仕事の経験がある方

▼こんな方におすすめ▼
・コツコツ正確に進める作業が好きな方
・残業なしで、生活のリズムを保って働きたい方
・人をサポートする仕事にやりがいを感じる方",・9:00~18:00（休憩1時間を含む）,"* *完全週休2日制（土日祝休み）*: カレンダー通りに休みたい人向け。友人との予定合わせや、フェス・イベント参加に最適。
* *年間休日120日以上*: 大手企業の倉庫や工場に多いパターン。「仕事のために生きてるわけじゃない」という層に刺さる数字。",,大阪駅から徒歩圏内！！,"・昇給年1回、賞与年2回
・住宅手当
・通勤手当
・家族手当
・皆勤手当","・交通費支給
・社会保険完備
・昇給・賞与（ボーナス）あり
・資格取得支援制度
・健康診断・インフルエンザ予防接種
・服装・ネイル自由","【選考について】
最短面接1回で内定です。
まずは興味がある程度で構いません。
お気軽にご応募ください。

＜選考の手順＞
【1】応募（履歴書は任意）
【2】面接（1回）
【3】内定

＝＝＝＝＝＝＝＝＝＝
＜労働条件の明示＞
■ 就業場所の変更の範囲
変更なし（本求人の勤務地のみ）
■ 従事すべき業務の変更の範囲
変更なし（本求人の業務のみ）",,残業なし、交通費支給、即日勤務OK、昇給・昇格あり,2,任意,生年月日、性別、電話番号,entry@orium.co.jp,,,利用する,"preferred:
  keywords:
    professional: [一般事務, 事務補助, データ入力, 書類作成, ファイリング, 電話応対, 来客対応, 備品管理,
      郵便物対応, スケジュール管理, 伝票処理, 経費精算, 庶務, OA事務, 受付事務, パソコン入力]
",
募集中,オリアム株式会社,《未経験OK》一般事務スタッフ/渋谷,一般事務,9:00〜18:00の固定時間◎生活リズムを崩さないオフィスワーク♪,,東京都渋谷区道玄坂1-1-1,,,正社員,いいえ,月給,250000,300000,範囲で表示,なし,,,,,,,固定時間制,160,,厚生年金、健康保険、雇用保険、労災保険,,なし,,,,,,,,,,,,,,,,,,"✦・━━━━━━━━━━━━━━━・✦
＼渋谷駅エリアで募集中／
9:00〜18:00・残業なしの一般事務◎
✦・━━━━━━━━━━━━━━━・✦

「接客や販売から、事務職に変わりたい」
「毎日同じ時間に帰れる仕事がいい」

一般事務は、9:00〜18:00の固定時間制。
残業なしで定時退社が基本なので、
生活のリズムを崩さずに働けます。

＝＝＝＝＝＝＝＝＝＝＝＝＝＝＝
【✧1日の流れ（一例）✧】

■ 9:00 出社
メールと郵便物を確認し、その日の予定を整理します。

■ 午前
データ入力や書類の作成を進めます。
電話がかかってきたら、担当者へ取り次ぎます。

■ 昼休憩（1時間）

■ 午後
書類のファイリング、備品の在庫確認・発注。
来客があればご案内します。

■ 18:00 退社
翌日の分を確認して、定時で退社します。

＝＝＝＝＝＝＝＝＝＝＝＝＝＝＝
【✨はじめての方へ✨】

✔ 経験・資格は必要ありません
✔ 最初はデータ入力など、決まった形式の作業から
✔ 分からないことは、その場で確認できます
✔ 服装・ネイル自由

＝＝＝＝＝＝＝＝＝＝＝＝＝＝＝
【✧待遇✧】

✅ 社会保険完備・交通費支給
✅ 昇給年1回・賞与年2回
✅ 資格取得支援制度あり

【勤務地】
東京都渋谷区道玄坂1-1-1（渋谷駅から徒歩圏内）","✅【残業なし・定時退社が基本】9:00〜18:00の固定時間制。仕事終わりの予定が立てやすく、プライベートの時間を確保できます。
✅【未経験からスタート】最初はデータ入力など決まった形式の作業から。分からないことはその場で確認しながら、少しずつ担当を広げていけます。
✅【服装・ネイル自由】自分らしいスタイルで働けます。
✅【昇給年1回・賞与年2回】社会保険完備、交通費支給、住宅手当・家族手当・皆勤手当あり。
✅【面接1回・履歴書任意】まずは興味がある程度で構いません。お気軽にご応募ください。","【応募資格】
・未経験OK、職務経験不問
・学歴・資格不問

例外事由3号のイにより、長期キャリア形成を図るため、
39歳以下を募集しております。

★歓迎条件
・パソコンでの文字入力に慣れている方
・接客・販売など、人と接する仕事の経験がある方

▼こんな方におすすめ▼
・コツコツ正確に進める作業が好きな方
・残業なしで、生活のリズムを保って働きたい方
・人をサポートする仕事にやりがいを感じる方",・9:00~18:00（休憩1時間を含む）,"* *完全週休2日制（土日祝休み）*: カレンダー通りに休みたい人向け。友人との予定合わせや、フェス・イベント参加に最適。
* *年間休日120日以上*: 大手企業の倉庫や工場に多いパターン。「仕事のために生きてるわけじゃない」という層に刺さる数字。",,渋谷駅から徒歩圏内！！,"・昇給年1回、賞与年2回
・住宅手当
・通勤手当
・家族手当
・皆勤手当","・交通費支給
・社会保険完備
・昇給・賞与（ボーナス）あり
・資格取得支援制度
・健康診断・インフルエンザ予防接種
・服装・ネイル自由","【選考について】
最短面接1回で内定です。
まずは興味がある程度で構いません。
お気軽にご応募ください。

＜選考の手順＞
【1】応募（履歴書は任意）
【2】面接（1回）
【3】内定

＝＝＝＝＝＝＝＝＝＝
＜労働条件の明示＞
■ 就業場所の変更の範囲
変更なし（本求人の勤務地のみ）
■ 従事すべき業務の変更の範囲
変更なし（本求人の業務のみ）",,残業なし、交通費支給、即日勤務OK、昇給・昇格あり,2,任意,生年月日、性別、電話番号,entry@orium.co.jp,,,利用する,"preferred:
  keywords:
    professional: [一般事務, 事務補助, データ入力, 書類作成, ファイリング, 電話応対, 来客対応, 備品管理,
      郵便物対応, スケジュール管理, 伝票処理, 経費精算, 庶務, OA事務, 受付事務, パソコン入力]
",
募集中,オリアム株式会社,《未経験OK》データ入力・一般事務/山科,一般事務,服装・ネイル自由◎自分らしく働ける一般事務スタッフ♪,,京都府京都市山科区安朱北屋敷町,,,正社員,いいえ,月給,250000,300000,範囲で表示,なし,,,,,,,固定時間制,160,,厚生年金、健康保険、雇用保険、労災保険,,なし,,,,,,,,,,,,,,,,,,"✦・━━━━━━━━━━━━━━━・✦
＼山科駅エリアで募集中／
まずはデータ入力から。一般事務スタッフ◎
✦・━━━━━━━━━━━━━━━・✦

事務の仕事は、覚えることが多そうに見えて
実際は「決まった手順を正確に繰り返す」ことが中心です。

はじめはデータ入力から。
慣れてきたら、書類作成や電話対応へと
少しずつ担当を広げていきます。

＝＝＝＝＝＝＝＝＝＝＝＝＝＝＝
【✧担当する業務✧】

■ データ入力：決まった形式に数字や文字を入力する
■ 書類作成：ひな形をもとに書類を作る
■ ファイリング：書類を種類ごとに整理・保管する
■ 電話・メール対応：用件を聞いて担当者へ取り次ぐ
■ 来客対応：お客様のご案内、お茶出し
■ 備品管理：文房具などの在庫確認と発注

どの業務も、手順は先輩に確認しながら進められます。
自分ひとりで判断しなければならない場面は多くありません。

＝＝＝＝＝＝＝＝＝＝＝＝＝＝＝
【✨はじめやすいポイント✨】

✔ 経験・資格は必要ありません
✔ 9:00〜18:00の固定時間制（休憩1時間）
✔ 残業なし・定時退社が基本
✔ 服装・ネイル自由
✔ 面接は1回、履歴書は任意

＝＝＝＝＝＝＝＝＝＝＝＝＝＝＝
【✧待遇✧】

✅ 社会保険完備・交通費支給
✅ 昇給年1回・賞与年2回
✅ 健康診断・インフルエンザ予防接種

「コツコツ正確に進める仕事が好き」
そんな方に向いています。

【勤務地】
京都府京都市山科区安朱北屋敷町（山科駅から徒歩圏内）","✅【残業なし・定時退社が基本】9:00〜18:00の固定時間制。仕事終わりの予定が立てやすく、プライベートの時間を確保できます。
✅【未経験からスタート】最初はデータ入力など決まった形式の作業から。分からないことはその場で確認しながら、少しずつ担当を広げていけます。
✅【服装・ネイル自由】自分らしいスタイルで働けます。
✅【昇給年1回・賞与年2回】社会保険完備、交通費支給、住宅手当・家族手当・皆勤手当あり。
✅【面接1回・履歴書任意】まずは興味がある程度で構いません。お気軽にご応募ください。","【応募資格】
・未経験OK、職務経験不問
・学歴・資格不問

例外事由3号のイにより、長期キャリア形成を図るため、
39歳以下を募集しております。

★歓迎条件
・パソコンでの文字入力に慣れている方
・接客・販売など、人と接する仕事の経験がある方

▼こんな方におすすめ▼
・コツコツ正確に進める作業が好きな方
・残業なしで、生活のリズムを保って働きたい方
・人をサポートする仕事にやりがいを感じる方",・9:00~18:00（休憩1時間を含む）,"* *完全週休2日制（土日祝休み）*: カレンダー通りに休みたい人向け。友人との予定合わせや、フェス・イベント参加に最適。
* *年間休日120日以上*: 大手企業の倉庫や工場に多いパターン。「仕事のために生きてるわけじゃない」という層に刺さる数字。",,山科駅から徒歩圏内！！,"・昇給年1回、賞与年2回
・住宅手当
・通勤手当
・家族手当
・皆勤手当","・交通費支給
・社会保険完備
・昇給・賞与（ボーナス）あり
・資格取得支援制度
・健康診断・インフルエンザ予防接種
・服装・ネイル自由","【選考について】
最短面接1回で内定です。
まずは興味がある程度で構いません。
お気軽にご応募ください。

＜選考の手順＞
【1】応募（履歴書は任意）
【2】面接（1回）
【3】内定

＝＝＝＝＝＝＝＝＝＝
＜労働条件の明示＞
■ 就業場所の変更の範囲
変更なし（本求人の勤務地のみ）
■ 従事すべき業務の変更の範囲
変更なし（本求人の業務のみ）",,残業なし、交通費支給、即日勤務OK、昇給・昇格あり,2,任意,生年月日、性別、電話番号,entry@orium.co.jp,,,利用する,"preferred:
  keywords:
    professional: [一般事務, 事務補助, データ入力, 書類作成, ファイリング, 電話応対, 来客対応, 備品管理,
      郵便物対応, スケジュール管理, 伝票処理, 経費精算, 庶務, OA事務, 受付事務, パソコン入力]
",
募集中,オリアム株式会社,《未経験OK》一般事務/栄,一般事務,面接1回・履歴書任意◎未経験から事務職をはじめませんか♪,,愛知県名古屋市中区栄3-5-12,,,正社員,いいえ,月給,250000,300000,範囲で表示,なし,,,,,,,固定時間制,160,,厚生年金、健康保険、雇用保険、労災保険,,なし,,,,,,,,,,,,,,,,,,"✦・━━━━━━━━━━━━━━━・✦
＼栄駅エリアで一般事務を募集中／
未経験からはじめるオフィスワーク◎
✦・━━━━━━━━━━━━━━━・✦

「事務の仕事に興味はあるけど経験がない…」
「パソコンは文字入力くらいしかできない…」

そんな方も、ひとつずつ覚えていける環境です。
最初は決まった形式への入力からスタートします。

＝＝＝＝＝＝＝＝＝＝＝＝＝＝＝
【✨この職場の魅力✨】

✅ 残業なし・定時退社が基本
9:00〜18:00の固定時間制なので、
仕事終わりの予定も立てやすいです。

✅ 未経験からスタート
分からないことは、その場で確認しながら
少しずつできる範囲を広げていけます。

✅ 服装・ネイル自由
自分らしいスタイルで働けます。

＝＝＝＝＝＝＝＝＝＝＝＝＝＝＝
【✧お仕事内容✧】

■ データ入力
決まった形式に、数字や文字を入力します。

■ 書類の作成・ファイリング
書類を作成し、種類ごとに整理して保管します。

■ 電話・メール対応
問い合わせを受け、担当者へ取り次ぎます。

■ 来客対応
お客様をご案内し、お茶出しなどを行います。

■ 備品の管理・発注
文房具などの在庫を確認し、必要な分を注文します。

＝＝＝＝＝＝＝＝＝＝＝＝＝＝＝
【✨働きやすいポイント✨】

✔ 9:00〜18:00の固定時間制（休憩1時間）
✔ 残業なし・定時退社が基本
✔ 社会保険完備・交通費支給
✔ 昇給年1回・賞与年2回

「人をサポートする仕事がしたい」
「腰を据えてオフィスで働きたい」
そんな方をお待ちしています！

【勤務地】
愛知県名古屋市中区栄3-5-12（栄駅から徒歩圏内）","✅【残業なし・定時退社が基本】9:00〜18:00の固定時間制。仕事終わりの予定が立てやすく、プライベートの時間を確保できます。
✅【未経験からスタート】最初はデータ入力など決まった形式の作業から。分からないことはその場で確認しながら、少しずつ担当を広げていけます。
✅【服装・ネイル自由】自分らしいスタイルで働けます。
✅【昇給年1回・賞与年2回】社会保険完備、交通費支給、住宅手当・家族手当・皆勤手当あり。
✅【面接1回・履歴書任意】まずは興味がある程度で構いません。お気軽にご応募ください。","【応募資格】
・未経験OK、職務経験不問
・学歴・資格不問

例外事由3号のイにより、長期キャリア形成を図るため、
39歳以下を募集しております。

★歓迎条件
・パソコンでの文字入力に慣れている方
・接客・販売など、人と接する仕事の経験がある方

▼こんな方におすすめ▼
・コツコツ正確に進める作業が好きな方
・残業なしで、生活のリズムを保って働きたい方
・人をサポートする仕事にやりがいを感じる方",・9:00~18:00（休憩1時間を含む）,"* *完全週休2日制（土日祝休み）*: カレンダー通りに休みたい人向け。友人との予定合わせや、フェス・イベント参加に最適。
* *年間休日120日以上*: 大手企業の倉庫や工場に多いパターン。「仕事のために生きてるわけじゃない」という層に刺さる数字。",,栄駅から徒歩圏内！！,"・昇給年1回、賞与年2回
・住宅手当
・通勤手当
・家族手当
・皆勤手当","・交通費支給
・社会保険完備
・昇給・賞与（ボーナス）あり
・資格取得支援制度
・健康診断・インフルエンザ予防接種
・服装・ネイル自由","【選考について】
最短面接1回で内定です。
まずは興味がある程度で構いません。
お気軽にご応募ください。

＜選考の手順＞
【1】応募（履歴書は任意）
【2】面接（1回）
【3】内定

＝＝＝＝＝＝＝＝＝＝
＜労働条件の明示＞
■ 就業場所の変更の範囲
変更なし（本求人の勤務地のみ）
■ 従事すべき業務の変更の範囲
変更なし（本求人の業務のみ）",,残業なし、交通費支給、即日勤務OK、昇給・昇格あり,2,任意,生年月日、性別、電話番号,entry@orium.co.jp,,,利用する,"preferred:
  keywords:
    professional: [一般事務, 事務補助, データ入力, 書類作成, ファイリング, 電話応対, 来客対応, 備品管理,
      郵便物対応, スケジュール管理, 伝票処理, 経費精算, 庶務, OA事務, 受付事務, パソコン入力]
",
募集中,オリアム株式会社,《未経験OK》一般事務スタッフ/名古屋,一般事務,未経験OK◎データ入力からはじめる一般事務♪,,愛知県名古屋市中村区名駅1-1-4,,,正社員,いいえ,月給,250000,300000,範囲で表示,なし,,,,,,,固定時間制,160,,厚生年金、健康保険、雇用保険、労災保険,,なし,,,,,,,,,,,,,,,,,,"✦・━━━━━━━━━━━━━━━・✦
＼名古屋駅エリアで募集中／
9:00〜18:00・残業なしの一般事務◎
✦・━━━━━━━━━━━━━━━・✦

「接客や販売から、事務職に変わりたい」
「毎日同じ時間に帰れる仕事がいい」

一般事務は、9:00〜18:00の固定時間制。
残業なしで定時退社が基本なので、
生活のリズムを崩さずに働けます。

＝＝＝＝＝＝＝＝＝＝＝＝＝＝＝
【✧1日の流れ（一例）✧】

■ 9:00 出社
メールと郵便物を確認し、その日の予定を整理します。

■ 午前
データ入力や書類の作成を進めます。
電話がかかってきたら、担当者へ取り次ぎます。

■ 昼休憩（1時間）

■ 午後
書類のファイリング、備品の在庫確認・発注。
来客があればご案内します。

■ 18:00 退社
翌日の分を確認して、定時で退社します。

＝＝＝＝＝＝＝＝＝＝＝＝＝＝＝
【✨はじめての方へ✨】

✔ 経験・資格は必要ありません
✔ 最初はデータ入力など、決まった形式の作業から
✔ 分からないことは、その場で確認できます
✔ 服装・ネイル自由

＝＝＝＝＝＝＝＝＝＝＝＝＝＝＝
【✧待遇✧】

✅ 社会保険完備・交通費支給
✅ 昇給年1回・賞与年2回
✅ 資格取得支援制度あり

【勤務地】
愛知県名古屋市中村区名駅1-1-4（名古屋駅から徒歩圏内）","✅【残業なし・定時退社が基本】9:00〜18:00の固定時間制。仕事終わりの予定が立てやすく、プライベートの時間を確保できます。
✅【未経験からスタート】最初はデータ入力など決まった形式の作業から。分からないことはその場で確認しながら、少しずつ担当を広げていけます。
✅【服装・ネイル自由】自分らしいスタイルで働けます。
✅【昇給年1回・賞与年2回】社会保険完備、交通費支給、住宅手当・家族手当・皆勤手当あり。
✅【面接1回・履歴書任意】まずは興味がある程度で構いません。お気軽にご応募ください。","【応募資格】
・未経験OK、職務経験不問
・学歴・資格不問

例外事由3号のイにより、長期キャリア形成を図るため、
39歳以下を募集しております。

★歓迎条件
・パソコンでの文字入力に慣れている方
・接客・販売など、人と接する仕事の経験がある方

▼こんな方におすすめ▼
・コツコツ正確に進める作業が好きな方
・残業なしで、生活のリズムを保って働きたい方
・人をサポートする仕事にやりがいを感じる方",・9:00~18:00（休憩1時間を含む）,"* *完全週休2日制（土日祝休み）*: カレンダー通りに休みたい人向け。友人との予定合わせや、フェス・イベント参加に最適。
* *年間休日120日以上*: 大手企業の倉庫や工場に多いパターン。「仕事のために生きてるわけじゃない」という層に刺さる数字。",,名古屋駅から徒歩圏内！！,"・昇給年1回、賞与年2回
・住宅手当
・通勤手当
・家族手当
・皆勤手当","・交通費支給
・社会保険完備
・昇給・賞与（ボーナス）あり
・資格取得支援制度
・健康診断・インフルエンザ予防接種
・服装・ネイル自由","【選考について】
最短面接1回で内定です。
まずは興味がある程度で構いません。
お気軽にご応募ください。

＜選考の手順＞
【1】応募（履歴書は任意）
【2】面接（1回）
【3】内定

＝＝＝＝＝＝＝＝＝＝
＜労働条件の明示＞
■ 就業場所の変更の範囲
変更なし（本求人の勤務地のみ）
■ 従事すべき業務の変更の範囲
変更なし（本求人の業務のみ）",,残業なし、交通費支給、即日勤務OK、昇給・昇格あり,2,任意,生年月日、性別、電話番号,entry@orium.co.jp,,,利用する,"preferred:
  keywords:
    professional: [一般事務, 事務補助, データ入力, 書類作成, ファイリング, 電話応対, 来客対応, 備品管理,
      郵便物対応, スケジュール管理, 伝票処理, 経費精算, 庶務, OA事務, 受付事務, パソコン入力]
",
募集中,オリアム株式会社,《未経験OK》データ入力・一般事務/梅田,一般事務,残業なし・定時退社が基本◎はじめての事務職デビュー♪,,大阪府大阪市北区角田町8-47,,,正社員,いいえ,月給,250000,300000,範囲で表示,なし,,,,,,,固定時間制,160,,厚生年金、健康保険、雇用保険、労災保険,,なし,,,,,,,,,,,,,,,,,,"✦・━━━━━━━━━━━━━━━・✦
＼梅田駅エリアで募集中／
まずはデータ入力から。一般事務スタッフ◎
✦・━━━━━━━━━━━━━━━・✦

事務の仕事は、覚えることが多そうに見えて
実際は「決まった手順を正確に繰り返す」ことが中心です。

はじめはデータ入力から。
慣れてきたら、書類作成や電話対応へと
少しずつ担当を広げていきます。

＝＝＝＝＝＝＝＝＝＝＝＝＝＝＝
【✧担当する業務✧】

■ データ入力：決まった形式に数字や文字を入力する
■ 書類作成：ひな形をもとに書類を作る
■ ファイリング：書類を種類ごとに整理・保管する
■ 電話・メール対応：用件を聞いて担当者へ取り次ぐ
■ 来客対応：お客様のご案内、お茶出し
■ 備品管理：文房具などの在庫確認と発注

どの業務も、手順は先輩に確認しながら進められます。
自分ひとりで判断しなければならない場面は多くありません。

＝＝＝＝＝＝＝＝＝＝＝＝＝＝＝
【✨はじめやすいポイント✨】

✔ 経験・資格は必要ありません
✔ 9:00〜18:00の固定時間制（休憩1時間）
✔ 残業なし・定時退社が基本
✔ 服装・ネイル自由
✔ 面接は1回、履歴書は任意

＝＝＝＝＝＝＝＝＝＝＝＝＝＝＝
【✧待遇✧】

✅ 社会保険完備・交通費支給
✅ 昇給年1回・賞与年2回
✅ 健康診断・インフルエンザ予防接種

「コツコツ正確に進める仕事が好き」
そんな方に向いています。

【勤務地】
大阪府大阪市北区角田町8-47（梅田駅から徒歩圏内）","✅【残業なし・定時退社が基本】9:00〜18:00の固定時間制。仕事終わりの予定が立てやすく、プライベートの時間を確保できます。
✅【未経験からスタート】最初はデータ入力など決まった形式の作業から。分からないことはその場で確認しながら、少しずつ担当を広げていけます。
✅【服装・ネイル自由】自分らしいスタイルで働けます。
✅【昇給年1回・賞与年2回】社会保険完備、交通費支給、住宅手当・家族手当・皆勤手当あり。
✅【面接1回・履歴書任意】まずは興味がある程度で構いません。お気軽にご応募ください。","【応募資格】
・未経験OK、職務経験不問
・学歴・資格不問

例外事由3号のイにより、長期キャリア形成を図るため、
39歳以下を募集しております。

★歓迎条件
・パソコンでの文字入力に慣れている方
・接客・販売など、人と接する仕事の経験がある方

▼こんな方におすすめ▼
・コツコツ正確に進める作業が好きな方
・残業なしで、生活のリズムを保って働きたい方
・人をサポートする仕事にやりがいを感じる方",・9:00~18:00（休憩1時間を含む）,"* *完全週休2日制（土日祝休み）*: カレンダー通りに休みたい人向け。友人との予定合わせや、フェス・イベント参加に最適。
* *年間休日120日以上*: 大手企業の倉庫や工場に多いパターン。「仕事のために生きてるわけじゃない」という層に刺さる数字。",,梅田駅から徒歩圏内！！,"・昇給年1回、賞与年2回
・住宅手当
・通勤手当
・家族手当
・皆勤手当","・交通費支給
・社会保険完備
・昇給・賞与（ボーナス）あり
・資格取得支援制度
・健康診断・インフルエンザ予防接種
・服装・ネイル自由","【選考について】
最短面接1回で内定です。
まずは興味がある程度で構いません。
お気軽にご応募ください。

＜選考の手順＞
【1】応募（履歴書は任意）
【2】面接（1回）
【3】内定

＝＝＝＝＝＝＝＝＝＝
＜労働条件の明示＞
■ 就業場所の変更の範囲
変更なし（本求人の勤務地のみ）
■ 従事すべき業務の変更の範囲
変更なし（本求人の業務のみ）",,残業なし、交通費支給、即日勤務OK、昇給・昇格あり,2,任意,生年月日、性別、電話番号,entry@orium.co.jp,,,利用する,"preferred:
  keywords:
    professional: [一般事務, 事務補助, データ入力, 書類作成, ファイリング, 電話応対, 来客対応, 備品管理,
      郵便物対応, スケジュール管理, 伝票処理, 経費精算, 庶務, OA事務, 受付事務, パソコン入力]
",
募集中,オリアム株式会社,《未経験OK》一般事務/新宿,一般事務,9:00〜18:00の固定時間◎生活リズムを崩さないオフィスワーク♪,,東京都新宿区新宿3-38-1,,,正社員,いいえ,月給,250000,300000,範囲で表示,なし,,,,,,,固定時間制,160,,厚生年金、健康保険、雇用保険、労災保険,,なし,,,,,,,,,,,,,,,,,,"✦・━━━━━━━━━━━━━━━・✦
＼新宿駅エリアで一般事務を募集中／
未経験からはじめるオフィスワーク◎
✦・━━━━━━━━━━━━━━━・✦

「事務の仕事に興味はあるけど経験がない…」
「パソコンは文字入力くらいしかできない…」

そんな方も、ひとつずつ覚えていける環境です。
最初は決まった形式への入力からスタートします。

＝＝＝＝＝＝＝＝＝＝＝＝＝＝＝
【✨この職場の魅力✨】

✅ 残業なし・定時退社が基本
9:00〜18:00の固定時間制なので、
仕事終わりの予定も立てやすいです。

✅ 未経験からスタート
分からないことは、その場で確認しながら
少しずつできる範囲を広げていけます。

✅ 服装・ネイル自由
自分らしいスタイルで働けます。

＝＝＝＝＝＝＝＝＝＝＝＝＝＝＝
【✧お仕事内容✧】

■ データ入力
決まった形式に、数字や文字を入力します。

■ 書類の作成・ファイリング
書類を作成し、種類ごとに整理して保管します。

■ 電話・メール対応
問い合わせを受け、担当者へ取り次ぎます。

■ 来客対応
お客様をご案内し、お茶出しなどを行います。

■ 備品の管理・発注
文房具などの在庫を確認し、必要な分を注文します。

＝＝＝＝＝＝＝＝＝＝＝＝＝＝＝
【✨働きやすいポイント✨】

✔ 9:00〜18:00の固定時間制（休憩1時間）
✔ 残業なし・定時退社が基本
✔ 社会保険完備・交通費支給
✔ 昇給年1回・賞与年2回

「人をサポートする仕事がしたい」
「腰を据えてオフィスで働きたい」
そんな方をお待ちしています！

【勤務地】
東京都新宿区新宿3-38-1（新宿駅から徒歩圏内）","✅【残業なし・定時退社が基本】9:00〜18:00の固定時間制。仕事終わりの予定が立てやすく、プライベートの時間を確保できます。
✅【未経験からスタート】最初はデータ入力など決まった形式の作業から。分からないことはその場で確認しながら、少しずつ担当を広げていけます。
✅【服装・ネイル自由】自分らしいスタイルで働けます。
✅【昇給年1回・賞与年2回】社会保険完備、交通費支給、住宅手当・家族手当・皆勤手当あり。
✅【面接1回・履歴書任意】まずは興味がある程度で構いません。お気軽にご応募ください。","【応募資格】
・未経験OK、職務経験不問
・学歴・資格不問

例外事由3号のイにより、長期キャリア形成を図るため、
39歳以下を募集しております。

★歓迎条件
・パソコンでの文字入力に慣れている方
・接客・販売など、人と接する仕事の経験がある方

▼こんな方におすすめ▼
・コツコツ正確に進める作業が好きな方
・残業なしで、生活のリズムを保って働きたい方
・人をサポートする仕事にやりがいを感じる方",・9:00~18:00（休憩1時間を含む）,"* *完全週休2日制（土日祝休み）*: カレンダー通りに休みたい人向け。友人との予定合わせや、フェス・イベント参加に最適。
* *年間休日120日以上*: 大手企業の倉庫や工場に多いパターン。「仕事のために生きてるわけじゃない」という層に刺さる数字。",,新宿駅から徒歩圏内！！,"・昇給年1回、賞与年2回
・住宅手当
・通勤手当
・家族手当
・皆勤手当","・交通費支給
・社会保険完備
・昇給・賞与（ボーナス）あり
・資格取得支援制度
・健康診断・インフルエンザ予防接種
・服装・ネイル自由","【選考について】
最短面接1回で内定です。
まずは興味がある程度で構いません。
お気軽にご応募ください。

＜選考の手順＞
【1】応募（履歴書は任意）
【2】面接（1回）
【3】内定

＝＝＝＝＝＝＝＝＝＝
＜労働条件の明示＞
■ 就業場所の変更の範囲
変更なし（本求人の勤務地のみ）
■ 従事すべき業務の変更の範囲
変更なし（本求人の業務のみ）",,残業なし、交通費支給、即日勤務OK、昇給・昇格あり,2,任意,生年月日、性別、電話番号,entry@orium.co.jp,,,利用する,"preferred:
  keywords:
    professional: [一般事務, 事務補助, データ入力, 書類作成, ファイリング, 電話応対, 来客対応, 備品管理,
      郵便物対応, スケジュール管理, 伝票処理, 経費精算, 庶務, OA事務, 受付事務, パソコン入力]
",
募集中,オリアム株式会社,《未経験OK》一般事務スタッフ/京都,一般事務,服装・ネイル自由◎自分らしく働ける一般事務スタッフ♪,,京都府京都市下京区東塩小路町,,,正社員,いいえ,月給,250000,300000,範囲で表示,なし,,,,,,,固定時間制,160,,厚生年金、健康保険、雇用保険、労災保険,,なし,,,,,,,,,,,,,,,,,,"✦・━━━━━━━━━━━━━━━・✦
＼京都駅エリアで募集中／
9:00〜18:00・残業なしの一般事務◎
✦・━━━━━━━━━━━━━━━・✦

「接客や販売から、事務職に変わりたい」
「毎日同じ時間に帰れる仕事がいい」

一般事務は、9:00〜18:00の固定時間制。
残業なしで定時退社が基本なので、
生活のリズムを崩さずに働けます。

＝＝＝＝＝＝＝＝＝＝＝＝＝＝＝
【✧1日の流れ（一例）✧】

■ 9:00 出社
メールと郵便物を確認し、その日の予定を整理します。

■ 午前
データ入力や書類の作成を進めます。
電話がかかってきたら、担当者へ取り次ぎます。

■ 昼休憩（1時間）

■ 午後
書類のファイリング、備品の在庫確認・発注。
来客があればご案内します。

■ 18:00 退社
翌日の分を確認して、定時で退社します。

＝＝＝＝＝＝＝＝＝＝＝＝＝＝＝
【✨はじめての方へ✨】

✔ 経験・資格は必要ありません
✔ 最初はデータ入力など、決まった形式の作業から
✔ 分からないことは、その場で確認できます
✔ 服装・ネイル自由

＝＝＝＝＝＝＝＝＝＝＝＝＝＝＝
【✧待遇✧】

✅ 社会保険完備・交通費支給
✅ 昇給年1回・賞与年2回
✅ 資格取得支援制度あり

【勤務地】
京都府京都市下京区東塩小路町（京都駅から徒歩圏内）","✅【残業なし・定時退社が基本】9:00〜18:00の固定時間制。仕事終わりの予定が立てやすく、プライベートの時間を確保できます。
✅【未経験からスタート】最初はデータ入力など決まった形式の作業から。分からないことはその場で確認しながら、少しずつ担当を広げていけます。
✅【服装・ネイル自由】自分らしいスタイルで働けます。
✅【昇給年1回・賞与年2回】社会保険完備、交通費支給、住宅手当・家族手当・皆勤手当あり。
✅【面接1回・履歴書任意】まずは興味がある程度で構いません。お気軽にご応募ください。","【応募資格】
・未経験OK、職務経験不問
・学歴・資格不問

例外事由3号のイにより、長期キャリア形成を図るため、
39歳以下を募集しております。

★歓迎条件
・パソコンでの文字入力に慣れている方
・接客・販売など、人と接する仕事の経験がある方

▼こんな方におすすめ▼
・コツコツ正確に進める作業が好きな方
・残業なしで、生活のリズムを保って働きたい方
・人をサポートする仕事にやりがいを感じる方",・9:00~18:00（休憩1時間を含む）,"* *完全週休2日制（土日祝休み）*: カレンダー通りに休みたい人向け。友人との予定合わせや、フェス・イベント参加に最適。
* *年間休日120日以上*: 大手企業の倉庫や工場に多いパターン。「仕事のために生きてるわけじゃない」という層に刺さる数字。",,京都駅から徒歩圏内！！,"・昇給年1回、賞与年2回
・住宅手当
・通勤手当
・家族手当
・皆勤手当","・交通費支給
・社会保険完備
・昇給・賞与（ボーナス）あり
・資格取得支援制度
・健康診断・インフルエンザ予防接種
・服装・ネイル自由","【選考について】
最短面接1回で内定です。
まずは興味がある程度で構いません。
お気軽にご応募ください。

＜選考の手順＞
【1】応募（履歴書は任意）
【2】面接（1回）
【3】内定

＝＝＝＝＝＝＝＝＝＝
＜労働条件の明示＞
■ 就業場所の変更の範囲
変更なし（本求人の勤務地のみ）
■ 従事すべき業務の変更の範囲
変更なし（本求人の業務のみ）",,残業なし、交通費支給、即日勤務OK、昇給・昇格あり,2,任意,生年月日、性別、電話番号,entry@orium.co.jp,,,利用する,"preferred:
  keywords:
    professional: [一般事務, 事務補助, データ入力, 書類作成, ファイリング, 電話応対, 来客対応, 備品管理,
      郵便物対応, スケジュール管理, 伝票処理, 経費精算, 庶務, OA事務, 受付事務, パソコン入力]
",
募集中,オリアム株式会社,《未経験OK》データ入力・一般事務/横浜,一般事務,面接1回・履歴書任意◎未経験から事務職をはじめませんか♪,,神奈川県横浜市西区高島2-16-1,,,正社員,いいえ,月給,250000,300000,範囲で表示,なし,,,,,,,固定時間制,160,,厚生年金、健康保険、雇用保険、労災保険,,なし,,,,,,,,,,,,,,,,,,"✦・━━━━━━━━━━━━━━━・✦
＼横浜駅エリアで募集中／
まずはデータ入力から。一般事務スタッフ◎
✦・━━━━━━━━━━━━━━━・✦

事務の仕事は、覚えることが多そうに見えて
実際は「決まった手順を正確に繰り返す」ことが中心です。

はじめはデータ入力から。
慣れてきたら、書類作成や電話対応へと
少しずつ担当を広げていきます。

＝＝＝＝＝＝＝＝＝＝＝＝＝＝＝
【✧担当する業務✧】

■ データ入力：決まった形式に数字や文字を入力する
■ 書類作成：ひな形をもとに書類を作る
■ ファイリング：書類を種類ごとに整理・保管する
■ 電話・メール対応：用件を聞いて担当者へ取り次ぐ
■ 来客対応：お客様のご案内、お茶出し
■ 備品管理：文房具などの在庫確認と発注

どの業務も、手順は先輩に確認しながら進められます。
自分ひとりで判断しなければならない場面は多くありません。

＝＝＝＝＝＝＝＝＝＝＝＝＝＝＝
【✨はじめやすいポイント✨】

✔ 経験・資格は必要ありません
✔ 9:00〜18:00の固定時間制（休憩1時間）
✔ 残業なし・定時退社が基本
✔ 服装・ネイル自由
✔ 面接は1回、履歴書は任意

＝＝＝＝＝＝＝＝＝＝＝＝＝＝＝
【✧待遇✧】

✅ 社会保険完備・交通費支給
✅ 昇給年1回・賞与年2回
✅ 健康診断・インフルエンザ予防接種

「コツコツ正確に進める仕事が好き」
そんな方に向いています。

【勤務地】
神奈川県横浜市西区高島2-16-1（横浜駅から徒歩圏内）","✅【残業なし・定時退社が基本】9:00〜18:00の固定時間制。仕事終わりの予定が立てやすく、プライベートの時間を確保できます。
✅【未経験からスタート】最初はデータ入力など決まった形式の作業から。分からないことはその場で確認しながら、少しずつ担当を広げていけます。
✅【服装・ネイル自由】自分らしいスタイルで働けます。
✅【昇給年1回・賞与年2回】社会保険完備、交通費支給、住宅手当・家族手当・皆勤手当あり。
✅【面接1回・履歴書任意】まずは興味がある程度で構いません。お気軽にご応募ください。","【応募資格】
・未経験OK、職務経験不問
・学歴・資格不問

例外事由3号のイにより、長期キャリア形成を図るため、
39歳以下を募集しております。

★歓迎条件
・パソコンでの文字入力に慣れている方
・接客・販売など、人と接する仕事の経験がある方

▼こんな方におすすめ▼
・コツコツ正確に進める作業が好きな方
・残業なしで、生活のリズムを保って働きたい方
・人をサポートする仕事にやりがいを感じる方",・9:00~18:00（休憩1時間を含む）,"* *完全週休2日制（土日祝休み）*: カレンダー通りに休みたい人向け。友人との予定合わせや、フェス・イベント参加に最適。
* *年間休日120日以上*: 大手企業の倉庫や工場に多いパターン。「仕事のために生きてるわけじゃない」という層に刺さる数字。",,横浜駅から徒歩圏内！！,"・昇給年1回、賞与年2回
・住宅手当
・通勤手当
・家族手当
・皆勤手当","・交通費支給
・社会保険完備
・昇給・賞与（ボーナス）あり
・資格取得支援制度
・健康診断・インフルエンザ予防接種
・服装・ネイル自由","【選考について】
最短面接1回で内定です。
まずは興味がある程度で構いません。
お気軽にご応募ください。

＜選考の手順＞
【1】応募（履歴書は任意）
【2】面接（1回）
【3】内定

＝＝＝＝＝＝＝＝＝＝
＜労働条件の明示＞
■ 就業場所の変更の範囲
変更なし（本求人の勤務地のみ）
■ 従事すべき業務の変更の範囲
変更なし（本求人の業務のみ）",,残業なし、交通費支給、即日勤務OK、昇給・昇格あり,2,任意,生年月日、性別、電話番号,entry@orium.co.jp,,,利用する,"preferred:
  keywords:
    professional: [一般事務, 事務補助, データ入力, 書類作成, ファイリング, 電話応対, 来客対応, 備品管理,
      郵便物対応, スケジュール管理, 伝票処理, 経費精算, 庶務, OA事務, 受付事務, パソコン入力]
",
募集中,オリアム株式会社,《未経験OK》一般事務/本町,一般事務,未経験OK◎データ入力からはじめる一般事務♪,,大阪府大阪市中央区船場中央4-1-7,,,正社員,いいえ,月給,250000,300000,範囲で表示,なし,,,,,,,固定時間制,160,,厚生年金、健康保険、雇用保険、労災保険,,なし,,,,,,,,,,,,,,,,,,"✦・━━━━━━━━━━━━━━━・✦
＼本町駅エリアで一般事務を募集中／
未経験からはじめるオフィスワーク◎
✦・━━━━━━━━━━━━━━━・✦

「事務の仕事に興味はあるけど経験がない…」
「パソコンは文字入力くらいしかできない…」

そんな方も、ひとつずつ覚えていける環境です。
最初は決まった形式への入力からスタートします。

＝＝＝＝＝＝＝＝＝＝＝＝＝＝＝
【✨この職場の魅力✨】

✅ 残業なし・定時退社が基本
9:00〜18:00の固定時間制なので、
仕事終わりの予定も立てやすいです。

✅ 未経験からスタート
分からないことは、その場で確認しながら
少しずつできる範囲を広げていけます。

✅ 服装・ネイル自由
自分らしいスタイルで働けます。

＝＝＝＝＝＝＝＝＝＝＝＝＝＝＝
【✧お仕事内容✧】

■ データ入力
決まった形式に、数字や文字を入力します。

■ 書類の作成・ファイリング
書類を作成し、種類ごとに整理して保管します。

■ 電話・メール対応
問い合わせを受け、担当者へ取り次ぎます。

■ 来客対応
お客様をご案内し、お茶出しなどを行います。

■ 備品の管理・発注
文房具などの在庫を確認し、必要な分を注文します。

＝＝＝＝＝＝＝＝＝＝＝＝＝＝＝
【✨働きやすいポイント✨】

✔ 9:00〜18:00の固定時間制（休憩1時間）
✔ 残業なし・定時退社が基本
✔ 社会保険完備・交通費支給
✔ 昇給年1回・賞与年2回

「人をサポートする仕事がしたい」
「腰を据えてオフィスで働きたい」
そんな方をお待ちしています！

【勤務地】
大阪府大阪市中央区船場中央4-1-7（本町駅から徒歩圏内）","✅【残業なし・定時退社が基本】9:00〜18:00の固定時間制。仕事終わりの予定が立てやすく、プライベートの時間を確保できます。
✅【未経験からスタート】最初はデータ入力など決まった形式の作業から。分からないことはその場で確認しながら、少しずつ担当を広げていけます。
✅【服装・ネイル自由】自分らしいスタイルで働けます。
✅【昇給年1回・賞与年2回】社会保険完備、交通費支給、住宅手当・家族手当・皆勤手当あり。
✅【面接1回・履歴書任意】まずは興味がある程度で構いません。お気軽にご応募ください。","【応募資格】
・未経験OK、職務経験不問
・学歴・資格不問

例外事由3号のイにより、長期キャリア形成を図るため、
39歳以下を募集しております。

★歓迎条件
・パソコンでの文字入力に慣れている方
・接客・販売など、人と接する仕事の経験がある方

▼こんな方におすすめ▼
・コツコツ正確に進める作業が好きな方
・残業なしで、生活のリズムを保って働きたい方
・人をサポートする仕事にやりがいを感じる方",・9:00~18:00（休憩1時間を含む）,"* *完全週休2日制（土日祝休み）*: カレンダー通りに休みたい人向け。友人との予定合わせや、フェス・イベント参加に最適。
* *年間休日120日以上*: 大手企業の倉庫や工場に多いパターン。「仕事のために生きてるわけじゃない」という層に刺さる数字。",,本町駅から徒歩圏内！！,"・昇給年1回、賞与年2回
・住宅手当
・通勤手当
・家族手当
・皆勤手当","・交通費支給
・社会保険完備
・昇給・賞与（ボーナス）あり
・資格取得支援制度
・健康診断・インフルエンザ予防接種
・服装・ネイル自由","【選考について】
最短面接1回で内定です。
まずは興味がある程度で構いません。
お気軽にご応募ください。

＜選考の手順＞
【1】応募（履歴書は任意）
【2】面接（1回）
【3】内定

＝＝＝＝＝＝＝＝＝＝
＜労働条件の明示＞
■ 就業場所の変更の範囲
変更なし（本求人の勤務地のみ）
■ 従事すべき業務の変更の範囲
変更なし（本求人の業務のみ）",,残業なし、交通費支給、即日勤務OK、昇給・昇格あり,2,任意,生年月日、性別、電話番号,entry@orium.co.jp,,,利用する,"preferred:
  keywords:
    professional: [一般事務, 事務補助, データ入力, 書類作成, ファイリング, 電話応対, 来客対応, 備品管理,
      郵便物対応, スケジュール管理, 伝票処理, 経費精算, 庶務, OA事務, 受付事務, パソコン入力]
",
募集中,オリアム株式会社,《未経験OK》一般事務スタッフ/二条,一般事務,残業なし・定時退社が基本◎はじめての事務職デビュー♪,,京都府京都市中京区西ノ京栂尾町,,,正社員,いいえ,月給,250000,300000,範囲で表示,なし,,,,,,,固定時間制,160,,厚生年金、健康保険、雇用保険、労災保険,,なし,,,,,,,,,,,,,,,,,,"✦・━━━━━━━━━━━━━━━・✦
＼二条駅エリアで募集中／
9:00〜18:00・残業なしの一般事務◎
✦・━━━━━━━━━━━━━━━・✦

「接客や販売から、事務職に変わりたい」
「毎日同じ時間に帰れる仕事がいい」

一般事務は、9:00〜18:00の固定時間制。
残業なしで定時退社が基本なので、
生活のリズムを崩さずに働けます。

＝＝＝＝＝＝＝＝＝＝＝＝＝＝＝
【✧1日の流れ（一例）✧】

■ 9:00 出社
メールと郵便物を確認し、その日の予定を整理します。

■ 午前
データ入力や書類の作成を進めます。
電話がかかってきたら、担当者へ取り次ぎます。

■ 昼休憩（1時間）

■ 午後
書類のファイリング、備品の在庫確認・発注。
来客があればご案内します。

■ 18:00 退社
翌日の分を確認して、定時で退社します。

＝＝＝＝＝＝＝＝＝＝＝＝＝＝＝
【✨はじめての方へ✨】

✔ 経験・資格は必要ありません
✔ 最初はデータ入力など、決まった形式の作業から
✔ 分からないことは、その場で確認できます
✔ 服装・ネイル自由

＝＝＝＝＝＝＝＝＝＝＝＝＝＝＝
【✧待遇✧】

✅ 社会保険完備・交通費支給
✅ 昇給年1回・賞与年2回
✅ 資格取得支援制度あり

【勤務地】
京都府京都市中京区西ノ京栂尾町（二条駅から徒歩圏内）","✅【残業なし・定時退社が基本】9:00〜18:00の固定時間制。仕事終わりの予定が立てやすく、プライベートの時間を確保できます。
✅【未経験からスタート】最初はデータ入力など決まった形式の作業から。分からないことはその場で確認しながら、少しずつ担当を広げていけます。
✅【服装・ネイル自由】自分らしいスタイルで働けます。
✅【昇給年1回・賞与年2回】社会保険完備、交通費支給、住宅手当・家族手当・皆勤手当あり。
✅【面接1回・履歴書任意】まずは興味がある程度で構いません。お気軽にご応募ください。","【応募資格】
・未経験OK、職務経験不問
・学歴・資格不問

例外事由3号のイにより、長期キャリア形成を図るため、
39歳以下を募集しております。

★歓迎条件
・パソコンでの文字入力に慣れている方
・接客・販売など、人と接する仕事の経験がある方

▼こんな方におすすめ▼
・コツコツ正確に進める作業が好きな方
・残業なしで、生活のリズムを保って働きたい方
・人をサポートする仕事にやりがいを感じる方",・9:00~18:00（休憩1時間を含む）,"* *完全週休2日制（土日祝休み）*: カレンダー通りに休みたい人向け。友人との予定合わせや、フェス・イベント参加に最適。
* *年間休日120日以上*: 大手企業の倉庫や工場に多いパターン。「仕事のために生きてるわけじゃない」という層に刺さる数字。",,二条駅から徒歩圏内！！,"・昇給年1回、賞与年2回
・住宅手当
・通勤手当
・家族手当
・皆勤手当","・交通費支給
・社会保険完備
・昇給・賞与（ボーナス）あり
・資格取得支援制度
・健康診断・インフルエンザ予防接種
・服装・ネイル自由","【選考について】
最短面接1回で内定です。
まずは興味がある程度で構いません。
お気軽にご応募ください。

＜選考の手順＞
【1】応募（履歴書は任意）
【2】面接（1回）
【3】内定

＝＝＝＝＝＝＝＝＝＝
＜労働条件の明示＞
■ 就業場所の変更の範囲
変更なし（本求人の勤務地のみ）
■ 従事すべき業務の変更の範囲
変更なし（本求人の業務のみ）",,残業なし、交通費支給、即日勤務OK、昇給・昇格あり,2,任意,生年月日、性別、電話番号,entry@orium.co.jp,,,利用する,"preferred:
  keywords:
    professional: [一般事務, 事務補助, データ入力, 書類作成, ファイリング, 電話応対, 来客対応, 備品管理,
      郵便物対応, スケジュール管理, 伝票処理, 経費精算, 庶務, OA事務, 受付事務, パソコン入力]
",
募集中,オリアム株式会社,《未経験OK》データ入力・一般事務/藤が丘,一般事務,9:00〜18:00の固定時間◎生活リズムを崩さないオフィスワーク♪,,愛知県名古屋市名東区藤が丘163-1,,,正社員,いいえ,月給,250000,300000,範囲で表示,なし,,,,,,,固定時間制,160,,厚生年金、健康保険、雇用保険、労災保険,,なし,,,,,,,,,,,,,,,,,,"✦・━━━━━━━━━━━━━━━・✦
＼藤が丘駅エリアで募集中／
まずはデータ入力から。一般事務スタッフ◎
✦・━━━━━━━━━━━━━━━・✦

事務の仕事は、覚えることが多そうに見えて
実際は「決まった手順を正確に繰り返す」ことが中心です。

はじめはデータ入力から。
慣れてきたら、書類作成や電話対応へと
少しずつ担当を広げていきます。

＝＝＝＝＝＝＝＝＝＝＝＝＝＝＝
【✧担当する業務✧】

■ データ入力：決まった形式に数字や文字を入力する
■ 書類作成：ひな形をもとに書類を作る
■ ファイリング：書類を種類ごとに整理・保管する
■ 電話・メール対応：用件を聞いて担当者へ取り次ぐ
■ 来客対応：お客様のご案内、お茶出し
■ 備品管理：文房具などの在庫確認と発注

どの業務も、手順は先輩に確認しながら進められます。
自分ひとりで判断しなければならない場面は多くありません。

＝＝＝＝＝＝＝＝＝＝＝＝＝＝＝
【✨はじめやすいポイント✨】

✔ 経験・資格は必要ありません
✔ 9:00〜18:00の固定時間制（休憩1時間）
✔ 残業なし・定時退社が基本
✔ 服装・ネイル自由
✔ 面接は1回、履歴書は任意

＝＝＝＝＝＝＝＝＝＝＝＝＝＝＝
【✧待遇✧】

✅ 社会保険完備・交通費支給
✅ 昇給年1回・賞与年2回
✅ 健康診断・インフルエンザ予防接種

「コツコツ正確に進める仕事が好き」
そんな方に向いています。

【勤務地】
愛知県名古屋市名東区藤が丘163-1（藤が丘駅から徒歩圏内）","✅【残業なし・定時退社が基本】9:00〜18:00の固定時間制。仕事終わりの予定が立てやすく、プライベートの時間を確保できます。
✅【未経験からスタート】最初はデータ入力など決まった形式の作業から。分からないことはその場で確認しながら、少しずつ担当を広げていけます。
✅【服装・ネイル自由】自分らしいスタイルで働けます。
✅【昇給年1回・賞与年2回】社会保険完備、交通費支給、住宅手当・家族手当・皆勤手当あり。
✅【面接1回・履歴書任意】まずは興味がある程度で構いません。お気軽にご応募ください。","【応募資格】
・未経験OK、職務経験不問
・学歴・資格不問

例外事由3号のイにより、長期キャリア形成を図るため、
39歳以下を募集しております。

★歓迎条件
・パソコンでの文字入力に慣れている方
・接客・販売など、人と接する仕事の経験がある方

▼こんな方におすすめ▼
・コツコツ正確に進める作業が好きな方
・残業なしで、生活のリズムを保って働きたい方
・人をサポートする仕事にやりがいを感じる方",・9:00~18:00（休憩1時間を含む）,"* *完全週休2日制（土日祝休み）*: カレンダー通りに休みたい人向け。友人との予定合わせや、フェス・イベント参加に最適。
* *年間休日120日以上*: 大手企業の倉庫や工場に多いパターン。「仕事のために生きてるわけじゃない」という層に刺さる数字。",,藤が丘駅から徒歩圏内！！,"・昇給年1回、賞与年2回
・住宅手当
・通勤手当
・家族手当
・皆勤手当","・交通費支給
・社会保険完備
・昇給・賞与（ボーナス）あり
・資格取得支援制度
・健康診断・インフルエンザ予防接種
・服装・ネイル自由","【選考について】
最短面接1回で内定です。
まずは興味がある程度で構いません。
お気軽にご応募ください。

＜選考の手順＞
【1】応募（履歴書は任意）
【2】面接（1回）
【3】内定

＝＝＝＝＝＝＝＝＝＝
＜労働条件の明示＞
■ 就業場所の変更の範囲
変更なし（本求人の勤務地のみ）
■ 従事すべき業務の変更の範囲
変更なし（本求人の業務のみ）",,残業なし、交通費支給、即日勤務OK、昇給・昇格あり,2,任意,生年月日、性別、電話番号,entry@orium.co.jp,,,利用する,"preferred:
  keywords:
    professional: [一般事務, 事務補助, データ入力, 書類作成, ファイリング, 電話応対, 来客対応, 備品管理,
      郵便物対応, スケジュール管理, 伝票処理, 経費精算, 庶務, OA事務, 受付事務, パソコン入力]
",
募集中,オリアム株式会社,《未経験OK》一般事務/長津田,一般事務,服装・ネイル自由◎自分らしく働ける一般事務スタッフ♪,,神奈川県横浜市緑区長津田4-1-1,,,正社員,いいえ,月給,250000,300000,範囲で表示,なし,,,,,,,固定時間制,160,,厚生年金、健康保険、雇用保険、労災保険,,なし,,,,,,,,,,,,,,,,,,"✦・━━━━━━━━━━━━━━━・✦
＼長津田駅エリアで一般事務を募集中／
未経験からはじめるオフィスワーク◎
✦・━━━━━━━━━━━━━━━・✦

「事務の仕事に興味はあるけど経験がない…」
「パソコンは文字入力くらいしかできない…」

そんな方も、ひとつずつ覚えていける環境です。
最初は決まった形式への入力からスタートします。

＝＝＝＝＝＝＝＝＝＝＝＝＝＝＝
【✨この職場の魅力✨】

✅ 残業なし・定時退社が基本
9:00〜18:00の固定時間制なので、
仕事終わりの予定も立てやすいです。

✅ 未経験からスタート
分からないことは、その場で確認しながら
少しずつできる範囲を広げていけます。

✅ 服装・ネイル自由
自分らしいスタイルで働けます。

＝＝＝＝＝＝＝＝＝＝＝＝＝＝＝
【✧お仕事内容✧】

■ データ入力
決まった形式に、数字や文字を入力します。

■ 書類の作成・ファイリング
書類を作成し、種類ごとに整理して保管します。

■ 電話・メール対応
問い合わせを受け、担当者へ取り次ぎます。

■ 来客対応
お客様をご案内し、お茶出しなどを行います。

■ 備品の管理・発注
文房具などの在庫を確認し、必要な分を注文します。

＝＝＝＝＝＝＝＝＝＝＝＝＝＝＝
【✨働きやすいポイント✨】

✔ 9:00〜18:00の固定時間制（休憩1時間）
✔ 残業なし・定時退社が基本
✔ 社会保険完備・交通費支給
✔ 昇給年1回・賞与年2回

「人をサポートする仕事がしたい」
「腰を据えてオフィスで働きたい」
そんな方をお待ちしています！

【勤務地】
神奈川県横浜市緑区長津田4-1-1（長津田駅から徒歩圏内）","✅【残業なし・定時退社が基本】9:00〜18:00の固定時間制。仕事終わりの予定が立てやすく、プライベートの時間を確保できます。
✅【未経験からスタート】最初はデータ入力など決まった形式の作業から。分からないことはその場で確認しながら、少しずつ担当を広げていけます。
✅【服装・ネイル自由】自分らしいスタイルで働けます。
✅【昇給年1回・賞与年2回】社会保険完備、交通費支給、住宅手当・家族手当・皆勤手当あり。
✅【面接1回・履歴書任意】まずは興味がある程度で構いません。お気軽にご応募ください。","【応募資格】
・未経験OK、職務経験不問
・学歴・資格不問

例外事由3号のイにより、長期キャリア形成を図るため、
39歳以下を募集しております。

★歓迎条件
・パソコンでの文字入力に慣れている方
・接客・販売など、人と接する仕事の経験がある方

▼こんな方におすすめ▼
・コツコツ正確に進める作業が好きな方
・残業なしで、生活のリズムを保って働きたい方
・人をサポートする仕事にやりがいを感じる方",・9:00~18:00（休憩1時間を含む）,"* *完全週休2日制（土日祝休み）*: カレンダー通りに休みたい人向け。友人との予定合わせや、フェス・イベント参加に最適。
* *年間休日120日以上*: 大手企業の倉庫や工場に多いパターン。「仕事のために生きてるわけじゃない」という層に刺さる数字。",,長津田駅から徒歩圏内！！,"・昇給年1回、賞与年2回
・住宅手当
・通勤手当
・家族手当
・皆勤手当","・交通費支給
・社会保険完備
・昇給・賞与（ボーナス）あり
・資格取得支援制度
・健康診断・インフルエンザ予防接種
・服装・ネイル自由","【選考について】
最短面接1回で内定です。
まずは興味がある程度で構いません。
お気軽にご応募ください。

＜選考の手順＞
【1】応募（履歴書は任意）
【2】面接（1回）
【3】内定

＝＝＝＝＝＝＝＝＝＝
＜労働条件の明示＞
■ 就業場所の変更の範囲
変更なし（本求人の勤務地のみ）
■ 従事すべき業務の変更の範囲
変更なし（本求人の業務のみ）",,残業なし、交通費支給、即日勤務OK、昇給・昇格あり,2,任意,生年月日、性別、電話番号,entry@orium.co.jp,,,利用する,"preferred:
  keywords:
    professional: [一般事務, 事務補助, データ入力, 書類作成, ファイリング, 電話応対, 来客対応, 備品管理,
      郵便物対応, スケジュール管理, 伝票処理, 経費精算, 庶務, OA事務, 受付事務, パソコン入力]
",
募集中,オリアム株式会社,《未経験OK》一般事務スタッフ/上野,一般事務,面接1回・履歴書任意◎未経験から事務職をはじめませんか♪,,東京都台東区上野7-1-1,,,正社員,いいえ,月給,250000,300000,範囲で表示,なし,,,,,,,固定時間制,160,,厚生年金、健康保険、雇用保険、労災保険,,なし,,,,,,,,,,,,,,,,,,"✦・━━━━━━━━━━━━━━━・✦
＼上野駅エリアで募集中／
9:00〜18:00・残業なしの一般事務◎
✦・━━━━━━━━━━━━━━━・✦

「接客や販売から、事務職に変わりたい」
「毎日同じ時間に帰れる仕事がいい」

一般事務は、9:00〜18:00の固定時間制。
残業なしで定時退社が基本なので、
生活のリズムを崩さずに働けます。

＝＝＝＝＝＝＝＝＝＝＝＝＝＝＝
【✧1日の流れ（一例）✧】

■ 9:00 出社
メールと郵便物を確認し、その日の予定を整理します。

■ 午前
データ入力や書類の作成を進めます。
電話がかかってきたら、担当者へ取り次ぎます。

■ 昼休憩（1時間）

■ 午後
書類のファイリング、備品の在庫確認・発注。
来客があればご案内します。

■ 18:00 退社
翌日の分を確認して、定時で退社します。

＝＝＝＝＝＝＝＝＝＝＝＝＝＝＝
【✨はじめての方へ✨】

✔ 経験・資格は必要ありません
✔ 最初はデータ入力など、決まった形式の作業から
✔ 分からないことは、その場で確認できます
✔ 服装・ネイル自由

＝＝＝＝＝＝＝＝＝＝＝＝＝＝＝
【✧待遇✧】

✅ 社会保険完備・交通費支給
✅ 昇給年1回・賞与年2回
✅ 資格取得支援制度あり

【勤務地】
東京都台東区上野7-1-1（上野駅から徒歩圏内）","✅【残業なし・定時退社が基本】9:00〜18:00の固定時間制。仕事終わりの予定が立てやすく、プライベートの時間を確保できます。
✅【未経験からスタート】最初はデータ入力など決まった形式の作業から。分からないことはその場で確認しながら、少しずつ担当を広げていけます。
✅【服装・ネイル自由】自分らしいスタイルで働けます。
✅【昇給年1回・賞与年2回】社会保険完備、交通費支給、住宅手当・家族手当・皆勤手当あり。
✅【面接1回・履歴書任意】まずは興味がある程度で構いません。お気軽にご応募ください。","【応募資格】
・未経験OK、職務経験不問
・学歴・資格不問

例外事由3号のイにより、長期キャリア形成を図るため、
39歳以下を募集しております。

★歓迎条件
・パソコンでの文字入力に慣れている方
・接客・販売など、人と接する仕事の経験がある方

▼こんな方におすすめ▼
・コツコツ正確に進める作業が好きな方
・残業なしで、生活のリズムを保って働きたい方
・人をサポートする仕事にやりがいを感じる方",・9:00~18:00（休憩1時間を含む）,"* *完全週休2日制（土日祝休み）*: カレンダー通りに休みたい人向け。友人との予定合わせや、フェス・イベント参加に最適。
* *年間休日120日以上*: 大手企業の倉庫や工場に多いパターン。「仕事のために生きてるわけじゃない」という層に刺さる数字。",,上野駅から徒歩圏内！！,"・昇給年1回、賞与年2回
・住宅手当
・通勤手当
・家族手当
・皆勤手当","・交通費支給
・社会保険完備
・昇給・賞与（ボーナス）あり
・資格取得支援制度
・健康診断・インフルエンザ予防接種
・服装・ネイル自由","【選考について】
最短面接1回で内定です。
まずは興味がある程度で構いません。
お気軽にご応募ください。

＜選考の手順＞
【1】応募（履歴書は任意）
【2】面接（1回）
【3】内定

＝＝＝＝＝＝＝＝＝＝
＜労働条件の明示＞
■ 就業場所の変更の範囲
変更なし（本求人の勤務地のみ）
■ 従事すべき業務の変更の範囲
変更なし（本求人の業務のみ）",,残業なし、交通費支給、即日勤務OK、昇給・昇格あり,2,任意,生年月日、性別、電話番号,entry@orium.co.jp,,,利用する,"preferred:
  keywords:
    professional: [一般事務, 事務補助, データ入力, 書類作成, ファイリング, 電話応対, 来客対応, 備品管理,
      郵便物対応, スケジュール管理, 伝票処理, 経費精算, 庶務, OA事務, 受付事務, パソコン入力]
",
