行番号,案件No,会社名,職種名,キャッチコピー,仕事内容,アピールポイント
2,2951,株式会社ベストバイ,未経験OK｜ブランド買取スタッフ｜川西市,月給27.8万円〜◎個人ノルマなしのブランド買取スタッフ♪,"✦・━━━━━━━━━━━━━━━・✦
＼兵庫県川西市で募集中／
モノの価値を決める「査定」のプロへ。
未経験から始めるブランド買取スタッフ◎
✦・━━━━━━━━━━━━━━━・✦

「査定なんて、知識がないと無理では？」

その知識は、入ってから身につきます。
値づけは勘ではなく、手順で決まるからです。

＝＝＝＝＝＝＝＝＝＝＝＝＝＝＝
【✧査定は、この3ステップ✧】

■ ① 状態のチェック
傷・動作・付属品の有無を確認します。

■ ② 相場の確認
社内データと専用システムで市場価格を調べます。

■ ③ 価格の提示
状態と相場を掛け合わせて金額をお伝えします。

この3つを繰り返すうちに、
「この品はいくらか」が自然と分かるようになります。

＝＝＝＝＝＝＝＝＝＝＝＝＝＝＝
【✨このお仕事の魅力✨】

✅ 個人ノルマはありません
店舗の目標はありますが、個人に件数は課しません。
目の前のお客様との会話に集中できます。

✅ 高額品は一人で判断しません
本部のサポートチームが遠隔でアシストします。
独断でミスをするリスクがありません。

✅ 研修はオーダーメイド式
覚える速さは人それぞれ。
あなたのペースに合わせて進めます。

＝＝＝＝＝＝＝＝＝＝＝＝＝＝＝
【✧お仕事の内容✧】

■ 接客・買取査定
ブランド品・貴金属・高級時計・骨董品・お酒・
ジュエリー・家電・アパレル・楽器・ホビーなど

■ 店舗運営
陳列・レイアウト・POP作成。
自分の裁量でお店を作っていけます。

■ EC・事務
出品・発送・在庫管理

＝＝＝＝＝＝＝＝＝＝＝＝＝＝＝
【✔働き方✔】

✔ 09:45〜18:45（実働8時間／休憩1時間）
✔ 夜間勤務はありません
✔ 月平均の残業は10時間以下
✔ 週休二日制（シフト制／月8日以上）

まずはお気軽にご応募ください。

案件No：2951","《✼ここで働く4つの特徴✼》

✅ ① 個人ノルマなし、チームで動く
「今月あと○件…」という焦りがありません。
店舗の目標はありますが、個人に件数は課しません。
目の前のお客様との会話に集中できる環境です。

✅ ② 売り込まなくていい接客
買取は、お客様が「売りたい」と来てくださる仕事。
無理な営業は一切なく、正直な査定でお客様に
喜んでいただけます。
接客経験者ほど、この働き方の違いを実感するはずです。

✅ ③ 放っておかれない職場
わからないことはすぐ聞ける、困ったら誰かが動いてくれる。
高額品の査定は本部のサポートチームが遠隔でアシストします。

✅ ④ 頑張りが月収に反映されます
定期的に上長と面談を行い、成果を評価します。
等級が上がるたびに月収も上がる仕組みです。
賞与は年2回（6月・11月）、昇給は年1回（12月）。

＝＝＝＝＝＝＝＝＝＝＝＝＝＝＝
《✼待遇もしっかり✼》

✔ 交通費支給（上限35,000円／月）
✔ 住宅手当・家族手当・グレード手当・時間外手当
✔ 制服支給（オーダースーツ）
✔ 社員割引制度
✔ GLTD加入（所得補償保険／個人負担なし）
✔ 慰労金制度（勤続10年ごとに支給）
✔ iDeCoプラス・健康診断
✔ 年間休日110日、リフレッシュ休暇・フリーバカンス休暇あり"
3,2950,株式会社ベストバイ,未経験OK｜ブランド買取スタッフ｜川西市,月給27.8万円〜◎個人ノルマなしのブランド買取スタッフ♪,"✦・━━━━━━━━━━━━━━━・✦
＼兵庫県川西市で募集中／
売り込まない接客へ。ブランド買取スタッフ◎
✦・━━━━━━━━━━━━━━━・✦

「営業は数字に追われるもの」
そう思って、営業から離れた方へ。

買取は、お客様が「売りたい」と
自分から来てくださる仕事です。
こちらから売り込む場面がありません。

＝＝＝＝＝＝＝＝＝＝＝＝＝＝＝
【✨ここが他の営業と違います✨】

✅ 個人ノルマなし
店舗の目標はありますが、
個人に件数を課すことはしません。

✅ 追いかける営業ではありません
飛び込みもテレアポもありません。
ご来店いただいた方に、正直な査定をお伝えします。

✅ 判断を一人で背負いません
高額品の査定は本部が遠隔でアシストします。
困ったら誰かが動いてくれるチームです。

＝＝＝＝＝＝＝＝＝＝＝＝＝＝＝
【✧お仕事の内容✧】

■ 接客・買取査定
お客様がお持ちの品を、3つの手順で査定します。
①状態のチェック（傷・動作・付属品）
②相場の確認（社内データと専用システム）
③価格の提示（状態と相場から金額を算出）

取り扱うのは、ブランド品・貴金属・高級時計・
骨董品・お酒・ジュエリー・家電・アパレル・
楽器・ホビーなど、幅広い商材です。

■ 店舗運営
陳列・レイアウト・POP作成

■ EC・事務
出品・発送・在庫管理

＝＝＝＝＝＝＝＝＝＝＝＝＝＝＝
【✔働き方✔】

✔ 09:45〜18:45（実働8時間／休憩1時間）
✔ 夜間勤務なし、月平均の残業は10時間以下
✔ 週休二日制（シフト制／月8日以上）
✔ 賞与年2回（6月・11月）、昇給年1回（12月）

接客や販売の経験は、そのまま活かせます。

案件No：2950","《✼ここで働く4つの特徴✼》

✅ ① 個人ノルマなし、チームで動く
「今月あと○件…」という焦りがありません。
店舗の目標はありますが、個人に件数は課しません。
目の前のお客様との会話に集中できる環境です。

✅ ② 売り込まなくていい接客
買取は、お客様が「売りたい」と来てくださる仕事。
無理な営業は一切なく、正直な査定でお客様に
喜んでいただけます。
接客経験者ほど、この働き方の違いを実感するはずです。

✅ ③ 放っておかれない職場
わからないことはすぐ聞ける、困ったら誰かが動いてくれる。
高額品の査定は本部のサポートチームが遠隔でアシストします。

✅ ④ 頑張りが月収に反映されます
定期的に上長と面談を行い、成果を評価します。
等級が上がるたびに月収も上がる仕組みです。
賞与は年2回（6月・11月）、昇給は年1回（12月）。

＝＝＝＝＝＝＝＝＝＝＝＝＝＝＝
《✼待遇もしっかり✼》

✔ 交通費支給（上限35,000円／月）
✔ 住宅手当・家族手当・グレード手当・時間外手当
✔ 制服支給（オーダースーツ）
✔ 社員割引制度
✔ GLTD加入（所得補償保険／個人負担なし）
✔ 慰労金制度（勤続10年ごとに支給）
✔ iDeCoプラス・健康診断
✔ 年間休日110日、リフレッシュ休暇・フリーバカンス休暇あり"
4,2949,株式会社ベストバイ,未経験OK｜ブランド買取スタッフ｜神戸市東灘区,月給27.8万円〜◎個人ノルマなしのブランド買取スタッフ♪,"✦・━━━━━━━━━━━━━━━・✦
＼兵庫県神戸市東灘区で募集中／
知識ゼロから。ブランド買取スタッフ募集◎
✦・━━━━━━━━━━━━━━━・✦

「ブランドにも時計にも詳しくない」
「間違えて安く買ってしまったらどうしよう」

その心配は、仕組みで解消されています。

＝＝＝＝＝＝＝＝＝＝＝＝＝＝＝
【✨未経験でも大丈夫な理由✨】

✅ 一人で判断しなくていい
高額品の査定は、本部のサポートチームに
いつでも相談できます。
独断でミスをするリスクがありません。

✅ 値づけは手順で決まる
①状態のチェック ②相場の確認 ③価格の提示
この3ステップに沿って進めます。
相場は社内データと専用システムで調べられます。

✅ 研修はオーダーメイド式
覚える速さに合わせて進めるので、
焦る必要はありません。
査定の知識と接客スキルが同時に身につきます。

＝＝＝＝＝＝＝＝＝＝＝＝＝＝＝
【✧お仕事の内容✧】

■ 接客・買取査定
ブランド品・貴金属・高級時計・骨董品・お酒・
ジュエリー・家電・アパレル・楽器・ホビーなど

■ 店舗運営
陳列・レイアウト・POP作成

■ EC・事務
出品・発送・在庫管理

＝＝＝＝＝＝＝＝＝＝＝＝＝＝＝
【✨続けられる環境✨】

✔ 個人ノルマなし。店舗の目標をチームで追います
✔ 09:45〜18:45（実働8時間／休憩1時間）
✔ 夜間勤務なし、月平均の残業は10時間以下
✔ 等級が上がるごとに月収も上がる評価制度
✔ 制服はオーダースーツを支給します

まずは職種を知るところからで大丈夫です。
お気軽にご応募ください。

案件No：2949","《✼ここで働く4つの特徴✼》

✅ ① 個人ノルマなし、チームで動く
「今月あと○件…」という焦りがありません。
店舗の目標はありますが、個人に件数は課しません。
目の前のお客様との会話に集中できる環境です。

✅ ② 売り込まなくていい接客
買取は、お客様が「売りたい」と来てくださる仕事。
無理な営業は一切なく、正直な査定でお客様に
喜んでいただけます。
接客経験者ほど、この働き方の違いを実感するはずです。

✅ ③ 放っておかれない職場
わからないことはすぐ聞ける、困ったら誰かが動いてくれる。
高額品の査定は本部のサポートチームが遠隔でアシストします。

✅ ④ 頑張りが月収に反映されます
定期的に上長と面談を行い、成果を評価します。
等級が上がるたびに月収も上がる仕組みです。
賞与は年2回（6月・11月）、昇給は年1回（12月）。

＝＝＝＝＝＝＝＝＝＝＝＝＝＝＝
《✼待遇もしっかり✼》

✔ 交通費支給（上限35,000円／月）
✔ 住宅手当・家族手当・グレード手当・時間外手当
✔ 制服支給（オーダースーツ）
✔ 社員割引制度
✔ GLTD加入（所得補償保険／個人負担なし）
✔ 慰労金制度（勤続10年ごとに支給）
✔ iDeCoプラス・健康診断
✔ 年間休日110日、リフレッシュ休暇・フリーバカンス休暇あり"
5,2948,株式会社ベストバイ,未経験OK｜ブランド買取スタッフ｜神戸市長田区,月給27.8万円〜◎個人ノルマなしのブランド買取スタッフ♪,"✦・━━━━━━━━━━━━━━━・✦
＼兵庫県神戸市長田区で募集中／
モノの価値を決める「査定」のプロへ。
未経験から始めるブランド買取スタッフ◎
✦・━━━━━━━━━━━━━━━・✦

「査定なんて、知識がないと無理では？」

その知識は、入ってから身につきます。
値づけは勘ではなく、手順で決まるからです。

＝＝＝＝＝＝＝＝＝＝＝＝＝＝＝
【✧査定は、この3ステップ✧】

■ ① 状態のチェック
傷・動作・付属品の有無を確認します。

■ ② 相場の確認
社内データと専用システムで市場価格を調べます。

■ ③ 価格の提示
状態と相場を掛け合わせて金額をお伝えします。

この3つを繰り返すうちに、
「この品はいくらか」が自然と分かるようになります。

＝＝＝＝＝＝＝＝＝＝＝＝＝＝＝
【✨このお仕事の魅力✨】

✅ 個人ノルマはありません
店舗の目標はありますが、個人に件数は課しません。
目の前のお客様との会話に集中できます。

✅ 高額品は一人で判断しません
本部のサポートチームが遠隔でアシストします。
独断でミスをするリスクがありません。

✅ 研修はオーダーメイド式
覚える速さは人それぞれ。
あなたのペースに合わせて進めます。

＝＝＝＝＝＝＝＝＝＝＝＝＝＝＝
【✧お仕事の内容✧】

■ 接客・買取査定
ブランド品・貴金属・高級時計・骨董品・お酒・
ジュエリー・家電・アパレル・楽器・ホビーなど

■ 店舗運営
陳列・レイアウト・POP作成。
自分の裁量でお店を作っていけます。

■ EC・事務
出品・発送・在庫管理

＝＝＝＝＝＝＝＝＝＝＝＝＝＝＝
【✔働き方✔】

✔ 09:45〜18:45（実働8時間／休憩1時間）
✔ 夜間勤務はありません
✔ 月平均の残業は10時間以下
✔ 週休二日制（シフト制／月8日以上）

まずはお気軽にご応募ください。

案件No：2948","《✼ここで働く4つの特徴✼》

✅ ① 個人ノルマなし、チームで動く
「今月あと○件…」という焦りがありません。
店舗の目標はありますが、個人に件数は課しません。
目の前のお客様との会話に集中できる環境です。

✅ ② 売り込まなくていい接客
買取は、お客様が「売りたい」と来てくださる仕事。
無理な営業は一切なく、正直な査定でお客様に
喜んでいただけます。
接客経験者ほど、この働き方の違いを実感するはずです。

✅ ③ 放っておかれない職場
わからないことはすぐ聞ける、困ったら誰かが動いてくれる。
高額品の査定は本部のサポートチームが遠隔でアシストします。

✅ ④ 頑張りが月収に反映されます
定期的に上長と面談を行い、成果を評価します。
等級が上がるたびに月収も上がる仕組みです。
賞与は年2回（6月・11月）、昇給は年1回（12月）。

＝＝＝＝＝＝＝＝＝＝＝＝＝＝＝
《✼待遇もしっかり✼》

✔ 交通費支給（上限35,000円／月）
✔ 住宅手当・家族手当・グレード手当・時間外手当
✔ 制服支給（オーダースーツ）
✔ 社員割引制度
✔ GLTD加入（所得補償保険／個人負担なし）
✔ 慰労金制度（勤続10年ごとに支給）
✔ iDeCoプラス・健康診断
✔ 年間休日110日、リフレッシュ休暇・フリーバカンス休暇あり"
6,2947,株式会社ベストバイ,未経験OK｜ブランド買取スタッフ｜神戸市灘区,月給27.8万円〜◎個人ノルマなしのブランド買取スタッフ♪,"✦・━━━━━━━━━━━━━━━・✦
＼兵庫県神戸市灘区で募集中／
売り込まない接客へ。ブランド買取スタッフ◎
✦・━━━━━━━━━━━━━━━・✦

「営業は数字に追われるもの」
そう思って、営業から離れた方へ。

買取は、お客様が「売りたい」と
自分から来てくださる仕事です。
こちらから売り込む場面がありません。

＝＝＝＝＝＝＝＝＝＝＝＝＝＝＝
【✨ここが他の営業と違います✨】

✅ 個人ノルマなし
店舗の目標はありますが、
個人に件数を課すことはしません。

✅ 追いかける営業ではありません
飛び込みもテレアポもありません。
ご来店いただいた方に、正直な査定をお伝えします。

✅ 判断を一人で背負いません
高額品の査定は本部が遠隔でアシストします。
困ったら誰かが動いてくれるチームです。

＝＝＝＝＝＝＝＝＝＝＝＝＝＝＝
【✧お仕事の内容✧】

■ 接客・買取査定
お客様がお持ちの品を、3つの手順で査定します。
①状態のチェック（傷・動作・付属品）
②相場の確認（社内データと専用システム）
③価格の提示（状態と相場から金額を算出）

取り扱うのは、ブランド品・貴金属・高級時計・
骨董品・お酒・ジュエリー・家電・アパレル・
楽器・ホビーなど、幅広い商材です。

■ 店舗運営
陳列・レイアウト・POP作成

■ EC・事務
出品・発送・在庫管理

＝＝＝＝＝＝＝＝＝＝＝＝＝＝＝
【✔働き方✔】

✔ 09:45〜18:45（実働8時間／休憩1時間）
✔ 夜間勤務なし、月平均の残業は10時間以下
✔ 週休二日制（シフト制／月8日以上）
✔ 賞与年2回（6月・11月）、昇給年1回（12月）

接客や販売の経験は、そのまま活かせます。

案件No：2947","《✼ここで働く4つの特徴✼》

✅ ① 個人ノルマなし、チームで動く
「今月あと○件…」という焦りがありません。
店舗の目標はありますが、個人に件数は課しません。
目の前のお客様との会話に集中できる環境です。

✅ ② 売り込まなくていい接客
買取は、お客様が「売りたい」と来てくださる仕事。
無理な営業は一切なく、正直な査定でお客様に
喜んでいただけます。
接客経験者ほど、この働き方の違いを実感するはずです。

✅ ③ 放っておかれない職場
わからないことはすぐ聞ける、困ったら誰かが動いてくれる。
高額品の査定は本部のサポートチームが遠隔でアシストします。

✅ ④ 頑張りが月収に反映されます
定期的に上長と面談を行い、成果を評価します。
等級が上がるたびに月収も上がる仕組みです。
賞与は年2回（6月・11月）、昇給は年1回（12月）。

＝＝＝＝＝＝＝＝＝＝＝＝＝＝＝
《✼待遇もしっかり✼》

✔ 交通費支給（上限35,000円／月）
✔ 住宅手当・家族手当・グレード手当・時間外手当
✔ 制服支給（オーダースーツ）
✔ 社員割引制度
✔ GLTD加入（所得補償保険／個人負担なし）
✔ 慰労金制度（勤続10年ごとに支給）
✔ iDeCoプラス・健康診断
✔ 年間休日110日、リフレッシュ休暇・フリーバカンス休暇あり"
7,2946,株式会社ベストバイ,未経験OK｜ブランド買取スタッフ｜西宮市,月給27.8万円〜◎個人ノルマなしのブランド買取スタッフ♪,"✦・━━━━━━━━━━━━━━━・✦
＼兵庫県西宮市で募集中／
知識ゼロから。ブランド買取スタッフ募集◎
✦・━━━━━━━━━━━━━━━・✦

「ブランドにも時計にも詳しくない」
「間違えて安く買ってしまったらどうしよう」

その心配は、仕組みで解消されています。

＝＝＝＝＝＝＝＝＝＝＝＝＝＝＝
【✨未経験でも大丈夫な理由✨】

✅ 一人で判断しなくていい
高額品の査定は、本部のサポートチームに
いつでも相談できます。
独断でミスをするリスクがありません。

✅ 値づけは手順で決まる
①状態のチェック ②相場の確認 ③価格の提示
この3ステップに沿って進めます。
相場は社内データと専用システムで調べられます。

✅ 研修はオーダーメイド式
覚える速さに合わせて進めるので、
焦る必要はありません。
査定の知識と接客スキルが同時に身につきます。

＝＝＝＝＝＝＝＝＝＝＝＝＝＝＝
【✧お仕事の内容✧】

■ 接客・買取査定
ブランド品・貴金属・高級時計・骨董品・お酒・
ジュエリー・家電・アパレル・楽器・ホビーなど

■ 店舗運営
陳列・レイアウト・POP作成

■ EC・事務
出品・発送・在庫管理

＝＝＝＝＝＝＝＝＝＝＝＝＝＝＝
【✨続けられる環境✨】

✔ 個人ノルマなし。店舗の目標をチームで追います
✔ 09:45〜18:45（実働8時間／休憩1時間）
✔ 夜間勤務なし、月平均の残業は10時間以下
✔ 等級が上がるごとに月収も上がる評価制度
✔ 制服はオーダースーツを支給します

まずは職種を知るところからで大丈夫です。
お気軽にご応募ください。

案件No：2946","《✼ここで働く4つの特徴✼》

✅ ① 個人ノルマなし、チームで動く
「今月あと○件…」という焦りがありません。
店舗の目標はありますが、個人に件数は課しません。
目の前のお客様との会話に集中できる環境です。

✅ ② 売り込まなくていい接客
買取は、お客様が「売りたい」と来てくださる仕事。
無理な営業は一切なく、正直な査定でお客様に
喜んでいただけます。
接客経験者ほど、この働き方の違いを実感するはずです。

✅ ③ 放っておかれない職場
わからないことはすぐ聞ける、困ったら誰かが動いてくれる。
高額品の査定は本部のサポートチームが遠隔でアシストします。

✅ ④ 頑張りが月収に反映されます
定期的に上長と面談を行い、成果を評価します。
等級が上がるたびに月収も上がる仕組みです。
賞与は年2回（6月・11月）、昇給は年1回（12月）。

＝＝＝＝＝＝＝＝＝＝＝＝＝＝＝
《✼待遇もしっかり✼》

✔ 交通費支給（上限35,000円／月）
✔ 住宅手当・家族手当・グレード手当・時間外手当
✔ 制服支給（オーダースーツ）
✔ 社員割引制度
✔ GLTD加入（所得補償保険／個人負担なし）
✔ 慰労金制度（勤続10年ごとに支給）
✔ iDeCoプラス・健康診断
✔ 年間休日110日、リフレッシュ休暇・フリーバカンス休暇あり"
8,2945,株式会社ベストバイ,未経験OK｜ブランド買取スタッフ｜尼崎市,月給27.8万円〜◎個人ノルマなしのブランド買取スタッフ♪,"✦・━━━━━━━━━━━━━━━・✦
＼兵庫県尼崎市で募集中／
モノの価値を決める「査定」のプロへ。
未経験から始めるブランド買取スタッフ◎
✦・━━━━━━━━━━━━━━━・✦

「査定なんて、知識がないと無理では？」

その知識は、入ってから身につきます。
値づけは勘ではなく、手順で決まるからです。

＝＝＝＝＝＝＝＝＝＝＝＝＝＝＝
【✧査定は、この3ステップ✧】

■ ① 状態のチェック
傷・動作・付属品の有無を確認します。

■ ② 相場の確認
社内データと専用システムで市場価格を調べます。

■ ③ 価格の提示
状態と相場を掛け合わせて金額をお伝えします。

この3つを繰り返すうちに、
「この品はいくらか」が自然と分かるようになります。

＝＝＝＝＝＝＝＝＝＝＝＝＝＝＝
【✨このお仕事の魅力✨】

✅ 個人ノルマはありません
店舗の目標はありますが、個人に件数は課しません。
目の前のお客様との会話に集中できます。

✅ 高額品は一人で判断しません
本部のサポートチームが遠隔でアシストします。
独断でミスをするリスクがありません。

✅ 研修はオーダーメイド式
覚える速さは人それぞれ。
あなたのペースに合わせて進めます。

＝＝＝＝＝＝＝＝＝＝＝＝＝＝＝
【✧お仕事の内容✧】

■ 接客・買取査定
ブランド品・貴金属・高級時計・骨董品・お酒・
ジュエリー・家電・アパレル・楽器・ホビーなど

■ 店舗運営
陳列・レイアウト・POP作成。
自分の裁量でお店を作っていけます。

■ EC・事務
出品・発送・在庫管理

＝＝＝＝＝＝＝＝＝＝＝＝＝＝＝
【✔働き方✔】

✔ 09:45〜18:45（実働8時間／休憩1時間）
✔ 夜間勤務はありません
✔ 月平均の残業は10時間以下
✔ 週休二日制（シフト制／月8日以上）

まずはお気軽にご応募ください。

案件No：2945","《✼ここで働く4つの特徴✼》

✅ ① 個人ノルマなし、チームで動く
「今月あと○件…」という焦りがありません。
店舗の目標はありますが、個人に件数は課しません。
目の前のお客様との会話に集中できる環境です。

✅ ② 売り込まなくていい接客
買取は、お客様が「売りたい」と来てくださる仕事。
無理な営業は一切なく、正直な査定でお客様に
喜んでいただけます。
接客経験者ほど、この働き方の違いを実感するはずです。

✅ ③ 放っておかれない職場
わからないことはすぐ聞ける、困ったら誰かが動いてくれる。
高額品の査定は本部のサポートチームが遠隔でアシストします。

✅ ④ 頑張りが月収に反映されます
定期的に上長と面談を行い、成果を評価します。
等級が上がるたびに月収も上がる仕組みです。
賞与は年2回（6月・11月）、昇給は年1回（12月）。

＝＝＝＝＝＝＝＝＝＝＝＝＝＝＝
《✼待遇もしっかり✼》

✔ 交通費支給（上限35,000円／月）
✔ 住宅手当・家族手当・グレード手当・時間外手当
✔ 制服支給（オーダースーツ）
✔ 社員割引制度
✔ GLTD加入（所得補償保険／個人負担なし）
✔ 慰労金制度（勤続10年ごとに支給）
✔ iDeCoプラス・健康診断
✔ 年間休日110日、リフレッシュ休暇・フリーバカンス休暇あり"
9,2944,株式会社ベストバイ,未経験OK｜ブランド買取スタッフ｜姫路市,月給27.8万円〜◎個人ノルマなしのブランド買取スタッフ♪,"✦・━━━━━━━━━━━━━━━・✦
＼兵庫県姫路市で募集中／
売り込まない接客へ。ブランド買取スタッフ◎
✦・━━━━━━━━━━━━━━━・✦

「営業は数字に追われるもの」
そう思って、営業から離れた方へ。

買取は、お客様が「売りたい」と
自分から来てくださる仕事です。
こちらから売り込む場面がありません。

＝＝＝＝＝＝＝＝＝＝＝＝＝＝＝
【✨ここが他の営業と違います✨】

✅ 個人ノルマなし
店舗の目標はありますが、
個人に件数を課すことはしません。

✅ 追いかける営業ではありません
飛び込みもテレアポもありません。
ご来店いただいた方に、正直な査定をお伝えします。

✅ 判断を一人で背負いません
高額品の査定は本部が遠隔でアシストします。
困ったら誰かが動いてくれるチームです。

＝＝＝＝＝＝＝＝＝＝＝＝＝＝＝
【✧お仕事の内容✧】

■ 接客・買取査定
お客様がお持ちの品を、3つの手順で査定します。
①状態のチェック（傷・動作・付属品）
②相場の確認（社内データと専用システム）
③価格の提示（状態と相場から金額を算出）

取り扱うのは、ブランド品・貴金属・高級時計・
骨董品・お酒・ジュエリー・家電・アパレル・
楽器・ホビーなど、幅広い商材です。

■ 店舗運営
陳列・レイアウト・POP作成

■ EC・事務
出品・発送・在庫管理

＝＝＝＝＝＝＝＝＝＝＝＝＝＝＝
【✔働き方✔】

✔ 09:45〜18:45（実働8時間／休憩1時間）
✔ 夜間勤務なし、月平均の残業は10時間以下
✔ 週休二日制（シフト制／月8日以上）
✔ 賞与年2回（6月・11月）、昇給年1回（12月）

接客や販売の経験は、そのまま活かせます。

案件No：2944","《✼ここで働く4つの特徴✼》

✅ ① 個人ノルマなし、チームで動く
「今月あと○件…」という焦りがありません。
店舗の目標はありますが、個人に件数は課しません。
目の前のお客様との会話に集中できる環境です。

✅ ② 売り込まなくていい接客
買取は、お客様が「売りたい」と来てくださる仕事。
無理な営業は一切なく、正直な査定でお客様に
喜んでいただけます。
接客経験者ほど、この働き方の違いを実感するはずです。

✅ ③ 放っておかれない職場
わからないことはすぐ聞ける、困ったら誰かが動いてくれる。
高額品の査定は本部のサポートチームが遠隔でアシストします。

✅ ④ 頑張りが月収に反映されます
定期的に上長と面談を行い、成果を評価します。
等級が上がるたびに月収も上がる仕組みです。
賞与は年2回（6月・11月）、昇給は年1回（12月）。

＝＝＝＝＝＝＝＝＝＝＝＝＝＝＝
《✼待遇もしっかり✼》

✔ 交通費支給（上限35,000円／月）
✔ 住宅手当・家族手当・グレード手当・時間外手当
✔ 制服支給（オーダースーツ）
✔ 社員割引制度
✔ GLTD加入（所得補償保険／個人負担なし）
✔ 慰労金制度（勤続10年ごとに支給）
✔ iDeCoプラス・健康診断
✔ 年間休日110日、リフレッシュ休暇・フリーバカンス休暇あり"
10,2943,株式会社ベストバイ,未経験OK｜ブランド買取スタッフ｜伊丹市,月給27.8万円〜◎個人ノルマなしのブランド買取スタッフ♪,"✦・━━━━━━━━━━━━━━━・✦
＼兵庫県伊丹市で募集中／
知識ゼロから。ブランド買取スタッフ募集◎
✦・━━━━━━━━━━━━━━━・✦

「ブランドにも時計にも詳しくない」
「間違えて安く買ってしまったらどうしよう」

その心配は、仕組みで解消されています。

＝＝＝＝＝＝＝＝＝＝＝＝＝＝＝
【✨未経験でも大丈夫な理由✨】

✅ 一人で判断しなくていい
高額品の査定は、本部のサポートチームに
いつでも相談できます。
独断でミスをするリスクがありません。

✅ 値づけは手順で決まる
①状態のチェック ②相場の確認 ③価格の提示
この3ステップに沿って進めます。
相場は社内データと専用システムで調べられます。

✅ 研修はオーダーメイド式
覚える速さに合わせて進めるので、
焦る必要はありません。
査定の知識と接客スキルが同時に身につきます。

＝＝＝＝＝＝＝＝＝＝＝＝＝＝＝
【✧お仕事の内容✧】

■ 接客・買取査定
ブランド品・貴金属・高級時計・骨董品・お酒・
ジュエリー・家電・アパレル・楽器・ホビーなど

■ 店舗運営
陳列・レイアウト・POP作成

■ EC・事務
出品・発送・在庫管理

＝＝＝＝＝＝＝＝＝＝＝＝＝＝＝
【✨続けられる環境✨】

✔ 個人ノルマなし。店舗の目標をチームで追います
✔ 09:45〜18:45（実働8時間／休憩1時間）
✔ 夜間勤務なし、月平均の残業は10時間以下
✔ 等級が上がるごとに月収も上がる評価制度
✔ 制服はオーダースーツを支給します

まずは職種を知るところからで大丈夫です。
お気軽にご応募ください。

案件No：2943","《✼ここで働く4つの特徴✼》

✅ ① 個人ノルマなし、チームで動く
「今月あと○件…」という焦りがありません。
店舗の目標はありますが、個人に件数は課しません。
目の前のお客様との会話に集中できる環境です。

✅ ② 売り込まなくていい接客
買取は、お客様が「売りたい」と来てくださる仕事。
無理な営業は一切なく、正直な査定でお客様に
喜んでいただけます。
接客経験者ほど、この働き方の違いを実感するはずです。

✅ ③ 放っておかれない職場
わからないことはすぐ聞ける、困ったら誰かが動いてくれる。
高額品の査定は本部のサポートチームが遠隔でアシストします。

✅ ④ 頑張りが月収に反映されます
定期的に上長と面談を行い、成果を評価します。
等級が上がるたびに月収も上がる仕組みです。
賞与は年2回（6月・11月）、昇給は年1回（12月）。

＝＝＝＝＝＝＝＝＝＝＝＝＝＝＝
《✼待遇もしっかり✼》

✔ 交通費支給（上限35,000円／月）
✔ 住宅手当・家族手当・グレード手当・時間外手当
✔ 制服支給（オーダースーツ）
✔ 社員割引制度
✔ GLTD加入（所得補償保険／個人負担なし）
✔ 慰労金制度（勤続10年ごとに支給）
✔ iDeCoプラス・健康診断
✔ 年間休日110日、リフレッシュ休暇・フリーバカンス休暇あり"
11,2942,株式会社ベストバイ,未経験OK｜ブランド買取スタッフ｜神戸市須磨区,月給27.8万円〜◎個人ノルマなしのブランド買取スタッフ♪,"✦・━━━━━━━━━━━━━━━・✦
＼兵庫県神戸市須磨区で募集中／
モノの価値を決める「査定」のプロへ。
未経験から始めるブランド買取スタッフ◎
✦・━━━━━━━━━━━━━━━・✦

「査定なんて、知識がないと無理では？」

その知識は、入ってから身につきます。
値づけは勘ではなく、手順で決まるからです。

＝＝＝＝＝＝＝＝＝＝＝＝＝＝＝
【✧査定は、この3ステップ✧】

■ ① 状態のチェック
傷・動作・付属品の有無を確認します。

■ ② 相場の確認
社内データと専用システムで市場価格を調べます。

■ ③ 価格の提示
状態と相場を掛け合わせて金額をお伝えします。

この3つを繰り返すうちに、
「この品はいくらか」が自然と分かるようになります。

＝＝＝＝＝＝＝＝＝＝＝＝＝＝＝
【✨このお仕事の魅力✨】

✅ 個人ノルマはありません
店舗の目標はありますが、個人に件数は課しません。
目の前のお客様との会話に集中できます。

✅ 高額品は一人で判断しません
本部のサポートチームが遠隔でアシストします。
独断でミスをするリスクがありません。

✅ 研修はオーダーメイド式
覚える速さは人それぞれ。
あなたのペースに合わせて進めます。

＝＝＝＝＝＝＝＝＝＝＝＝＝＝＝
【✧お仕事の内容✧】

■ 接客・買取査定
ブランド品・貴金属・高級時計・骨董品・お酒・
ジュエリー・家電・アパレル・楽器・ホビーなど

■ 店舗運営
陳列・レイアウト・POP作成。
自分の裁量でお店を作っていけます。

■ EC・事務
出品・発送・在庫管理

＝＝＝＝＝＝＝＝＝＝＝＝＝＝＝
【✔働き方✔】

✔ 09:45〜18:45（実働8時間／休憩1時間）
✔ 夜間勤務はありません
✔ 月平均の残業は10時間以下
✔ 週休二日制（シフト制／月8日以上）

まずはお気軽にご応募ください。

案件No：2942","《✼ここで働く4つの特徴✼》

✅ ① 個人ノルマなし、チームで動く
「今月あと○件…」という焦りがありません。
店舗の目標はありますが、個人に件数は課しません。
目の前のお客様との会話に集中できる環境です。

✅ ② 売り込まなくていい接客
買取は、お客様が「売りたい」と来てくださる仕事。
無理な営業は一切なく、正直な査定でお客様に
喜んでいただけます。
接客経験者ほど、この働き方の違いを実感するはずです。

✅ ③ 放っておかれない職場
わからないことはすぐ聞ける、困ったら誰かが動いてくれる。
高額品の査定は本部のサポートチームが遠隔でアシストします。

✅ ④ 頑張りが月収に反映されます
定期的に上長と面談を行い、成果を評価します。
等級が上がるたびに月収も上がる仕組みです。
賞与は年2回（6月・11月）、昇給は年1回（12月）。

＝＝＝＝＝＝＝＝＝＝＝＝＝＝＝
《✼待遇もしっかり✼》

✔ 交通費支給（上限35,000円／月）
✔ 住宅手当・家族手当・グレード手当・時間外手当
✔ 制服支給（オーダースーツ）
✔ 社員割引制度
✔ GLTD加入（所得補償保険／個人負担なし）
✔ 慰労金制度（勤続10年ごとに支給）
✔ iDeCoプラス・健康診断
✔ 年間休日110日、リフレッシュ休暇・フリーバカンス休暇あり"
12,2941,株式会社ベストバイ,未経験OK｜ブランド買取スタッフ｜神戸市中央区,月給27.8万円〜◎個人ノルマなしのブランド買取スタッフ♪,"✦・━━━━━━━━━━━━━━━・✦
＼兵庫県神戸市中央区で募集中／
売り込まない接客へ。ブランド買取スタッフ◎
✦・━━━━━━━━━━━━━━━・✦

「営業は数字に追われるもの」
そう思って、営業から離れた方へ。

買取は、お客様が「売りたい」と
自分から来てくださる仕事です。
こちらから売り込む場面がありません。

＝＝＝＝＝＝＝＝＝＝＝＝＝＝＝
【✨ここが他の営業と違います✨】

✅ 個人ノルマなし
店舗の目標はありますが、
個人に件数を課すことはしません。

✅ 追いかける営業ではありません
飛び込みもテレアポもありません。
ご来店いただいた方に、正直な査定をお伝えします。

✅ 判断を一人で背負いません
高額品の査定は本部が遠隔でアシストします。
困ったら誰かが動いてくれるチームです。

＝＝＝＝＝＝＝＝＝＝＝＝＝＝＝
【✧お仕事の内容✧】

■ 接客・買取査定
お客様がお持ちの品を、3つの手順で査定します。
①状態のチェック（傷・動作・付属品）
②相場の確認（社内データと専用システム）
③価格の提示（状態と相場から金額を算出）

取り扱うのは、ブランド品・貴金属・高級時計・
骨董品・お酒・ジュエリー・家電・アパレル・
楽器・ホビーなど、幅広い商材です。

■ 店舗運営
陳列・レイアウト・POP作成

■ EC・事務
出品・発送・在庫管理

＝＝＝＝＝＝＝＝＝＝＝＝＝＝＝
【✔働き方✔】

✔ 09:45〜18:45（実働8時間／休憩1時間）
✔ 夜間勤務なし、月平均の残業は10時間以下
✔ 週休二日制（シフト制／月8日以上）
✔ 賞与年2回（6月・11月）、昇給年1回（12月）

接客や販売の経験は、そのまま活かせます。

案件No：2941","《✼ここで働く4つの特徴✼》

✅ ① 個人ノルマなし、チームで動く
「今月あと○件…」という焦りがありません。
店舗の目標はありますが、個人に件数は課しません。
目の前のお客様との会話に集中できる環境です。

✅ ② 売り込まなくていい接客
買取は、お客様が「売りたい」と来てくださる仕事。
無理な営業は一切なく、正直な査定でお客様に
喜んでいただけます。
接客経験者ほど、この働き方の違いを実感するはずです。

✅ ③ 放っておかれない職場
わからないことはすぐ聞ける、困ったら誰かが動いてくれる。
高額品の査定は本部のサポートチームが遠隔でアシストします。

✅ ④ 頑張りが月収に反映されます
定期的に上長と面談を行い、成果を評価します。
等級が上がるたびに月収も上がる仕組みです。
賞与は年2回（6月・11月）、昇給は年1回（12月）。

＝＝＝＝＝＝＝＝＝＝＝＝＝＝＝
《✼待遇もしっかり✼》

✔ 交通費支給（上限35,000円／月）
✔ 住宅手当・家族手当・グレード手当・時間外手当
✔ 制服支給（オーダースーツ）
✔ 社員割引制度
✔ GLTD加入（所得補償保険／個人負担なし）
✔ 慰労金制度（勤続10年ごとに支給）
✔ iDeCoプラス・健康診断
✔ 年間休日110日、リフレッシュ休暇・フリーバカンス休暇あり"
13,2940,株式会社ベストバイ,未経験OK｜ブランド買取スタッフ｜宝塚市,月給27.8万円〜◎個人ノルマなしのブランド買取スタッフ♪,"✦・━━━━━━━━━━━━━━━・✦
＼兵庫県宝塚市で募集中／
知識ゼロから。ブランド買取スタッフ募集◎
✦・━━━━━━━━━━━━━━━・✦

「ブランドにも時計にも詳しくない」
「間違えて安く買ってしまったらどうしよう」

その心配は、仕組みで解消されています。

＝＝＝＝＝＝＝＝＝＝＝＝＝＝＝
【✨未経験でも大丈夫な理由✨】

✅ 一人で判断しなくていい
高額品の査定は、本部のサポートチームに
いつでも相談できます。
独断でミスをするリスクがありません。

✅ 値づけは手順で決まる
①状態のチェック ②相場の確認 ③価格の提示
この3ステップに沿って進めます。
相場は社内データと専用システムで調べられます。

✅ 研修はオーダーメイド式
覚える速さに合わせて進めるので、
焦る必要はありません。
査定の知識と接客スキルが同時に身につきます。

＝＝＝＝＝＝＝＝＝＝＝＝＝＝＝
【✧お仕事の内容✧】

■ 接客・買取査定
ブランド品・貴金属・高級時計・骨董品・お酒・
ジュエリー・家電・アパレル・楽器・ホビーなど

■ 店舗運営
陳列・レイアウト・POP作成

■ EC・事務
出品・発送・在庫管理

＝＝＝＝＝＝＝＝＝＝＝＝＝＝＝
【✨続けられる環境✨】

✔ 個人ノルマなし。店舗の目標をチームで追います
✔ 09:45〜18:45（実働8時間／休憩1時間）
✔ 夜間勤務なし、月平均の残業は10時間以下
✔ 等級が上がるごとに月収も上がる評価制度
✔ 制服はオーダースーツを支給します

まずは職種を知るところからで大丈夫です。
お気軽にご応募ください。

案件No：2940","《✼ここで働く4つの特徴✼》

✅ ① 個人ノルマなし、チームで動く
「今月あと○件…」という焦りがありません。
店舗の目標はありますが、個人に件数は課しません。
目の前のお客様との会話に集中できる環境です。

✅ ② 売り込まなくていい接客
買取は、お客様が「売りたい」と来てくださる仕事。
無理な営業は一切なく、正直な査定でお客様に
喜んでいただけます。
接客経験者ほど、この働き方の違いを実感するはずです。

✅ ③ 放っておかれない職場
わからないことはすぐ聞ける、困ったら誰かが動いてくれる。
高額品の査定は本部のサポートチームが遠隔でアシストします。

✅ ④ 頑張りが月収に反映されます
定期的に上長と面談を行い、成果を評価します。
等級が上がるたびに月収も上がる仕組みです。
賞与は年2回（6月・11月）、昇給は年1回（12月）。

＝＝＝＝＝＝＝＝＝＝＝＝＝＝＝
《✼待遇もしっかり✼》

✔ 交通費支給（上限35,000円／月）
✔ 住宅手当・家族手当・グレード手当・時間外手当
✔ 制服支給（オーダースーツ）
✔ 社員割引制度
✔ GLTD加入（所得補償保険／個人負担なし）
✔ 慰労金制度（勤続10年ごとに支給）
✔ iDeCoプラス・健康診断
✔ 年間休日110日、リフレッシュ休暇・フリーバカンス休暇あり"
14,2939,株式会社ベストバイ,未経験OK｜ブランド買取スタッフ｜和泉市,月給27.8万円〜◎個人ノルマなしのブランド買取スタッフ♪,"✦・━━━━━━━━━━━━━━━・✦
＼大阪府和泉市で募集中／
モノの価値を決める「査定」のプロへ。
未経験から始めるブランド買取スタッフ◎
✦・━━━━━━━━━━━━━━━・✦

「査定なんて、知識がないと無理では？」

その知識は、入ってから身につきます。
値づけは勘ではなく、手順で決まるからです。

＝＝＝＝＝＝＝＝＝＝＝＝＝＝＝
【✧査定は、この3ステップ✧】

■ ① 状態のチェック
傷・動作・付属品の有無を確認します。

■ ② 相場の確認
社内データと専用システムで市場価格を調べます。

■ ③ 価格の提示
状態と相場を掛け合わせて金額をお伝えします。

この3つを繰り返すうちに、
「この品はいくらか」が自然と分かるようになります。

＝＝＝＝＝＝＝＝＝＝＝＝＝＝＝
【✨このお仕事の魅力✨】

✅ 個人ノルマはありません
店舗の目標はありますが、個人に件数は課しません。
目の前のお客様との会話に集中できます。

✅ 高額品は一人で判断しません
本部のサポートチームが遠隔でアシストします。
独断でミスをするリスクがありません。

✅ 研修はオーダーメイド式
覚える速さは人それぞれ。
あなたのペースに合わせて進めます。

＝＝＝＝＝＝＝＝＝＝＝＝＝＝＝
【✧お仕事の内容✧】

■ 接客・買取査定
ブランド品・貴金属・高級時計・骨董品・お酒・
ジュエリー・家電・アパレル・楽器・ホビーなど

■ 店舗運営
陳列・レイアウト・POP作成。
自分の裁量でお店を作っていけます。

■ EC・事務
出品・発送・在庫管理

＝＝＝＝＝＝＝＝＝＝＝＝＝＝＝
【✔働き方✔】

✔ 09:45〜18:45（実働8時間／休憩1時間）
✔ 夜間勤務はありません
✔ 月平均の残業は10時間以下
✔ 週休二日制（シフト制／月8日以上）

まずはお気軽にご応募ください。

案件No：2939","《✼ここで働く4つの特徴✼》

✅ ① 個人ノルマなし、チームで動く
「今月あと○件…」という焦りがありません。
店舗の目標はありますが、個人に件数は課しません。
目の前のお客様との会話に集中できる環境です。

✅ ② 売り込まなくていい接客
買取は、お客様が「売りたい」と来てくださる仕事。
無理な営業は一切なく、正直な査定でお客様に
喜んでいただけます。
接客経験者ほど、この働き方の違いを実感するはずです。

✅ ③ 放っておかれない職場
わからないことはすぐ聞ける、困ったら誰かが動いてくれる。
高額品の査定は本部のサポートチームが遠隔でアシストします。

✅ ④ 頑張りが月収に反映されます
定期的に上長と面談を行い、成果を評価します。
等級が上がるたびに月収も上がる仕組みです。
賞与は年2回（6月・11月）、昇給は年1回（12月）。

＝＝＝＝＝＝＝＝＝＝＝＝＝＝＝
《✼待遇もしっかり✼》

✔ 交通費支給（上限35,000円／月）
✔ 住宅手当・家族手当・グレード手当・時間外手当
✔ 制服支給（オーダースーツ）
✔ 社員割引制度
✔ GLTD加入（所得補償保険／個人負担なし）
✔ 慰労金制度（勤続10年ごとに支給）
✔ iDeCoプラス・健康診断
✔ 年間休日110日、リフレッシュ休暇・フリーバカンス休暇あり"
15,2938,株式会社ベストバイ,未経験OK｜ブランド買取スタッフ｜和泉市,月給27.8万円〜◎個人ノルマなしのブランド買取スタッフ♪,"✦・━━━━━━━━━━━━━━━・✦
＼大阪府和泉市で募集中／
売り込まない接客へ。ブランド買取スタッフ◎
✦・━━━━━━━━━━━━━━━・✦

「営業は数字に追われるもの」
そう思って、営業から離れた方へ。

買取は、お客様が「売りたい」と
自分から来てくださる仕事です。
こちらから売り込む場面がありません。

＝＝＝＝＝＝＝＝＝＝＝＝＝＝＝
【✨ここが他の営業と違います✨】

✅ 個人ノルマなし
店舗の目標はありますが、
個人に件数を課すことはしません。

✅ 追いかける営業ではありません
飛び込みもテレアポもありません。
ご来店いただいた方に、正直な査定をお伝えします。

✅ 判断を一人で背負いません
高額品の査定は本部が遠隔でアシストします。
困ったら誰かが動いてくれるチームです。

＝＝＝＝＝＝＝＝＝＝＝＝＝＝＝
【✧お仕事の内容✧】

■ 接客・買取査定
お客様がお持ちの品を、3つの手順で査定します。
①状態のチェック（傷・動作・付属品）
②相場の確認（社内データと専用システム）
③価格の提示（状態と相場から金額を算出）

取り扱うのは、ブランド品・貴金属・高級時計・
骨董品・お酒・ジュエリー・家電・アパレル・
楽器・ホビーなど、幅広い商材です。

■ 店舗運営
陳列・レイアウト・POP作成

■ EC・事務
出品・発送・在庫管理

＝＝＝＝＝＝＝＝＝＝＝＝＝＝＝
【✔働き方✔】

✔ 09:45〜18:45（実働8時間／休憩1時間）
✔ 夜間勤務なし、月平均の残業は10時間以下
✔ 週休二日制（シフト制／月8日以上）
✔ 賞与年2回（6月・11月）、昇給年1回（12月）

接客や販売の経験は、そのまま活かせます。

案件No：2938","《✼ここで働く4つの特徴✼》

✅ ① 個人ノルマなし、チームで動く
「今月あと○件…」という焦りがありません。
店舗の目標はありますが、個人に件数は課しません。
目の前のお客様との会話に集中できる環境です。

✅ ② 売り込まなくていい接客
買取は、お客様が「売りたい」と来てくださる仕事。
無理な営業は一切なく、正直な査定でお客様に
喜んでいただけます。
接客経験者ほど、この働き方の違いを実感するはずです。

✅ ③ 放っておかれない職場
わからないことはすぐ聞ける、困ったら誰かが動いてくれる。
高額品の査定は本部のサポートチームが遠隔でアシストします。

✅ ④ 頑張りが月収に反映されます
定期的に上長と面談を行い、成果を評価します。
等級が上がるたびに月収も上がる仕組みです。
賞与は年2回（6月・11月）、昇給は年1回（12月）。

＝＝＝＝＝＝＝＝＝＝＝＝＝＝＝
《✼待遇もしっかり✼》

✔ 交通費支給（上限35,000円／月）
✔ 住宅手当・家族手当・グレード手当・時間外手当
✔ 制服支給（オーダースーツ）
✔ 社員割引制度
✔ GLTD加入（所得補償保険／個人負担なし）
✔ 慰労金制度（勤続10年ごとに支給）
✔ iDeCoプラス・健康診断
✔ 年間休日110日、リフレッシュ休暇・フリーバカンス休暇あり"
16,2937,株式会社ベストバイ,未経験OK｜ブランド買取スタッフ｜箕面市,月給27.8万円〜◎個人ノルマなしのブランド買取スタッフ♪,"✦・━━━━━━━━━━━━━━━・✦
＼大阪府箕面市で募集中／
知識ゼロから。ブランド買取スタッフ募集◎
✦・━━━━━━━━━━━━━━━・✦

「ブランドにも時計にも詳しくない」
「間違えて安く買ってしまったらどうしよう」

その心配は、仕組みで解消されています。

＝＝＝＝＝＝＝＝＝＝＝＝＝＝＝
【✨未経験でも大丈夫な理由✨】

✅ 一人で判断しなくていい
高額品の査定は、本部のサポートチームに
いつでも相談できます。
独断でミスをするリスクがありません。

✅ 値づけは手順で決まる
①状態のチェック ②相場の確認 ③価格の提示
この3ステップに沿って進めます。
相場は社内データと専用システムで調べられます。

✅ 研修はオーダーメイド式
覚える速さに合わせて進めるので、
焦る必要はありません。
査定の知識と接客スキルが同時に身につきます。

＝＝＝＝＝＝＝＝＝＝＝＝＝＝＝
【✧お仕事の内容✧】

■ 接客・買取査定
ブランド品・貴金属・高級時計・骨董品・お酒・
ジュエリー・家電・アパレル・楽器・ホビーなど

■ 店舗運営
陳列・レイアウト・POP作成

■ EC・事務
出品・発送・在庫管理

＝＝＝＝＝＝＝＝＝＝＝＝＝＝＝
【✨続けられる環境✨】

✔ 個人ノルマなし。店舗の目標をチームで追います
✔ 09:45〜18:45（実働8時間／休憩1時間）
✔ 夜間勤務なし、月平均の残業は10時間以下
✔ 等級が上がるごとに月収も上がる評価制度
✔ 制服はオーダースーツを支給します

まずは職種を知るところからで大丈夫です。
お気軽にご応募ください。

案件No：2937","《✼ここで働く4つの特徴✼》

✅ ① 個人ノルマなし、チームで動く
「今月あと○件…」という焦りがありません。
店舗の目標はありますが、個人に件数は課しません。
目の前のお客様との会話に集中できる環境です。

✅ ② 売り込まなくていい接客
買取は、お客様が「売りたい」と来てくださる仕事。
無理な営業は一切なく、正直な査定でお客様に
喜んでいただけます。
接客経験者ほど、この働き方の違いを実感するはずです。

✅ ③ 放っておかれない職場
わからないことはすぐ聞ける、困ったら誰かが動いてくれる。
高額品の査定は本部のサポートチームが遠隔でアシストします。

✅ ④ 頑張りが月収に反映されます
定期的に上長と面談を行い、成果を評価します。
等級が上がるたびに月収も上がる仕組みです。
賞与は年2回（6月・11月）、昇給は年1回（12月）。

＝＝＝＝＝＝＝＝＝＝＝＝＝＝＝
《✼待遇もしっかり✼》

✔ 交通費支給（上限35,000円／月）
✔ 住宅手当・家族手当・グレード手当・時間外手当
✔ 制服支給（オーダースーツ）
✔ 社員割引制度
✔ GLTD加入（所得補償保険／個人負担なし）
✔ 慰労金制度（勤続10年ごとに支給）
✔ iDeCoプラス・健康診断
✔ 年間休日110日、リフレッシュ休暇・フリーバカンス休暇あり"
17,2936,株式会社ベストバイ,未経験OK｜ブランド買取スタッフ｜枚方市,月給27.8万円〜◎個人ノルマなしのブランド買取スタッフ♪,"✦・━━━━━━━━━━━━━━━・✦
＼大阪府枚方市で募集中／
モノの価値を決める「査定」のプロへ。
未経験から始めるブランド買取スタッフ◎
✦・━━━━━━━━━━━━━━━・✦

「査定なんて、知識がないと無理では？」

その知識は、入ってから身につきます。
値づけは勘ではなく、手順で決まるからです。

＝＝＝＝＝＝＝＝＝＝＝＝＝＝＝
【✧査定は、この3ステップ✧】

■ ① 状態のチェック
傷・動作・付属品の有無を確認します。

■ ② 相場の確認
社内データと専用システムで市場価格を調べます。

■ ③ 価格の提示
状態と相場を掛け合わせて金額をお伝えします。

この3つを繰り返すうちに、
「この品はいくらか」が自然と分かるようになります。

＝＝＝＝＝＝＝＝＝＝＝＝＝＝＝
【✨このお仕事の魅力✨】

✅ 個人ノルマはありません
店舗の目標はありますが、個人に件数は課しません。
目の前のお客様との会話に集中できます。

✅ 高額品は一人で判断しません
本部のサポートチームが遠隔でアシストします。
独断でミスをするリスクがありません。

✅ 研修はオーダーメイド式
覚える速さは人それぞれ。
あなたのペースに合わせて進めます。

＝＝＝＝＝＝＝＝＝＝＝＝＝＝＝
【✧お仕事の内容✧】

■ 接客・買取査定
ブランド品・貴金属・高級時計・骨董品・お酒・
ジュエリー・家電・アパレル・楽器・ホビーなど

■ 店舗運営
陳列・レイアウト・POP作成。
自分の裁量でお店を作っていけます。

■ EC・事務
出品・発送・在庫管理

＝＝＝＝＝＝＝＝＝＝＝＝＝＝＝
【✔働き方✔】

✔ 09:45〜18:45（実働8時間／休憩1時間）
✔ 夜間勤務はありません
✔ 月平均の残業は10時間以下
✔ 週休二日制（シフト制／月8日以上）

まずはお気軽にご応募ください。

案件No：2936","《✼ここで働く4つの特徴✼》

✅ ① 個人ノルマなし、チームで動く
「今月あと○件…」という焦りがありません。
店舗の目標はありますが、個人に件数は課しません。
目の前のお客様との会話に集中できる環境です。

✅ ② 売り込まなくていい接客
買取は、お客様が「売りたい」と来てくださる仕事。
無理な営業は一切なく、正直な査定でお客様に
喜んでいただけます。
接客経験者ほど、この働き方の違いを実感するはずです。

✅ ③ 放っておかれない職場
わからないことはすぐ聞ける、困ったら誰かが動いてくれる。
高額品の査定は本部のサポートチームが遠隔でアシストします。

✅ ④ 頑張りが月収に反映されます
定期的に上長と面談を行い、成果を評価します。
等級が上がるたびに月収も上がる仕組みです。
賞与は年2回（6月・11月）、昇給は年1回（12月）。

＝＝＝＝＝＝＝＝＝＝＝＝＝＝＝
《✼待遇もしっかり✼》

✔ 交通費支給（上限35,000円／月）
✔ 住宅手当・家族手当・グレード手当・時間外手当
✔ 制服支給（オーダースーツ）
✔ 社員割引制度
✔ GLTD加入（所得補償保険／個人負担なし）
✔ 慰労金制度（勤続10年ごとに支給）
✔ iDeCoプラス・健康診断
✔ 年間休日110日、リフレッシュ休暇・フリーバカンス休暇あり"
18,2935,株式会社ベストバイ,未経験OK｜ブランド買取スタッフ｜枚方市,月給27.8万円〜◎個人ノルマなしのブランド買取スタッフ♪,"✦・━━━━━━━━━━━━━━━・✦
＼大阪府枚方市で募集中／
売り込まない接客へ。ブランド買取スタッフ◎
✦・━━━━━━━━━━━━━━━・✦

「営業は数字に追われるもの」
そう思って、営業から離れた方へ。

買取は、お客様が「売りたい」と
自分から来てくださる仕事です。
こちらから売り込む場面がありません。

＝＝＝＝＝＝＝＝＝＝＝＝＝＝＝
【✨ここが他の営業と違います✨】

✅ 個人ノルマなし
店舗の目標はありますが、
個人に件数を課すことはしません。

✅ 追いかける営業ではありません
飛び込みもテレアポもありません。
ご来店いただいた方に、正直な査定をお伝えします。

✅ 判断を一人で背負いません
高額品の査定は本部が遠隔でアシストします。
困ったら誰かが動いてくれるチームです。

＝＝＝＝＝＝＝＝＝＝＝＝＝＝＝
【✧お仕事の内容✧】

■ 接客・買取査定
お客様がお持ちの品を、3つの手順で査定します。
①状態のチェック（傷・動作・付属品）
②相場の確認（社内データと専用システム）
③価格の提示（状態と相場から金額を算出）

取り扱うのは、ブランド品・貴金属・高級時計・
骨董品・お酒・ジュエリー・家電・アパレル・
楽器・ホビーなど、幅広い商材です。

■ 店舗運営
陳列・レイアウト・POP作成

■ EC・事務
出品・発送・在庫管理

＝＝＝＝＝＝＝＝＝＝＝＝＝＝＝
【✔働き方✔】

✔ 09:45〜18:45（実働8時間／休憩1時間）
✔ 夜間勤務なし、月平均の残業は10時間以下
✔ 週休二日制（シフト制／月8日以上）
✔ 賞与年2回（6月・11月）、昇給年1回（12月）

接客や販売の経験は、そのまま活かせます。

案件No：2935","《✼ここで働く4つの特徴✼》

✅ ① 個人ノルマなし、チームで動く
「今月あと○件…」という焦りがありません。
店舗の目標はありますが、個人に件数は課しません。
目の前のお客様との会話に集中できる環境です。

✅ ② 売り込まなくていい接客
買取は、お客様が「売りたい」と来てくださる仕事。
無理な営業は一切なく、正直な査定でお客様に
喜んでいただけます。
接客経験者ほど、この働き方の違いを実感するはずです。

✅ ③ 放っておかれない職場
わからないことはすぐ聞ける、困ったら誰かが動いてくれる。
高額品の査定は本部のサポートチームが遠隔でアシストします。

✅ ④ 頑張りが月収に反映されます
定期的に上長と面談を行い、成果を評価します。
等級が上がるたびに月収も上がる仕組みです。
賞与は年2回（6月・11月）、昇給は年1回（12月）。

＝＝＝＝＝＝＝＝＝＝＝＝＝＝＝
《✼待遇もしっかり✼》

✔ 交通費支給（上限35,000円／月）
✔ 住宅手当・家族手当・グレード手当・時間外手当
✔ 制服支給（オーダースーツ）
✔ 社員割引制度
✔ GLTD加入（所得補償保険／個人負担なし）
✔ 慰労金制度（勤続10年ごとに支給）
✔ iDeCoプラス・健康診断
✔ 年間休日110日、リフレッシュ休暇・フリーバカンス休暇あり"
19,2934,株式会社ベストバイ,未経験OK｜ブランド買取スタッフ｜高槻市,月給27.8万円〜◎個人ノルマなしのブランド買取スタッフ♪,"✦・━━━━━━━━━━━━━━━・✦
＼大阪府高槻市で募集中／
知識ゼロから。ブランド買取スタッフ募集◎
✦・━━━━━━━━━━━━━━━・✦

「ブランドにも時計にも詳しくない」
「間違えて安く買ってしまったらどうしよう」

その心配は、仕組みで解消されています。

＝＝＝＝＝＝＝＝＝＝＝＝＝＝＝
【✨未経験でも大丈夫な理由✨】

✅ 一人で判断しなくていい
高額品の査定は、本部のサポートチームに
いつでも相談できます。
独断でミスをするリスクがありません。

✅ 値づけは手順で決まる
①状態のチェック ②相場の確認 ③価格の提示
この3ステップに沿って進めます。
相場は社内データと専用システムで調べられます。

✅ 研修はオーダーメイド式
覚える速さに合わせて進めるので、
焦る必要はありません。
査定の知識と接客スキルが同時に身につきます。

＝＝＝＝＝＝＝＝＝＝＝＝＝＝＝
【✧お仕事の内容✧】

■ 接客・買取査定
ブランド品・貴金属・高級時計・骨董品・お酒・
ジュエリー・家電・アパレル・楽器・ホビーなど

■ 店舗運営
陳列・レイアウト・POP作成

■ EC・事務
出品・発送・在庫管理

＝＝＝＝＝＝＝＝＝＝＝＝＝＝＝
【✨続けられる環境✨】

✔ 個人ノルマなし。店舗の目標をチームで追います
✔ 09:45〜18:45（実働8時間／休憩1時間）
✔ 夜間勤務なし、月平均の残業は10時間以下
✔ 等級が上がるごとに月収も上がる評価制度
✔ 制服はオーダースーツを支給します

まずは職種を知るところからで大丈夫です。
お気軽にご応募ください。

案件No：2934","《✼ここで働く4つの特徴✼》

✅ ① 個人ノルマなし、チームで動く
「今月あと○件…」という焦りがありません。
店舗の目標はありますが、個人に件数は課しません。
目の前のお客様との会話に集中できる環境です。

✅ ② 売り込まなくていい接客
買取は、お客様が「売りたい」と来てくださる仕事。
無理な営業は一切なく、正直な査定でお客様に
喜んでいただけます。
接客経験者ほど、この働き方の違いを実感するはずです。

✅ ③ 放っておかれない職場
わからないことはすぐ聞ける、困ったら誰かが動いてくれる。
高額品の査定は本部のサポートチームが遠隔でアシストします。

✅ ④ 頑張りが月収に反映されます
定期的に上長と面談を行い、成果を評価します。
等級が上がるたびに月収も上がる仕組みです。
賞与は年2回（6月・11月）、昇給は年1回（12月）。

＝＝＝＝＝＝＝＝＝＝＝＝＝＝＝
《✼待遇もしっかり✼》

✔ 交通費支給（上限35,000円／月）
✔ 住宅手当・家族手当・グレード手当・時間外手当
✔ 制服支給（オーダースーツ）
✔ 社員割引制度
✔ GLTD加入（所得補償保険／個人負担なし）
✔ 慰労金制度（勤続10年ごとに支給）
✔ iDeCoプラス・健康診断
✔ 年間休日110日、リフレッシュ休暇・フリーバカンス休暇あり"
20,2933,株式会社ベストバイ,未経験OK｜ブランド買取スタッフ｜寝屋川市,月給27.8万円〜◎個人ノルマなしのブランド買取スタッフ♪,"✦・━━━━━━━━━━━━━━━・✦
＼大阪府寝屋川市で募集中／
モノの価値を決める「査定」のプロへ。
未経験から始めるブランド買取スタッフ◎
✦・━━━━━━━━━━━━━━━・✦

「査定なんて、知識がないと無理では？」

その知識は、入ってから身につきます。
値づけは勘ではなく、手順で決まるからです。

＝＝＝＝＝＝＝＝＝＝＝＝＝＝＝
【✧査定は、この3ステップ✧】

■ ① 状態のチェック
傷・動作・付属品の有無を確認します。

■ ② 相場の確認
社内データと専用システムで市場価格を調べます。

■ ③ 価格の提示
状態と相場を掛け合わせて金額をお伝えします。

この3つを繰り返すうちに、
「この品はいくらか」が自然と分かるようになります。

＝＝＝＝＝＝＝＝＝＝＝＝＝＝＝
【✨このお仕事の魅力✨】

✅ 個人ノルマはありません
店舗の目標はありますが、個人に件数は課しません。
目の前のお客様との会話に集中できます。

✅ 高額品は一人で判断しません
本部のサポートチームが遠隔でアシストします。
独断でミスをするリスクがありません。

✅ 研修はオーダーメイド式
覚える速さは人それぞれ。
あなたのペースに合わせて進めます。

＝＝＝＝＝＝＝＝＝＝＝＝＝＝＝
【✧お仕事の内容✧】

■ 接客・買取査定
ブランド品・貴金属・高級時計・骨董品・お酒・
ジュエリー・家電・アパレル・楽器・ホビーなど

■ 店舗運営
陳列・レイアウト・POP作成。
自分の裁量でお店を作っていけます。

■ EC・事務
出品・発送・在庫管理

＝＝＝＝＝＝＝＝＝＝＝＝＝＝＝
【✔働き方✔】

✔ 09:45〜18:45（実働8時間／休憩1時間）
✔ 夜間勤務はありません
✔ 月平均の残業は10時間以下
✔ 週休二日制（シフト制／月8日以上）

まずはお気軽にご応募ください。

案件No：2933","《✼ここで働く4つの特徴✼》

✅ ① 個人ノルマなし、チームで動く
「今月あと○件…」という焦りがありません。
店舗の目標はありますが、個人に件数は課しません。
目の前のお客様との会話に集中できる環境です。

✅ ② 売り込まなくていい接客
買取は、お客様が「売りたい」と来てくださる仕事。
無理な営業は一切なく、正直な査定でお客様に
喜んでいただけます。
接客経験者ほど、この働き方の違いを実感するはずです。

✅ ③ 放っておかれない職場
わからないことはすぐ聞ける、困ったら誰かが動いてくれる。
高額品の査定は本部のサポートチームが遠隔でアシストします。

✅ ④ 頑張りが月収に反映されます
定期的に上長と面談を行い、成果を評価します。
等級が上がるたびに月収も上がる仕組みです。
賞与は年2回（6月・11月）、昇給は年1回（12月）。

＝＝＝＝＝＝＝＝＝＝＝＝＝＝＝
《✼待遇もしっかり✼》

✔ 交通費支給（上限35,000円／月）
✔ 住宅手当・家族手当・グレード手当・時間外手当
✔ 制服支給（オーダースーツ）
✔ 社員割引制度
✔ GLTD加入（所得補償保険／個人負担なし）
✔ 慰労金制度（勤続10年ごとに支給）
✔ iDeCoプラス・健康診断
✔ 年間休日110日、リフレッシュ休暇・フリーバカンス休暇あり"
21,2932,株式会社ベストバイ,未経験OK｜ブランド買取スタッフ｜寝屋川市,月給27.8万円〜◎個人ノルマなしのブランド買取スタッフ♪,"✦・━━━━━━━━━━━━━━━・✦
＼大阪府寝屋川市で募集中／
売り込まない接客へ。ブランド買取スタッフ◎
✦・━━━━━━━━━━━━━━━・✦

「営業は数字に追われるもの」
そう思って、営業から離れた方へ。

買取は、お客様が「売りたい」と
自分から来てくださる仕事です。
こちらから売り込む場面がありません。

＝＝＝＝＝＝＝＝＝＝＝＝＝＝＝
【✨ここが他の営業と違います✨】

✅ 個人ノルマなし
店舗の目標はありますが、
個人に件数を課すことはしません。

✅ 追いかける営業ではありません
飛び込みもテレアポもありません。
ご来店いただいた方に、正直な査定をお伝えします。

✅ 判断を一人で背負いません
高額品の査定は本部が遠隔でアシストします。
困ったら誰かが動いてくれるチームです。

＝＝＝＝＝＝＝＝＝＝＝＝＝＝＝
【✧お仕事の内容✧】

■ 接客・買取査定
お客様がお持ちの品を、3つの手順で査定します。
①状態のチェック（傷・動作・付属品）
②相場の確認（社内データと専用システム）
③価格の提示（状態と相場から金額を算出）

取り扱うのは、ブランド品・貴金属・高級時計・
骨董品・お酒・ジュエリー・家電・アパレル・
楽器・ホビーなど、幅広い商材です。

■ 店舗運営
陳列・レイアウト・POP作成

■ EC・事務
出品・発送・在庫管理

＝＝＝＝＝＝＝＝＝＝＝＝＝＝＝
【✔働き方✔】

✔ 09:45〜18:45（実働8時間／休憩1時間）
✔ 夜間勤務なし、月平均の残業は10時間以下
✔ 週休二日制（シフト制／月8日以上）
✔ 賞与年2回（6月・11月）、昇給年1回（12月）

接客や販売の経験は、そのまま活かせます。

案件No：2932","《✼ここで働く4つの特徴✼》

✅ ① 個人ノルマなし、チームで動く
「今月あと○件…」という焦りがありません。
店舗の目標はありますが、個人に件数は課しません。
目の前のお客様との会話に集中できる環境です。

✅ ② 売り込まなくていい接客
買取は、お客様が「売りたい」と来てくださる仕事。
無理な営業は一切なく、正直な査定でお客様に
喜んでいただけます。
接客経験者ほど、この働き方の違いを実感するはずです。

✅ ③ 放っておかれない職場
わからないことはすぐ聞ける、困ったら誰かが動いてくれる。
高額品の査定は本部のサポートチームが遠隔でアシストします。

✅ ④ 頑張りが月収に反映されます
定期的に上長と面談を行い、成果を評価します。
等級が上がるたびに月収も上がる仕組みです。
賞与は年2回（6月・11月）、昇給は年1回（12月）。

＝＝＝＝＝＝＝＝＝＝＝＝＝＝＝
《✼待遇もしっかり✼》

✔ 交通費支給（上限35,000円／月）
✔ 住宅手当・家族手当・グレード手当・時間外手当
✔ 制服支給（オーダースーツ）
✔ 社員割引制度
✔ GLTD加入（所得補償保険／個人負担なし）
✔ 慰労金制度（勤続10年ごとに支給）
✔ iDeCoプラス・健康診断
✔ 年間休日110日、リフレッシュ休暇・フリーバカンス休暇あり"
22,2931,株式会社ベストバイ,未経験OK｜ブランド買取スタッフ｜八尾市,月給27.8万円〜◎個人ノルマなしのブランド買取スタッフ♪,"✦・━━━━━━━━━━━━━━━・✦
＼大阪府八尾市で募集中／
知識ゼロから。ブランド買取スタッフ募集◎
✦・━━━━━━━━━━━━━━━・✦

「ブランドにも時計にも詳しくない」
「間違えて安く買ってしまったらどうしよう」

その心配は、仕組みで解消されています。

＝＝＝＝＝＝＝＝＝＝＝＝＝＝＝
【✨未経験でも大丈夫な理由✨】

✅ 一人で判断しなくていい
高額品の査定は、本部のサポートチームに
いつでも相談できます。
独断でミスをするリスクがありません。

✅ 値づけは手順で決まる
①状態のチェック ②相場の確認 ③価格の提示
この3ステップに沿って進めます。
相場は社内データと専用システムで調べられます。

✅ 研修はオーダーメイド式
覚える速さに合わせて進めるので、
焦る必要はありません。
査定の知識と接客スキルが同時に身につきます。

＝＝＝＝＝＝＝＝＝＝＝＝＝＝＝
【✧お仕事の内容✧】

■ 接客・買取査定
ブランド品・貴金属・高級時計・骨董品・お酒・
ジュエリー・家電・アパレル・楽器・ホビーなど

■ 店舗運営
陳列・レイアウト・POP作成

■ EC・事務
出品・発送・在庫管理

＝＝＝＝＝＝＝＝＝＝＝＝＝＝＝
【✨続けられる環境✨】

✔ 個人ノルマなし。店舗の目標をチームで追います
✔ 09:45〜18:45（実働8時間／休憩1時間）
✔ 夜間勤務なし、月平均の残業は10時間以下
✔ 等級が上がるごとに月収も上がる評価制度
✔ 制服はオーダースーツを支給します

まずは職種を知るところからで大丈夫です。
お気軽にご応募ください。

案件No：2931","《✼ここで働く4つの特徴✼》

✅ ① 個人ノルマなし、チームで動く
「今月あと○件…」という焦りがありません。
店舗の目標はありますが、個人に件数は課しません。
目の前のお客様との会話に集中できる環境です。

✅ ② 売り込まなくていい接客
買取は、お客様が「売りたい」と来てくださる仕事。
無理な営業は一切なく、正直な査定でお客様に
喜んでいただけます。
接客経験者ほど、この働き方の違いを実感するはずです。

✅ ③ 放っておかれない職場
わからないことはすぐ聞ける、困ったら誰かが動いてくれる。
高額品の査定は本部のサポートチームが遠隔でアシストします。

✅ ④ 頑張りが月収に反映されます
定期的に上長と面談を行い、成果を評価します。
等級が上がるたびに月収も上がる仕組みです。
賞与は年2回（6月・11月）、昇給は年1回（12月）。

＝＝＝＝＝＝＝＝＝＝＝＝＝＝＝
《✼待遇もしっかり✼》

✔ 交通費支給（上限35,000円／月）
✔ 住宅手当・家族手当・グレード手当・時間外手当
✔ 制服支給（オーダースーツ）
✔ 社員割引制度
✔ GLTD加入（所得補償保険／個人負担なし）
✔ 慰労金制度（勤続10年ごとに支給）
✔ iDeCoプラス・健康診断
✔ 年間休日110日、リフレッシュ休暇・フリーバカンス休暇あり"
23,2930,株式会社ベストバイ,未経験OK｜ブランド買取スタッフ｜堺市中区,月給27.8万円〜◎個人ノルマなしのブランド買取スタッフ♪,"✦・━━━━━━━━━━━━━━━・✦
＼大阪府堺市中区で募集中／
モノの価値を決める「査定」のプロへ。
未経験から始めるブランド買取スタッフ◎
✦・━━━━━━━━━━━━━━━・✦

「査定なんて、知識がないと無理では？」

その知識は、入ってから身につきます。
値づけは勘ではなく、手順で決まるからです。

＝＝＝＝＝＝＝＝＝＝＝＝＝＝＝
【✧査定は、この3ステップ✧】

■ ① 状態のチェック
傷・動作・付属品の有無を確認します。

■ ② 相場の確認
社内データと専用システムで市場価格を調べます。

■ ③ 価格の提示
状態と相場を掛け合わせて金額をお伝えします。

この3つを繰り返すうちに、
「この品はいくらか」が自然と分かるようになります。

＝＝＝＝＝＝＝＝＝＝＝＝＝＝＝
【✨このお仕事の魅力✨】

✅ 個人ノルマはありません
店舗の目標はありますが、個人に件数は課しません。
目の前のお客様との会話に集中できます。

✅ 高額品は一人で判断しません
本部のサポートチームが遠隔でアシストします。
独断でミスをするリスクがありません。

✅ 研修はオーダーメイド式
覚える速さは人それぞれ。
あなたのペースに合わせて進めます。

＝＝＝＝＝＝＝＝＝＝＝＝＝＝＝
【✧お仕事の内容✧】

■ 接客・買取査定
ブランド品・貴金属・高級時計・骨董品・お酒・
ジュエリー・家電・アパレル・楽器・ホビーなど

■ 店舗運営
陳列・レイアウト・POP作成。
自分の裁量でお店を作っていけます。

■ EC・事務
出品・発送・在庫管理

＝＝＝＝＝＝＝＝＝＝＝＝＝＝＝
【✔働き方✔】

✔ 09:45〜18:45（実働8時間／休憩1時間）
✔ 夜間勤務はありません
✔ 月平均の残業は10時間以下
✔ 週休二日制（シフト制／月8日以上）

まずはお気軽にご応募ください。

案件No：2930","《✼ここで働く4つの特徴✼》

✅ ① 個人ノルマなし、チームで動く
「今月あと○件…」という焦りがありません。
店舗の目標はありますが、個人に件数は課しません。
目の前のお客様との会話に集中できる環境です。

✅ ② 売り込まなくていい接客
買取は、お客様が「売りたい」と来てくださる仕事。
無理な営業は一切なく、正直な査定でお客様に
喜んでいただけます。
接客経験者ほど、この働き方の違いを実感するはずです。

✅ ③ 放っておかれない職場
わからないことはすぐ聞ける、困ったら誰かが動いてくれる。
高額品の査定は本部のサポートチームが遠隔でアシストします。

✅ ④ 頑張りが月収に反映されます
定期的に上長と面談を行い、成果を評価します。
等級が上がるたびに月収も上がる仕組みです。
賞与は年2回（6月・11月）、昇給は年1回（12月）。

＝＝＝＝＝＝＝＝＝＝＝＝＝＝＝
《✼待遇もしっかり✼》

✔ 交通費支給（上限35,000円／月）
✔ 住宅手当・家族手当・グレード手当・時間外手当
✔ 制服支給（オーダースーツ）
✔ 社員割引制度
✔ GLTD加入（所得補償保険／個人負担なし）
✔ 慰労金制度（勤続10年ごとに支給）
✔ iDeCoプラス・健康診断
✔ 年間休日110日、リフレッシュ休暇・フリーバカンス休暇あり"
24,2929,株式会社ベストバイ,未経験OK｜ブランド買取スタッフ｜東大阪市,月給27.8万円〜◎個人ノルマなしのブランド買取スタッフ♪,"✦・━━━━━━━━━━━━━━━・✦
＼大阪府東大阪市で募集中／
売り込まない接客へ。ブランド買取スタッフ◎
✦・━━━━━━━━━━━━━━━・✦

「営業は数字に追われるもの」
そう思って、営業から離れた方へ。

買取は、お客様が「売りたい」と
自分から来てくださる仕事です。
こちらから売り込む場面がありません。

＝＝＝＝＝＝＝＝＝＝＝＝＝＝＝
【✨ここが他の営業と違います✨】

✅ 個人ノルマなし
店舗の目標はありますが、
個人に件数を課すことはしません。

✅ 追いかける営業ではありません
飛び込みもテレアポもありません。
ご来店いただいた方に、正直な査定をお伝えします。

✅ 判断を一人で背負いません
高額品の査定は本部が遠隔でアシストします。
困ったら誰かが動いてくれるチームです。

＝＝＝＝＝＝＝＝＝＝＝＝＝＝＝
【✧お仕事の内容✧】

■ 接客・買取査定
お客様がお持ちの品を、3つの手順で査定します。
①状態のチェック（傷・動作・付属品）
②相場の確認（社内データと専用システム）
③価格の提示（状態と相場から金額を算出）

取り扱うのは、ブランド品・貴金属・高級時計・
骨董品・お酒・ジュエリー・家電・アパレル・
楽器・ホビーなど、幅広い商材です。

■ 店舗運営
陳列・レイアウト・POP作成

■ EC・事務
出品・発送・在庫管理

＝＝＝＝＝＝＝＝＝＝＝＝＝＝＝
【✔働き方✔】

✔ 09:45〜18:45（実働8時間／休憩1時間）
✔ 夜間勤務なし、月平均の残業は10時間以下
✔ 週休二日制（シフト制／月8日以上）
✔ 賞与年2回（6月・11月）、昇給年1回（12月）

接客や販売の経験は、そのまま活かせます。

案件No：2929","《✼ここで働く4つの特徴✼》

✅ ① 個人ノルマなし、チームで動く
「今月あと○件…」という焦りがありません。
店舗の目標はありますが、個人に件数は課しません。
目の前のお客様との会話に集中できる環境です。

✅ ② 売り込まなくていい接客
買取は、お客様が「売りたい」と来てくださる仕事。
無理な営業は一切なく、正直な査定でお客様に
喜んでいただけます。
接客経験者ほど、この働き方の違いを実感するはずです。

✅ ③ 放っておかれない職場
わからないことはすぐ聞ける、困ったら誰かが動いてくれる。
高額品の査定は本部のサポートチームが遠隔でアシストします。

✅ ④ 頑張りが月収に反映されます
定期的に上長と面談を行い、成果を評価します。
等級が上がるたびに月収も上がる仕組みです。
賞与は年2回（6月・11月）、昇給は年1回（12月）。

＝＝＝＝＝＝＝＝＝＝＝＝＝＝＝
《✼待遇もしっかり✼》

✔ 交通費支給（上限35,000円／月）
✔ 住宅手当・家族手当・グレード手当・時間外手当
✔ 制服支給（オーダースーツ）
✔ 社員割引制度
✔ GLTD加入（所得補償保険／個人負担なし）
✔ 慰労金制度（勤続10年ごとに支給）
✔ iDeCoプラス・健康診断
✔ 年間休日110日、リフレッシュ休暇・フリーバカンス休暇あり"
25,2928,株式会社ベストバイ,未経験OK｜ブランド買取スタッフ｜大東市,月給27.8万円〜◎個人ノルマなしのブランド買取スタッフ♪,"✦・━━━━━━━━━━━━━━━・✦
＼大阪府大東市で募集中／
知識ゼロから。ブランド買取スタッフ募集◎
✦・━━━━━━━━━━━━━━━・✦

「ブランドにも時計にも詳しくない」
「間違えて安く買ってしまったらどうしよう」

その心配は、仕組みで解消されています。

＝＝＝＝＝＝＝＝＝＝＝＝＝＝＝
【✨未経験でも大丈夫な理由✨】

✅ 一人で判断しなくていい
高額品の査定は、本部のサポートチームに
いつでも相談できます。
独断でミスをするリスクがありません。

✅ 値づけは手順で決まる
①状態のチェック ②相場の確認 ③価格の提示
この3ステップに沿って進めます。
相場は社内データと専用システムで調べられます。

✅ 研修はオーダーメイド式
覚える速さに合わせて進めるので、
焦る必要はありません。
査定の知識と接客スキルが同時に身につきます。

＝＝＝＝＝＝＝＝＝＝＝＝＝＝＝
【✧お仕事の内容✧】

■ 接客・買取査定
ブランド品・貴金属・高級時計・骨董品・お酒・
ジュエリー・家電・アパレル・楽器・ホビーなど

■ 店舗運営
陳列・レイアウト・POP作成

■ EC・事務
出品・発送・在庫管理

＝＝＝＝＝＝＝＝＝＝＝＝＝＝＝
【✨続けられる環境✨】

✔ 個人ノルマなし。店舗の目標をチームで追います
✔ 09:45〜18:45（実働8時間／休憩1時間）
✔ 夜間勤務なし、月平均の残業は10時間以下
✔ 等級が上がるごとに月収も上がる評価制度
✔ 制服はオーダースーツを支給します

まずは職種を知るところからで大丈夫です。
お気軽にご応募ください。

案件No：2928","《✼ここで働く4つの特徴✼》

✅ ① 個人ノルマなし、チームで動く
「今月あと○件…」という焦りがありません。
店舗の目標はありますが、個人に件数は課しません。
目の前のお客様との会話に集中できる環境です。

✅ ② 売り込まなくていい接客
買取は、お客様が「売りたい」と来てくださる仕事。
無理な営業は一切なく、正直な査定でお客様に
喜んでいただけます。
接客経験者ほど、この働き方の違いを実感するはずです。

✅ ③ 放っておかれない職場
わからないことはすぐ聞ける、困ったら誰かが動いてくれる。
高額品の査定は本部のサポートチームが遠隔でアシストします。

✅ ④ 頑張りが月収に反映されます
定期的に上長と面談を行い、成果を評価します。
等級が上がるたびに月収も上がる仕組みです。
賞与は年2回（6月・11月）、昇給は年1回（12月）。

＝＝＝＝＝＝＝＝＝＝＝＝＝＝＝
《✼待遇もしっかり✼》

✔ 交通費支給（上限35,000円／月）
✔ 住宅手当・家族手当・グレード手当・時間外手当
✔ 制服支給（オーダースーツ）
✔ 社員割引制度
✔ GLTD加入（所得補償保険／個人負担なし）
✔ 慰労金制度（勤続10年ごとに支給）
✔ iDeCoプラス・健康診断
✔ 年間休日110日、リフレッシュ休暇・フリーバカンス休暇あり"
26,2927,株式会社ベストバイ,未経験OK｜ブランド買取スタッフ｜茨木市,月給27.8万円〜◎個人ノルマなしのブランド買取スタッフ♪,"✦・━━━━━━━━━━━━━━━・✦
＼大阪府茨木市で募集中／
モノの価値を決める「査定」のプロへ。
未経験から始めるブランド買取スタッフ◎
✦・━━━━━━━━━━━━━━━・✦

「査定なんて、知識がないと無理では？」

その知識は、入ってから身につきます。
値づけは勘ではなく、手順で決まるからです。

＝＝＝＝＝＝＝＝＝＝＝＝＝＝＝
【✧査定は、この3ステップ✧】

■ ① 状態のチェック
傷・動作・付属品の有無を確認します。

■ ② 相場の確認
社内データと専用システムで市場価格を調べます。

■ ③ 価格の提示
状態と相場を掛け合わせて金額をお伝えします。

この3つを繰り返すうちに、
「この品はいくらか」が自然と分かるようになります。

＝＝＝＝＝＝＝＝＝＝＝＝＝＝＝
【✨このお仕事の魅力✨】

✅ 個人ノルマはありません
店舗の目標はありますが、個人に件数は課しません。
目の前のお客様との会話に集中できます。

✅ 高額品は一人で判断しません
本部のサポートチームが遠隔でアシストします。
独断でミスをするリスクがありません。

✅ 研修はオーダーメイド式
覚える速さは人それぞれ。
あなたのペースに合わせて進めます。

＝＝＝＝＝＝＝＝＝＝＝＝＝＝＝
【✧お仕事の内容✧】

■ 接客・買取査定
ブランド品・貴金属・高級時計・骨董品・お酒・
ジュエリー・家電・アパレル・楽器・ホビーなど

■ 店舗運営
陳列・レイアウト・POP作成。
自分の裁量でお店を作っていけます。

■ EC・事務
出品・発送・在庫管理

＝＝＝＝＝＝＝＝＝＝＝＝＝＝＝
【✔働き方✔】

✔ 09:45〜18:45（実働8時間／休憩1時間）
✔ 夜間勤務はありません
✔ 月平均の残業は10時間以下
✔ 週休二日制（シフト制／月8日以上）

まずはお気軽にご応募ください。

案件No：2927","《✼ここで働く4つの特徴✼》

✅ ① 個人ノルマなし、チームで動く
「今月あと○件…」という焦りがありません。
店舗の目標はありますが、個人に件数は課しません。
目の前のお客様との会話に集中できる環境です。

✅ ② 売り込まなくていい接客
買取は、お客様が「売りたい」と来てくださる仕事。
無理な営業は一切なく、正直な査定でお客様に
喜んでいただけます。
接客経験者ほど、この働き方の違いを実感するはずです。

✅ ③ 放っておかれない職場
わからないことはすぐ聞ける、困ったら誰かが動いてくれる。
高額品の査定は本部のサポートチームが遠隔でアシストします。

✅ ④ 頑張りが月収に反映されます
定期的に上長と面談を行い、成果を評価します。
等級が上がるたびに月収も上がる仕組みです。
賞与は年2回（6月・11月）、昇給は年1回（12月）。

＝＝＝＝＝＝＝＝＝＝＝＝＝＝＝
《✼待遇もしっかり✼》

✔ 交通費支給（上限35,000円／月）
✔ 住宅手当・家族手当・グレード手当・時間外手当
✔ 制服支給（オーダースーツ）
✔ 社員割引制度
✔ GLTD加入（所得補償保険／個人負担なし）
✔ 慰労金制度（勤続10年ごとに支給）
✔ iDeCoプラス・健康診断
✔ 年間休日110日、リフレッシュ休暇・フリーバカンス休暇あり"
27,2926,株式会社ベストバイ,未経験OK｜ブランド買取スタッフ｜茨木市,月給27.8万円〜◎個人ノルマなしのブランド買取スタッフ♪,"✦・━━━━━━━━━━━━━━━・✦
＼大阪府茨木市で募集中／
売り込まない接客へ。ブランド買取スタッフ◎
✦・━━━━━━━━━━━━━━━・✦

「営業は数字に追われるもの」
そう思って、営業から離れた方へ。

買取は、お客様が「売りたい」と
自分から来てくださる仕事です。
こちらから売り込む場面がありません。

＝＝＝＝＝＝＝＝＝＝＝＝＝＝＝
【✨ここが他の営業と違います✨】

✅ 個人ノルマなし
店舗の目標はありますが、
個人に件数を課すことはしません。

✅ 追いかける営業ではありません
飛び込みもテレアポもありません。
ご来店いただいた方に、正直な査定をお伝えします。

✅ 判断を一人で背負いません
高額品の査定は本部が遠隔でアシストします。
困ったら誰かが動いてくれるチームです。

＝＝＝＝＝＝＝＝＝＝＝＝＝＝＝
【✧お仕事の内容✧】

■ 接客・買取査定
お客様がお持ちの品を、3つの手順で査定します。
①状態のチェック（傷・動作・付属品）
②相場の確認（社内データと専用システム）
③価格の提示（状態と相場から金額を算出）

取り扱うのは、ブランド品・貴金属・高級時計・
骨董品・お酒・ジュエリー・家電・アパレル・
楽器・ホビーなど、幅広い商材です。

■ 店舗運営
陳列・レイアウト・POP作成

■ EC・事務
出品・発送・在庫管理

＝＝＝＝＝＝＝＝＝＝＝＝＝＝＝
【✔働き方✔】

✔ 09:45〜18:45（実働8時間／休憩1時間）
✔ 夜間勤務なし、月平均の残業は10時間以下
✔ 週休二日制（シフト制／月8日以上）
✔ 賞与年2回（6月・11月）、昇給年1回（12月）

接客や販売の経験は、そのまま活かせます。

案件No：2926","《✼ここで働く4つの特徴✼》

✅ ① 個人ノルマなし、チームで動く
「今月あと○件…」という焦りがありません。
店舗の目標はありますが、個人に件数は課しません。
目の前のお客様との会話に集中できる環境です。

✅ ② 売り込まなくていい接客
買取は、お客様が「売りたい」と来てくださる仕事。
無理な営業は一切なく、正直な査定でお客様に
喜んでいただけます。
接客経験者ほど、この働き方の違いを実感するはずです。

✅ ③ 放っておかれない職場
わからないことはすぐ聞ける、困ったら誰かが動いてくれる。
高額品の査定は本部のサポートチームが遠隔でアシストします。

✅ ④ 頑張りが月収に反映されます
定期的に上長と面談を行い、成果を評価します。
等級が上がるたびに月収も上がる仕組みです。
賞与は年2回（6月・11月）、昇給は年1回（12月）。

＝＝＝＝＝＝＝＝＝＝＝＝＝＝＝
《✼待遇もしっかり✼》

✔ 交通費支給（上限35,000円／月）
✔ 住宅手当・家族手当・グレード手当・時間外手当
✔ 制服支給（オーダースーツ）
✔ 社員割引制度
✔ GLTD加入（所得補償保険／個人負担なし）
✔ 慰労金制度（勤続10年ごとに支給）
✔ iDeCoプラス・健康診断
✔ 年間休日110日、リフレッシュ休暇・フリーバカンス休暇あり"
28,2925,株式会社ベストバイ,未経験OK｜ブランド買取スタッフ｜門真市,月給27.8万円〜◎個人ノルマなしのブランド買取スタッフ♪,"✦・━━━━━━━━━━━━━━━・✦
＼大阪府門真市で募集中／
知識ゼロから。ブランド買取スタッフ募集◎
✦・━━━━━━━━━━━━━━━・✦

「ブランドにも時計にも詳しくない」
「間違えて安く買ってしまったらどうしよう」

その心配は、仕組みで解消されています。

＝＝＝＝＝＝＝＝＝＝＝＝＝＝＝
【✨未経験でも大丈夫な理由✨】

✅ 一人で判断しなくていい
高額品の査定は、本部のサポートチームに
いつでも相談できます。
独断でミスをするリスクがありません。

✅ 値づけは手順で決まる
①状態のチェック ②相場の確認 ③価格の提示
この3ステップに沿って進めます。
相場は社内データと専用システムで調べられます。

✅ 研修はオーダーメイド式
覚える速さに合わせて進めるので、
焦る必要はありません。
査定の知識と接客スキルが同時に身につきます。

＝＝＝＝＝＝＝＝＝＝＝＝＝＝＝
【✧お仕事の内容✧】

■ 接客・買取査定
ブランド品・貴金属・高級時計・骨董品・お酒・
ジュエリー・家電・アパレル・楽器・ホビーなど

■ 店舗運営
陳列・レイアウト・POP作成

■ EC・事務
出品・発送・在庫管理

＝＝＝＝＝＝＝＝＝＝＝＝＝＝＝
【✨続けられる環境✨】

✔ 個人ノルマなし。店舗の目標をチームで追います
✔ 09:45〜18:45（実働8時間／休憩1時間）
✔ 夜間勤務なし、月平均の残業は10時間以下
✔ 等級が上がるごとに月収も上がる評価制度
✔ 制服はオーダースーツを支給します

まずは職種を知るところからで大丈夫です。
お気軽にご応募ください。

案件No：2925","《✼ここで働く4つの特徴✼》

✅ ① 個人ノルマなし、チームで動く
「今月あと○件…」という焦りがありません。
店舗の目標はありますが、個人に件数は課しません。
目の前のお客様との会話に集中できる環境です。

✅ ② 売り込まなくていい接客
買取は、お客様が「売りたい」と来てくださる仕事。
無理な営業は一切なく、正直な査定でお客様に
喜んでいただけます。
接客経験者ほど、この働き方の違いを実感するはずです。

✅ ③ 放っておかれない職場
わからないことはすぐ聞ける、困ったら誰かが動いてくれる。
高額品の査定は本部のサポートチームが遠隔でアシストします。

✅ ④ 頑張りが月収に反映されます
定期的に上長と面談を行い、成果を評価します。
等級が上がるたびに月収も上がる仕組みです。
賞与は年2回（6月・11月）、昇給は年1回（12月）。

＝＝＝＝＝＝＝＝＝＝＝＝＝＝＝
《✼待遇もしっかり✼》

✔ 交通費支給（上限35,000円／月）
✔ 住宅手当・家族手当・グレード手当・時間外手当
✔ 制服支給（オーダースーツ）
✔ 社員割引制度
✔ GLTD加入（所得補償保険／個人負担なし）
✔ 慰労金制度（勤続10年ごとに支給）
✔ iDeCoプラス・健康診断
✔ 年間休日110日、リフレッシュ休暇・フリーバカンス休暇あり"
29,2924,株式会社ベストバイ,未経験OK｜ブランド買取スタッフ｜守口市,月給27.8万円〜◎個人ノルマなしのブランド買取スタッフ♪,"✦・━━━━━━━━━━━━━━━・✦
＼大阪府守口市で募集中／
モノの価値を決める「査定」のプロへ。
未経験から始めるブランド買取スタッフ◎
✦・━━━━━━━━━━━━━━━・✦

「査定なんて、知識がないと無理では？」

その知識は、入ってから身につきます。
値づけは勘ではなく、手順で決まるからです。

＝＝＝＝＝＝＝＝＝＝＝＝＝＝＝
【✧査定は、この3ステップ✧】

■ ① 状態のチェック
傷・動作・付属品の有無を確認します。

■ ② 相場の確認
社内データと専用システムで市場価格を調べます。

■ ③ 価格の提示
状態と相場を掛け合わせて金額をお伝えします。

この3つを繰り返すうちに、
「この品はいくらか」が自然と分かるようになります。

＝＝＝＝＝＝＝＝＝＝＝＝＝＝＝
【✨このお仕事の魅力✨】

✅ 個人ノルマはありません
店舗の目標はありますが、個人に件数は課しません。
目の前のお客様との会話に集中できます。

✅ 高額品は一人で判断しません
本部のサポートチームが遠隔でアシストします。
独断でミスをするリスクがありません。

✅ 研修はオーダーメイド式
覚える速さは人それぞれ。
あなたのペースに合わせて進めます。

＝＝＝＝＝＝＝＝＝＝＝＝＝＝＝
【✧お仕事の内容✧】

■ 接客・買取査定
ブランド品・貴金属・高級時計・骨董品・お酒・
ジュエリー・家電・アパレル・楽器・ホビーなど

■ 店舗運営
陳列・レイアウト・POP作成。
自分の裁量でお店を作っていけます。

■ EC・事務
出品・発送・在庫管理

＝＝＝＝＝＝＝＝＝＝＝＝＝＝＝
【✔働き方✔】

✔ 09:45〜18:45（実働8時間／休憩1時間）
✔ 夜間勤務はありません
✔ 月平均の残業は10時間以下
✔ 週休二日制（シフト制／月8日以上）

まずはお気軽にご応募ください。

案件No：2924","《✼ここで働く4つの特徴✼》

✅ ① 個人ノルマなし、チームで動く
「今月あと○件…」という焦りがありません。
店舗の目標はありますが、個人に件数は課しません。
目の前のお客様との会話に集中できる環境です。

✅ ② 売り込まなくていい接客
買取は、お客様が「売りたい」と来てくださる仕事。
無理な営業は一切なく、正直な査定でお客様に
喜んでいただけます。
接客経験者ほど、この働き方の違いを実感するはずです。

✅ ③ 放っておかれない職場
わからないことはすぐ聞ける、困ったら誰かが動いてくれる。
高額品の査定は本部のサポートチームが遠隔でアシストします。

✅ ④ 頑張りが月収に反映されます
定期的に上長と面談を行い、成果を評価します。
等級が上がるたびに月収も上がる仕組みです。
賞与は年2回（6月・11月）、昇給は年1回（12月）。

＝＝＝＝＝＝＝＝＝＝＝＝＝＝＝
《✼待遇もしっかり✼》

✔ 交通費支給（上限35,000円／月）
✔ 住宅手当・家族手当・グレード手当・時間外手当
✔ 制服支給（オーダースーツ）
✔ 社員割引制度
✔ GLTD加入（所得補償保険／個人負担なし）
✔ 慰労金制度（勤続10年ごとに支給）
✔ iDeCoプラス・健康診断
✔ 年間休日110日、リフレッシュ休暇・フリーバカンス休暇あり"
30,2923,株式会社ベストバイ,未経験OK｜ブランド買取スタッフ｜大阪市平野区,月給27.8万円〜◎個人ノルマなしのブランド買取スタッフ♪,"✦・━━━━━━━━━━━━━━━・✦
＼大阪府大阪市平野区で募集中／
売り込まない接客へ。ブランド買取スタッフ◎
✦・━━━━━━━━━━━━━━━・✦

「営業は数字に追われるもの」
そう思って、営業から離れた方へ。

買取は、お客様が「売りたい」と
自分から来てくださる仕事です。
こちらから売り込む場面がありません。

＝＝＝＝＝＝＝＝＝＝＝＝＝＝＝
【✨ここが他の営業と違います✨】

✅ 個人ノルマなし
店舗の目標はありますが、
個人に件数を課すことはしません。

✅ 追いかける営業ではありません
飛び込みもテレアポもありません。
ご来店いただいた方に、正直な査定をお伝えします。

✅ 判断を一人で背負いません
高額品の査定は本部が遠隔でアシストします。
困ったら誰かが動いてくれるチームです。

＝＝＝＝＝＝＝＝＝＝＝＝＝＝＝
【✧お仕事の内容✧】

■ 接客・買取査定
お客様がお持ちの品を、3つの手順で査定します。
①状態のチェック（傷・動作・付属品）
②相場の確認（社内データと専用システム）
③価格の提示（状態と相場から金額を算出）

取り扱うのは、ブランド品・貴金属・高級時計・
骨董品・お酒・ジュエリー・家電・アパレル・
楽器・ホビーなど、幅広い商材です。

■ 店舗運営
陳列・レイアウト・POP作成

■ EC・事務
出品・発送・在庫管理

＝＝＝＝＝＝＝＝＝＝＝＝＝＝＝
【✔働き方✔】

✔ 09:45〜18:45（実働8時間／休憩1時間）
✔ 夜間勤務なし、月平均の残業は10時間以下
✔ 週休二日制（シフト制／月8日以上）
✔ 賞与年2回（6月・11月）、昇給年1回（12月）

接客や販売の経験は、そのまま活かせます。

案件No：2923","《✼ここで働く4つの特徴✼》

✅ ① 個人ノルマなし、チームで動く
「今月あと○件…」という焦りがありません。
店舗の目標はありますが、個人に件数は課しません。
目の前のお客様との会話に集中できる環境です。

✅ ② 売り込まなくていい接客
買取は、お客様が「売りたい」と来てくださる仕事。
無理な営業は一切なく、正直な査定でお客様に
喜んでいただけます。
接客経験者ほど、この働き方の違いを実感するはずです。

✅ ③ 放っておかれない職場
わからないことはすぐ聞ける、困ったら誰かが動いてくれる。
高額品の査定は本部のサポートチームが遠隔でアシストします。

✅ ④ 頑張りが月収に反映されます
定期的に上長と面談を行い、成果を評価します。
等級が上がるたびに月収も上がる仕組みです。
賞与は年2回（6月・11月）、昇給は年1回（12月）。

＝＝＝＝＝＝＝＝＝＝＝＝＝＝＝
《✼待遇もしっかり✼》

✔ 交通費支給（上限35,000円／月）
✔ 住宅手当・家族手当・グレード手当・時間外手当
✔ 制服支給（オーダースーツ）
✔ 社員割引制度
✔ GLTD加入（所得補償保険／個人負担なし）
✔ 慰労金制度（勤続10年ごとに支給）
✔ iDeCoプラス・健康診断
✔ 年間休日110日、リフレッシュ休暇・フリーバカンス休暇あり"
31,2922,株式会社ベストバイ,未経験OK｜ブランド買取スタッフ｜大阪市旭区,月給27.8万円〜◎個人ノルマなしのブランド買取スタッフ♪,"✦・━━━━━━━━━━━━━━━・✦
＼大阪府大阪市旭区で募集中／
知識ゼロから。ブランド買取スタッフ募集◎
✦・━━━━━━━━━━━━━━━・✦

「ブランドにも時計にも詳しくない」
「間違えて安く買ってしまったらどうしよう」

その心配は、仕組みで解消されています。

＝＝＝＝＝＝＝＝＝＝＝＝＝＝＝
【✨未経験でも大丈夫な理由✨】

✅ 一人で判断しなくていい
高額品の査定は、本部のサポートチームに
いつでも相談できます。
独断でミスをするリスクがありません。

✅ 値づけは手順で決まる
①状態のチェック ②相場の確認 ③価格の提示
この3ステップに沿って進めます。
相場は社内データと専用システムで調べられます。

✅ 研修はオーダーメイド式
覚える速さに合わせて進めるので、
焦る必要はありません。
査定の知識と接客スキルが同時に身につきます。

＝＝＝＝＝＝＝＝＝＝＝＝＝＝＝
【✧お仕事の内容✧】

■ 接客・買取査定
ブランド品・貴金属・高級時計・骨董品・お酒・
ジュエリー・家電・アパレル・楽器・ホビーなど

■ 店舗運営
陳列・レイアウト・POP作成

■ EC・事務
出品・発送・在庫管理

＝＝＝＝＝＝＝＝＝＝＝＝＝＝＝
【✨続けられる環境✨】

✔ 個人ノルマなし。店舗の目標をチームで追います
✔ 09:45〜18:45（実働8時間／休憩1時間）
✔ 夜間勤務なし、月平均の残業は10時間以下
✔ 等級が上がるごとに月収も上がる評価制度
✔ 制服はオーダースーツを支給します

まずは職種を知るところからで大丈夫です。
お気軽にご応募ください。

案件No：2922","《✼ここで働く4つの特徴✼》

✅ ① 個人ノルマなし、チームで動く
「今月あと○件…」という焦りがありません。
店舗の目標はありますが、個人に件数は課しません。
目の前のお客様との会話に集中できる環境です。

✅ ② 売り込まなくていい接客
買取は、お客様が「売りたい」と来てくださる仕事。
無理な営業は一切なく、正直な査定でお客様に
喜んでいただけます。
接客経験者ほど、この働き方の違いを実感するはずです。

✅ ③ 放っておかれない職場
わからないことはすぐ聞ける、困ったら誰かが動いてくれる。
高額品の査定は本部のサポートチームが遠隔でアシストします。

✅ ④ 頑張りが月収に反映されます
定期的に上長と面談を行い、成果を評価します。
等級が上がるたびに月収も上がる仕組みです。
賞与は年2回（6月・11月）、昇給は年1回（12月）。

＝＝＝＝＝＝＝＝＝＝＝＝＝＝＝
《✼待遇もしっかり✼》

✔ 交通費支給（上限35,000円／月）
✔ 住宅手当・家族手当・グレード手当・時間外手当
✔ 制服支給（オーダースーツ）
✔ 社員割引制度
✔ GLTD加入（所得補償保険／個人負担なし）
✔ 慰労金制度（勤続10年ごとに支給）
✔ iDeCoプラス・健康診断
✔ 年間休日110日、リフレッシュ休暇・フリーバカンス休暇あり"
32,2921,株式会社ベストバイ,未経験OK｜ブランド買取スタッフ｜大阪市住吉区,月給27.8万円〜◎個人ノルマなしのブランド買取スタッフ♪,"✦・━━━━━━━━━━━━━━━・✦
＼大阪府大阪市住吉区で募集中／
モノの価値を決める「査定」のプロへ。
未経験から始めるブランド買取スタッフ◎
✦・━━━━━━━━━━━━━━━・✦

「査定なんて、知識がないと無理では？」

その知識は、入ってから身につきます。
値づけは勘ではなく、手順で決まるからです。

＝＝＝＝＝＝＝＝＝＝＝＝＝＝＝
【✧査定は、この3ステップ✧】

■ ① 状態のチェック
傷・動作・付属品の有無を確認します。

■ ② 相場の確認
社内データと専用システムで市場価格を調べます。

■ ③ 価格の提示
状態と相場を掛け合わせて金額をお伝えします。

この3つを繰り返すうちに、
「この品はいくらか」が自然と分かるようになります。

＝＝＝＝＝＝＝＝＝＝＝＝＝＝＝
【✨このお仕事の魅力✨】

✅ 個人ノルマはありません
店舗の目標はありますが、個人に件数は課しません。
目の前のお客様との会話に集中できます。

✅ 高額品は一人で判断しません
本部のサポートチームが遠隔でアシストします。
独断でミスをするリスクがありません。

✅ 研修はオーダーメイド式
覚える速さは人それぞれ。
あなたのペースに合わせて進めます。

＝＝＝＝＝＝＝＝＝＝＝＝＝＝＝
【✧お仕事の内容✧】

■ 接客・買取査定
ブランド品・貴金属・高級時計・骨董品・お酒・
ジュエリー・家電・アパレル・楽器・ホビーなど

■ 店舗運営
陳列・レイアウト・POP作成。
自分の裁量でお店を作っていけます。

■ EC・事務
出品・発送・在庫管理

＝＝＝＝＝＝＝＝＝＝＝＝＝＝＝
【✔働き方✔】

✔ 09:45〜18:45（実働8時間／休憩1時間）
✔ 夜間勤務はありません
✔ 月平均の残業は10時間以下
✔ 週休二日制（シフト制／月8日以上）

まずはお気軽にご応募ください。

案件No：2921","《✼ここで働く4つの特徴✼》

✅ ① 個人ノルマなし、チームで動く
「今月あと○件…」という焦りがありません。
店舗の目標はありますが、個人に件数は課しません。
目の前のお客様との会話に集中できる環境です。

✅ ② 売り込まなくていい接客
買取は、お客様が「売りたい」と来てくださる仕事。
無理な営業は一切なく、正直な査定でお客様に
喜んでいただけます。
接客経験者ほど、この働き方の違いを実感するはずです。

✅ ③ 放っておかれない職場
わからないことはすぐ聞ける、困ったら誰かが動いてくれる。
高額品の査定は本部のサポートチームが遠隔でアシストします。

✅ ④ 頑張りが月収に反映されます
定期的に上長と面談を行い、成果を評価します。
等級が上がるたびに月収も上がる仕組みです。
賞与は年2回（6月・11月）、昇給は年1回（12月）。

＝＝＝＝＝＝＝＝＝＝＝＝＝＝＝
《✼待遇もしっかり✼》

✔ 交通費支給（上限35,000円／月）
✔ 住宅手当・家族手当・グレード手当・時間外手当
✔ 制服支給（オーダースーツ）
✔ 社員割引制度
✔ GLTD加入（所得補償保険／個人負担なし）
✔ 慰労金制度（勤続10年ごとに支給）
✔ iDeCoプラス・健康診断
✔ 年間休日110日、リフレッシュ休暇・フリーバカンス休暇あり"
33,2920,株式会社ベストバイ,未経験OK｜ブランド買取スタッフ｜大阪市西成区,月給27.8万円〜◎個人ノルマなしのブランド買取スタッフ♪,"✦・━━━━━━━━━━━━━━━・✦
＼大阪府大阪市西成区で募集中／
売り込まない接客へ。ブランド買取スタッフ◎
✦・━━━━━━━━━━━━━━━・✦

「営業は数字に追われるもの」
そう思って、営業から離れた方へ。

買取は、お客様が「売りたい」と
自分から来てくださる仕事です。
こちらから売り込む場面がありません。

＝＝＝＝＝＝＝＝＝＝＝＝＝＝＝
【✨ここが他の営業と違います✨】

✅ 個人ノルマなし
店舗の目標はありますが、
個人に件数を課すことはしません。

✅ 追いかける営業ではありません
飛び込みもテレアポもありません。
ご来店いただいた方に、正直な査定をお伝えします。

✅ 判断を一人で背負いません
高額品の査定は本部が遠隔でアシストします。
困ったら誰かが動いてくれるチームです。

＝＝＝＝＝＝＝＝＝＝＝＝＝＝＝
【✧お仕事の内容✧】

■ 接客・買取査定
お客様がお持ちの品を、3つの手順で査定します。
①状態のチェック（傷・動作・付属品）
②相場の確認（社内データと専用システム）
③価格の提示（状態と相場から金額を算出）

取り扱うのは、ブランド品・貴金属・高級時計・
骨董品・お酒・ジュエリー・家電・アパレル・
楽器・ホビーなど、幅広い商材です。

■ 店舗運営
陳列・レイアウト・POP作成

■ EC・事務
出品・発送・在庫管理

＝＝＝＝＝＝＝＝＝＝＝＝＝＝＝
【✔働き方✔】

✔ 09:45〜18:45（実働8時間／休憩1時間）
✔ 夜間勤務なし、月平均の残業は10時間以下
✔ 週休二日制（シフト制／月8日以上）
✔ 賞与年2回（6月・11月）、昇給年1回（12月）

接客や販売の経験は、そのまま活かせます。

案件No：2920","《✼ここで働く4つの特徴✼》

✅ ① 個人ノルマなし、チームで動く
「今月あと○件…」という焦りがありません。
店舗の目標はありますが、個人に件数は課しません。
目の前のお客様との会話に集中できる環境です。

✅ ② 売り込まなくていい接客
買取は、お客様が「売りたい」と来てくださる仕事。
無理な営業は一切なく、正直な査定でお客様に
喜んでいただけます。
接客経験者ほど、この働き方の違いを実感するはずです。

✅ ③ 放っておかれない職場
わからないことはすぐ聞ける、困ったら誰かが動いてくれる。
高額品の査定は本部のサポートチームが遠隔でアシストします。

✅ ④ 頑張りが月収に反映されます
定期的に上長と面談を行い、成果を評価します。
等級が上がるたびに月収も上がる仕組みです。
賞与は年2回（6月・11月）、昇給は年1回（12月）。

＝＝＝＝＝＝＝＝＝＝＝＝＝＝＝
《✼待遇もしっかり✼》

✔ 交通費支給（上限35,000円／月）
✔ 住宅手当・家族手当・グレード手当・時間外手当
✔ 制服支給（オーダースーツ）
✔ 社員割引制度
✔ GLTD加入（所得補償保険／個人負担なし）
✔ 慰労金制度（勤続10年ごとに支給）
✔ iDeCoプラス・健康診断
✔ 年間休日110日、リフレッシュ休暇・フリーバカンス休暇あり"
34,2919,株式会社ベストバイ,未経験OK｜ブランド買取スタッフ｜大阪市天王寺区,月給27.8万円〜◎個人ノルマなしのブランド買取スタッフ♪,"✦・━━━━━━━━━━━━━━━・✦
＼大阪府大阪市天王寺区で募集中／
知識ゼロから。ブランド買取スタッフ募集◎
✦・━━━━━━━━━━━━━━━・✦

「ブランドにも時計にも詳しくない」
「間違えて安く買ってしまったらどうしよう」

その心配は、仕組みで解消されています。

＝＝＝＝＝＝＝＝＝＝＝＝＝＝＝
【✨未経験でも大丈夫な理由✨】

✅ 一人で判断しなくていい
高額品の査定は、本部のサポートチームに
いつでも相談できます。
独断でミスをするリスクがありません。

✅ 値づけは手順で決まる
①状態のチェック ②相場の確認 ③価格の提示
この3ステップに沿って進めます。
相場は社内データと専用システムで調べられます。

✅ 研修はオーダーメイド式
覚える速さに合わせて進めるので、
焦る必要はありません。
査定の知識と接客スキルが同時に身につきます。

＝＝＝＝＝＝＝＝＝＝＝＝＝＝＝
【✧お仕事の内容✧】

■ 接客・買取査定
ブランド品・貴金属・高級時計・骨董品・お酒・
ジュエリー・家電・アパレル・楽器・ホビーなど

■ 店舗運営
陳列・レイアウト・POP作成

■ EC・事務
出品・発送・在庫管理

＝＝＝＝＝＝＝＝＝＝＝＝＝＝＝
【✨続けられる環境✨】

✔ 個人ノルマなし。店舗の目標をチームで追います
✔ 09:45〜18:45（実働8時間／休憩1時間）
✔ 夜間勤務なし、月平均の残業は10時間以下
✔ 等級が上がるごとに月収も上がる評価制度
✔ 制服はオーダースーツを支給します

まずは職種を知るところからで大丈夫です。
お気軽にご応募ください。

案件No：2919","《✼ここで働く4つの特徴✼》

✅ ① 個人ノルマなし、チームで動く
「今月あと○件…」という焦りがありません。
店舗の目標はありますが、個人に件数は課しません。
目の前のお客様との会話に集中できる環境です。

✅ ② 売り込まなくていい接客
買取は、お客様が「売りたい」と来てくださる仕事。
無理な営業は一切なく、正直な査定でお客様に
喜んでいただけます。
接客経験者ほど、この働き方の違いを実感するはずです。

✅ ③ 放っておかれない職場
わからないことはすぐ聞ける、困ったら誰かが動いてくれる。
高額品の査定は本部のサポートチームが遠隔でアシストします。

✅ ④ 頑張りが月収に反映されます
定期的に上長と面談を行い、成果を評価します。
等級が上がるたびに月収も上がる仕組みです。
賞与は年2回（6月・11月）、昇給は年1回（12月）。

＝＝＝＝＝＝＝＝＝＝＝＝＝＝＝
《✼待遇もしっかり✼》

✔ 交通費支給（上限35,000円／月）
✔ 住宅手当・家族手当・グレード手当・時間外手当
✔ 制服支給（オーダースーツ）
✔ 社員割引制度
✔ GLTD加入（所得補償保険／個人負担なし）
✔ 慰労金制度（勤続10年ごとに支給）
✔ iDeCoプラス・健康診断
✔ 年間休日110日、リフレッシュ休暇・フリーバカンス休暇あり"
35,2918,株式会社ベストバイ,未経験OK｜ブランド買取スタッフ｜大阪市此花区,月給27.8万円〜◎個人ノルマなしのブランド買取スタッフ♪,"✦・━━━━━━━━━━━━━━━・✦
＼大阪府大阪市此花区で募集中／
モノの価値を決める「査定」のプロへ。
未経験から始めるブランド買取スタッフ◎
✦・━━━━━━━━━━━━━━━・✦

「査定なんて、知識がないと無理では？」

その知識は、入ってから身につきます。
値づけは勘ではなく、手順で決まるからです。

＝＝＝＝＝＝＝＝＝＝＝＝＝＝＝
【✧査定は、この3ステップ✧】

■ ① 状態のチェック
傷・動作・付属品の有無を確認します。

■ ② 相場の確認
社内データと専用システムで市場価格を調べます。

■ ③ 価格の提示
状態と相場を掛け合わせて金額をお伝えします。

この3つを繰り返すうちに、
「この品はいくらか」が自然と分かるようになります。

＝＝＝＝＝＝＝＝＝＝＝＝＝＝＝
【✨このお仕事の魅力✨】

✅ 個人ノルマはありません
店舗の目標はありますが、個人に件数は課しません。
目の前のお客様との会話に集中できます。

✅ 高額品は一人で判断しません
本部のサポートチームが遠隔でアシストします。
独断でミスをするリスクがありません。

✅ 研修はオーダーメイド式
覚える速さは人それぞれ。
あなたのペースに合わせて進めます。

＝＝＝＝＝＝＝＝＝＝＝＝＝＝＝
【✧お仕事の内容✧】

■ 接客・買取査定
ブランド品・貴金属・高級時計・骨董品・お酒・
ジュエリー・家電・アパレル・楽器・ホビーなど

■ 店舗運営
陳列・レイアウト・POP作成。
自分の裁量でお店を作っていけます。

■ EC・事務
出品・発送・在庫管理

＝＝＝＝＝＝＝＝＝＝＝＝＝＝＝
【✔働き方✔】

✔ 09:45〜18:45（実働8時間／休憩1時間）
✔ 夜間勤務はありません
✔ 月平均の残業は10時間以下
✔ 週休二日制（シフト制／月8日以上）

まずはお気軽にご応募ください。

案件No：2918","《✼ここで働く4つの特徴✼》

✅ ① 個人ノルマなし、チームで動く
「今月あと○件…」という焦りがありません。
店舗の目標はありますが、個人に件数は課しません。
目の前のお客様との会話に集中できる環境です。

✅ ② 売り込まなくていい接客
買取は、お客様が「売りたい」と来てくださる仕事。
無理な営業は一切なく、正直な査定でお客様に
喜んでいただけます。
接客経験者ほど、この働き方の違いを実感するはずです。

✅ ③ 放っておかれない職場
わからないことはすぐ聞ける、困ったら誰かが動いてくれる。
高額品の査定は本部のサポートチームが遠隔でアシストします。

✅ ④ 頑張りが月収に反映されます
定期的に上長と面談を行い、成果を評価します。
等級が上がるたびに月収も上がる仕組みです。
賞与は年2回（6月・11月）、昇給は年1回（12月）。

＝＝＝＝＝＝＝＝＝＝＝＝＝＝＝
《✼待遇もしっかり✼》

✔ 交通費支給（上限35,000円／月）
✔ 住宅手当・家族手当・グレード手当・時間外手当
✔ 制服支給（オーダースーツ）
✔ 社員割引制度
✔ GLTD加入（所得補償保険／個人負担なし）
✔ 慰労金制度（勤続10年ごとに支給）
✔ iDeCoプラス・健康診断
✔ 年間休日110日、リフレッシュ休暇・フリーバカンス休暇あり"
36,2917,株式会社ベストバイ,未経験OK｜ブランド買取スタッフ｜大阪市城東区,月給27.8万円〜◎個人ノルマなしのブランド買取スタッフ♪,"✦・━━━━━━━━━━━━━━━・✦
＼大阪府大阪市城東区で募集中／
売り込まない接客へ。ブランド買取スタッフ◎
✦・━━━━━━━━━━━━━━━・✦

「営業は数字に追われるもの」
そう思って、営業から離れた方へ。

買取は、お客様が「売りたい」と
自分から来てくださる仕事です。
こちらから売り込む場面がありません。

＝＝＝＝＝＝＝＝＝＝＝＝＝＝＝
【✨ここが他の営業と違います✨】

✅ 個人ノルマなし
店舗の目標はありますが、
個人に件数を課すことはしません。

✅ 追いかける営業ではありません
飛び込みもテレアポもありません。
ご来店いただいた方に、正直な査定をお伝えします。

✅ 判断を一人で背負いません
高額品の査定は本部が遠隔でアシストします。
困ったら誰かが動いてくれるチームです。

＝＝＝＝＝＝＝＝＝＝＝＝＝＝＝
【✧お仕事の内容✧】

■ 接客・買取査定
お客様がお持ちの品を、3つの手順で査定します。
①状態のチェック（傷・動作・付属品）
②相場の確認（社内データと専用システム）
③価格の提示（状態と相場から金額を算出）

取り扱うのは、ブランド品・貴金属・高級時計・
骨董品・お酒・ジュエリー・家電・アパレル・
楽器・ホビーなど、幅広い商材です。

■ 店舗運営
陳列・レイアウト・POP作成

■ EC・事務
出品・発送・在庫管理

＝＝＝＝＝＝＝＝＝＝＝＝＝＝＝
【✔働き方✔】

✔ 09:45〜18:45（実働8時間／休憩1時間）
✔ 夜間勤務なし、月平均の残業は10時間以下
✔ 週休二日制（シフト制／月8日以上）
✔ 賞与年2回（6月・11月）、昇給年1回（12月）

接客や販売の経験は、そのまま活かせます。

案件No：2917","《✼ここで働く4つの特徴✼》

✅ ① 個人ノルマなし、チームで動く
「今月あと○件…」という焦りがありません。
店舗の目標はありますが、個人に件数は課しません。
目の前のお客様との会話に集中できる環境です。

✅ ② 売り込まなくていい接客
買取は、お客様が「売りたい」と来てくださる仕事。
無理な営業は一切なく、正直な査定でお客様に
喜んでいただけます。
接客経験者ほど、この働き方の違いを実感するはずです。

✅ ③ 放っておかれない職場
わからないことはすぐ聞ける、困ったら誰かが動いてくれる。
高額品の査定は本部のサポートチームが遠隔でアシストします。

✅ ④ 頑張りが月収に反映されます
定期的に上長と面談を行い、成果を評価します。
等級が上がるたびに月収も上がる仕組みです。
賞与は年2回（6月・11月）、昇給は年1回（12月）。

＝＝＝＝＝＝＝＝＝＝＝＝＝＝＝
《✼待遇もしっかり✼》

✔ 交通費支給（上限35,000円／月）
✔ 住宅手当・家族手当・グレード手当・時間外手当
✔ 制服支給（オーダースーツ）
✔ 社員割引制度
✔ GLTD加入（所得補償保険／個人負担なし）
✔ 慰労金制度（勤続10年ごとに支給）
✔ iDeCoプラス・健康診断
✔ 年間休日110日、リフレッシュ休暇・フリーバカンス休暇あり"
