駅名,住所,キャッチコピー,タイトル,仕事内容,アピールポイント
名古屋,愛知県名古屋市中村区名駅一丁目,未経験OK◎倉庫内の検品・梱包スタッフ♪,未経験OK｜倉庫内の検品・梱包｜名古屋駅エリア,"✦・━━━━━━━━━━━━━━━・✦
＼愛知県名古屋市中村区で募集中／
届いた商品を確かめて、箱に詰める。
未経験からはじめる検品・梱包◎
✦・━━━━━━━━━━━━━━━・✦

「倉庫の仕事は力がいるのでは？」
「経験がないと難しそう…」

扱うのは片手で持てるサイズの商品が中心です。

＝＝＝＝＝＝＝＝＝＝＝＝＝＝＝
【✧お仕事の内容✧】

■ 検品
伝票やチェックリストと照らして、品番と数量を確認します。

■ 梱包
商品を緩衝材で包み、指定のサイズの箱に詰めます。

■ ラベル貼り
送り先の伝票やラベルを、決められた位置に貼ります。

■ 仕分け
届け先ごとに商品を分け、所定の場所に置きます。

＝＝＝＝＝＝＝＝＝＝＝＝＝＝＝
【✨はじめての方へ✨】

✔ 作業手順はマニュアルで決まっています
✔ 接客や電話対応はありません
✔ 覚える範囲は担当する工程だけです
✔ 分からないことはその場で確認できます

＝＝＝＝＝＝＝＝＝＝＝＝＝＝＝
【✧勤務地✧】

愛知県名古屋市中村区名駅一丁目（名古屋駅エリア）

給与・勤務時間・シフトなどの詳細は、
ご応募後にあらためてご案内します。
まずはお気軽にご応募ください。","《✼このお仕事の特徴✼》

✅ ① 手順が決まっています
何をどの順で確認するかはマニュアルとチェックリストにあります。
自分で判断しなければならない場面はほとんどありません。

✅ ② 接客・電話対応はありません
倉庫内での作業が中心です。
人と話すより手を動かしたい方に向いています。

✅ ③ 1 工程からはじめられます
最初から全工程を覚える必要はありません。
担当する工程から順に慣れていけます。

＝＝＝＝＝＝＝＝＝＝＝＝＝＝＝
《✼向いている方✼》

✔ コツコツ続けるのが得意な方
✔ 手順どおりに進めるのが好きな方
✔ 細かい違いに気づける方

＝＝＝＝＝＝＝＝＝＝＝＝＝＝＝
《✼応募について✼》

✔ 経験・資格は必要ありません
✔ 給与・勤務時間・シフト・待遇の詳細は応募後にご案内します
✔ 気になる点だけのお問い合わせも歓迎します"
金山,愛知県名古屋市中区金山一丁目,経験不問◎倉庫内の検品・梱包スタッフ◎,未経験歓迎｜倉庫内の検品・梱包｜金山駅エリア,"✦・━━━━━━━━━━━━━━━・✦
＼愛知県名古屋市中区で募集中／
手順は決まっています。
倉庫内の検品・梱包スタッフ募集◎
✦・━━━━━━━━━━━━━━━・✦

「倉庫の仕事は力がいるのでは？」
「経験がないと難しそう…」

扱うのは片手で持てるサイズの商品が中心です。

＝＝＝＝＝＝＝＝＝＝＝＝＝＝＝
【✧お仕事の内容✧】

■ 検品
伝票やチェックリストと照らして、品番と数量を確認します。

■ 梱包
商品を緩衝材で包み、指定のサイズの箱に詰めます。

■ ラベル貼り
送り先の伝票やラベルを、決められた位置に貼ります。

■ 仕分け
届け先ごとに商品を分け、所定の場所に置きます。

＝＝＝＝＝＝＝＝＝＝＝＝＝＝＝
【✨はじめての方へ✨】

✔ 作業手順はマニュアルで決まっています
✔ 接客や電話対応はありません
✔ 覚える範囲は担当する工程だけです
✔ 分からないことはその場で確認できます

＝＝＝＝＝＝＝＝＝＝＝＝＝＝＝
【✧勤務地✧】

愛知県名古屋市中区金山一丁目（金山駅エリア）

給与・勤務時間・シフトなどの詳細は、
ご応募後にあらためてご案内します。
まずはお気軽にご応募ください。","《✼ここがはじめやすい✼》

✅ ① 手順が決まっています
何をどの順で確認するかはマニュアルとチェックリストにあります。
自分で判断しなければならない場面はほとんどありません。

✅ ② 接客・電話対応はありません
倉庫内での作業が中心です。
人と話すより手を動かしたい方に向いています。

✅ ③ 1 工程からはじめられます
最初から全工程を覚える必要はありません。
担当する工程から順に慣れていけます。

＝＝＝＝＝＝＝＝＝＝＝＝＝＝＝
《✼向いている方✼》

✔ コツコツ続けるのが得意な方
✔ 手順どおりに進めるのが好きな方
✔ 細かい違いに気づける方

＝＝＝＝＝＝＝＝＝＝＝＝＝＝＝
《✼応募について✼》

✔ 経験・資格は必要ありません
✔ 給与・勤務時間・シフト・待遇の詳細は応募後にご案内します
✔ 気になる点だけのお問い合わせも歓迎します"
栄,愛知県名古屋市中区栄三丁目,もくもく作業◎倉庫内の検品・梱包スタッフ！,経験不問｜倉庫内の検品・梱包｜栄駅エリア,"✦・━━━━━━━━━━━━━━━・✦
＼愛知県名古屋市中区で募集中／
話すより手を動かしたい方へ。
もくもく進める検品・梱包◎
✦・━━━━━━━━━━━━━━━・✦

「倉庫の仕事は力がいるのでは？」
「経験がないと難しそう…」

扱うのは片手で持てるサイズの商品が中心です。

＝＝＝＝＝＝＝＝＝＝＝＝＝＝＝
【✧お仕事の内容✧】

■ 商品を受け取る
作業台に運ばれてきた商品を受け取ります。

■ 状態を見る
傷・汚れ・数量の違いがないかを確認します。

■ 箱に詰める
緩衝材で包み、指定の箱に入れて封をします。

■ ラベルを貼る
伝票を所定の位置に貼って、次の工程へ回します。

＝＝＝＝＝＝＝＝＝＝＝＝＝＝＝
【✨はじめての方へ✨】

✔ 作業手順はマニュアルで決まっています
✔ 接客や電話対応はありません
✔ 覚える範囲は担当する工程だけです
✔ 分からないことはその場で確認できます

＝＝＝＝＝＝＝＝＝＝＝＝＝＝＝
【✧勤務地✧】

愛知県名古屋市中区栄三丁目（栄駅エリア）

給与・勤務時間・シフトなどの詳細は、
ご応募後にあらためてご案内します。
まずはお気軽にご応募ください。","《✼働き方のポイント✼》

✅ ① 手順が決まっています
何をどの順で確認するかはマニュアルとチェックリストにあります。
自分で判断しなければならない場面はほとんどありません。

✅ ② 接客・電話対応はありません
倉庫内での作業が中心です。
人と話すより手を動かしたい方に向いています。

✅ ③ 1 工程からはじめられます
最初から全工程を覚える必要はありません。
担当する工程から順に慣れていけます。

＝＝＝＝＝＝＝＝＝＝＝＝＝＝＝
《✼向いている方✼》

✔ コツコツ続けるのが得意な方
✔ 手順どおりに進めるのが好きな方
✔ 細かい違いに気づける方

＝＝＝＝＝＝＝＝＝＝＝＝＝＝＝
《✼応募について✼》

✔ 経験・資格は必要ありません
✔ 給与・勤務時間・シフト・待遇の詳細は応募後にご案内します
✔ 気になる点だけのお問い合わせも歓迎します"
藤が丘,愛知県名古屋市名東区藤が丘,接客なし◎倉庫内の検品・梱包スタッフ☆,はじめてOK｜倉庫内の検品・梱包｜藤が丘駅エリア,"✦・━━━━━━━━━━━━━━━・✦
＼愛知県名古屋市名東区で募集中／
まずは1工程から。
検品・梱包スタッフ募集◎
✦・━━━━━━━━━━━━━━━・✦

「倉庫の仕事は力がいるのでは？」
「経験がないと難しそう…」

扱うのは片手で持てるサイズの商品が中心です。

＝＝＝＝＝＝＝＝＝＝＝＝＝＝＝
【✧お仕事の内容✧】

■ 商品を受け取る
作業台に運ばれてきた商品を受け取ります。

■ 状態を見る
傷・汚れ・数量の違いがないかを確認します。

■ 箱に詰める
緩衝材で包み、指定の箱に入れて封をします。

■ ラベルを貼る
伝票を所定の位置に貼って、次の工程へ回します。

＝＝＝＝＝＝＝＝＝＝＝＝＝＝＝
【✨はじめての方へ✨】

✔ 経験・資格は必要ありません
✔ 判断の基準はチェックリストにあります
✔ 扱うのは片手で持てるサイズが中心です
✔ 担当する工程から順に覚えられます

＝＝＝＝＝＝＝＝＝＝＝＝＝＝＝
【✧勤務地✧】

愛知県名古屋市名東区藤が丘（藤が丘駅エリア）

給与・勤務時間・シフトなどの詳細は、
ご応募後にあらためてご案内します。
まずはお気軽にご応募ください。","《✼作業のすすめ方✼》

✅ ① 手順が決まっています
何をどの順で確認するかはマニュアルとチェックリストにあります。
自分で判断しなければならない場面はほとんどありません。

✅ ② 接客・電話対応はありません
倉庫内での作業が中心です。
人と話すより手を動かしたい方に向いています。

✅ ③ 1 工程からはじめられます
最初から全工程を覚える必要はありません。
担当する工程から順に慣れていけます。

＝＝＝＝＝＝＝＝＝＝＝＝＝＝＝
《✼向いている方✼》

✔ コツコツ続けるのが得意な方
✔ 手順どおりに進めるのが好きな方
✔ 細かい違いに気づける方

＝＝＝＝＝＝＝＝＝＝＝＝＝＝＝
《✼応募について✼》

✔ 経験・資格は必要ありません
✔ 給与・勤務時間・シフト・待遇の詳細は応募後にご案内します
✔ 気になる点だけのお問い合わせも歓迎します"
千種,愛知県名古屋市千種区内山三丁目,手順はシンプル◎倉庫内の検品・梱包スタッフ♪,未経験スタート｜倉庫内の検品・梱包｜千種駅エリア,"✦・━━━━━━━━━━━━━━━・✦
＼愛知県名古屋市千種区で募集中／
重いものを運ぶ作業はありません。
からだに負担の少ない検品・梱包◎
✦・━━━━━━━━━━━━━━━・✦

「倉庫の仕事は力がいるのでは？」
「経験がないと難しそう…」

扱うのは片手で持てるサイズの商品が中心です。

＝＝＝＝＝＝＝＝＝＝＝＝＝＝＝
【✧お仕事の内容✧】

■ チェックリストの確認
その日に確認する項目を最初に確かめます。

■ 検品
品番と数量がリストと合っているかを見ます。

■ 梱包・ラベル貼り
包んで箱詰めし、ラベルを貼ります。

■ 記録
確認した項目に印をつけて完了です。

＝＝＝＝＝＝＝＝＝＝＝＝＝＝＝
【✨はじめての方へ✨】

✔ 経験・資格は必要ありません
✔ 判断の基準はチェックリストにあります
✔ 扱うのは片手で持てるサイズが中心です
✔ 担当する工程から順に覚えられます

＝＝＝＝＝＝＝＝＝＝＝＝＝＝＝
【✧勤務地✧】

愛知県名古屋市千種区内山三丁目（千種駅エリア）

給与・勤務時間・シフトなどの詳細は、
ご応募後にあらためてご案内します。
まずはお気軽にご応募ください。","《✼このお仕事の特徴✼》

✅ ① 経験も資格も要りません
検品・梱包のどちらも、決まった手順に沿って進めます。
はじめての方でも取りかかれます。

✅ ② 重いものを運ぶ作業はありません
扱うのは片手で持てるサイズの商品が中心です。

✅ ③ 覚える範囲がはっきりしています
担当する工程が決まっているので、
何を覚えればよいかが最初から分かります。

＝＝＝＝＝＝＝＝＝＝＝＝＝＝＝
《✼向いている方✼》

✔ コツコツ続けるのが得意な方
✔ 手順どおりに進めるのが好きな方
✔ 細かい違いに気づける方

＝＝＝＝＝＝＝＝＝＝＝＝＝＝＝
《✼応募について✼》

✔ 経験・資格は必要ありません
✔ 給与・勤務時間・シフト・待遇の詳細は応募後にご案内します
✔ 気になる点だけのお問い合わせも歓迎します"
大曽根,愛知県名古屋市東区東大曽根町,重いものナシ◎倉庫内の検品・梱包スタッフ◎,未経験OK｜検品・梱包スタッフ｜大曽根駅エリア,"✦・━━━━━━━━━━━━━━━・✦
＼愛知県名古屋市東区で募集中／
届いた商品を確かめて、箱に詰める。
未経験からはじめる検品・梱包◎
✦・━━━━━━━━━━━━━━━・✦

「細かい作業は苦手かも」
「覚えることが多そう」

確認する項目はチェックリストに書かれています。

＝＝＝＝＝＝＝＝＝＝＝＝＝＝＝
【✧お仕事の内容✧】

■ チェックリストの確認
その日に確認する項目を最初に確かめます。

■ 検品
品番と数量がリストと合っているかを見ます。

■ 梱包・ラベル貼り
包んで箱詰めし、ラベルを貼ります。

■ 記録
確認した項目に印をつけて完了です。

＝＝＝＝＝＝＝＝＝＝＝＝＝＝＝
【✨はじめての方へ✨】

✔ 経験・資格は必要ありません
✔ 判断の基準はチェックリストにあります
✔ 扱うのは片手で持てるサイズが中心です
✔ 担当する工程から順に覚えられます

＝＝＝＝＝＝＝＝＝＝＝＝＝＝＝
【✧勤務地✧】

愛知県名古屋市東区東大曽根町（大曽根駅エリア）

給与・勤務時間・シフトなどの詳細は、
ご応募後にあらためてご案内します。
まずはお気軽にご応募ください。","《✼ここがはじめやすい✼》

✅ ① 経験も資格も要りません
検品・梱包のどちらも、決まった手順に沿って進めます。
はじめての方でも取りかかれます。

✅ ② 重いものを運ぶ作業はありません
扱うのは片手で持てるサイズの商品が中心です。

✅ ③ 覚える範囲がはっきりしています
担当する工程が決まっているので、
何を覚えればよいかが最初から分かります。

＝＝＝＝＝＝＝＝＝＝＝＝＝＝＝
《✼向いている方✼》

✔ コツコツ続けるのが得意な方
✔ 手順どおりに進めるのが好きな方
✔ 細かい違いに気づける方

＝＝＝＝＝＝＝＝＝＝＝＝＝＝＝
《✼応募について✼》

✔ 経験・資格は必要ありません
✔ 給与・勤務時間・シフト・待遇の詳細は応募後にご案内します
✔ 気になる点だけのお問い合わせも歓迎します"
伏見,愛知県名古屋市中区栄一丁目,コツコツ派歓迎◎倉庫内の検品・梱包スタッフ！,未経験歓迎｜検品・梱包スタッフ｜伏見駅エリア,"✦・━━━━━━━━━━━━━━━・✦
＼愛知県名古屋市中区で募集中／
手順は決まっています。
倉庫内の検品・梱包スタッフ募集◎
✦・━━━━━━━━━━━━━━━・✦

「細かい作業は苦手かも」
「覚えることが多そう」

確認する項目はチェックリストに書かれています。

＝＝＝＝＝＝＝＝＝＝＝＝＝＝＝
【✧お仕事の内容✧】

■ 検品（品番・数量・状態の確認）

■ 梱包（緩衝材で包み、指定の箱へ）

■ ラベル貼り（伝票を決められた位置に）

■ 仕分け（届け先ごとに分けて所定の場所へ）

＝＝＝＝＝＝＝＝＝＝＝＝＝＝＝
【✨はじめての方へ✨】

✔ はじめは 1 つの工程からお任せします
✔ 手順が決まっているので迷いません
✔ もくもく進めたい方に向いています
✔ 慣れてきたら担当を広げられます

＝＝＝＝＝＝＝＝＝＝＝＝＝＝＝
【✧勤務地✧】

愛知県名古屋市中区栄一丁目（伏見駅エリア）

給与・勤務時間・シフトなどの詳細は、
ご応募後にあらためてご案内します。
まずはお気軽にご応募ください。","《✼働き方のポイント✼》

✅ ① 経験も資格も要りません
検品・梱包のどちらも、決まった手順に沿って進めます。
はじめての方でも取りかかれます。

✅ ② 重いものを運ぶ作業はありません
扱うのは片手で持てるサイズの商品が中心です。

✅ ③ 覚える範囲がはっきりしています
担当する工程が決まっているので、
何を覚えればよいかが最初から分かります。

＝＝＝＝＝＝＝＝＝＝＝＝＝＝＝
《✼向いている方✼》

✔ コツコツ続けるのが得意な方
✔ 手順どおりに進めるのが好きな方
✔ 細かい違いに気づける方

＝＝＝＝＝＝＝＝＝＝＝＝＝＝＝
《✼応募について✼》

✔ 経験・資格は必要ありません
✔ 給与・勤務時間・シフト・待遇の詳細は応募後にご案内します
✔ 気になる点だけのお問い合わせも歓迎します"
上前津,愛知県名古屋市中区上前津一丁目,駅チカ勤務◎倉庫内の検品・梱包スタッフ☆,経験不問｜検品・梱包スタッフ｜上前津駅エリア,"✦・━━━━━━━━━━━━━━━・✦
＼愛知県名古屋市中区で募集中／
話すより手を動かしたい方へ。
もくもく進める検品・梱包◎
✦・━━━━━━━━━━━━━━━・✦

「細かい作業は苦手かも」
「覚えることが多そう」

確認する項目はチェックリストに書かれています。

＝＝＝＝＝＝＝＝＝＝＝＝＝＝＝
【✧お仕事の内容✧】

■ 検品（品番・数量・状態の確認）

■ 梱包（緩衝材で包み、指定の箱へ）

■ ラベル貼り（伝票を決められた位置に）

■ 仕分け（届け先ごとに分けて所定の場所へ）

＝＝＝＝＝＝＝＝＝＝＝＝＝＝＝
【✨はじめての方へ✨】

✔ はじめは 1 つの工程からお任せします
✔ 手順が決まっているので迷いません
✔ もくもく進めたい方に向いています
✔ 慣れてきたら担当を広げられます

＝＝＝＝＝＝＝＝＝＝＝＝＝＝＝
【✧勤務地✧】

愛知県名古屋市中区上前津一丁目（上前津駅エリア）

給与・勤務時間・シフトなどの詳細は、
ご応募後にあらためてご案内します。
気になる点はお気軽にお尋ねください。","《✼作業のすすめ方✼》

✅ ① 経験も資格も要りません
検品・梱包のどちらも、決まった手順に沿って進めます。
はじめての方でも取りかかれます。

✅ ② 重いものを運ぶ作業はありません
扱うのは片手で持てるサイズの商品が中心です。

✅ ③ 覚える範囲がはっきりしています
担当する工程が決まっているので、
何を覚えればよいかが最初から分かります。

＝＝＝＝＝＝＝＝＝＝＝＝＝＝＝
《✼向いている方✼》

✔ コツコツ続けるのが得意な方
✔ 手順どおりに進めるのが好きな方
✔ 細かい違いに気づける方

＝＝＝＝＝＝＝＝＝＝＝＝＝＝＝
《✼応募について✼》

✔ 経験・資格は必要ありません
✔ 給与・勤務時間・シフト・待遇の詳細は応募後にご案内します
✔ 気になる点だけのお問い合わせも歓迎します"
本山,愛知県名古屋市千種区末盛通,はじめてOK◎倉庫内の検品・梱包スタッフ♪,はじめてOK｜検品・梱包スタッフ｜本山駅エリア,"✦・━━━━━━━━━━━━━━━・✦
＼愛知県名古屋市千種区で募集中／
まずは1工程から。
検品・梱包スタッフ募集◎
✦・━━━━━━━━━━━━━━━・✦

「細かい作業は苦手かも」
「覚えることが多そう」

確認する項目はチェックリストに書かれています。

＝＝＝＝＝＝＝＝＝＝＝＝＝＝＝
【✧お仕事の内容✧】

■ 検品
伝票やチェックリストと照らして、品番と数量を確認します。

■ 梱包
商品を緩衝材で包み、指定のサイズの箱に詰めます。

■ ラベル貼り
送り先の伝票やラベルを、決められた位置に貼ります。

■ 仕分け
届け先ごとに商品を分け、所定の場所に置きます。

＝＝＝＝＝＝＝＝＝＝＝＝＝＝＝
【✨はじめての方へ✨】

✔ はじめは 1 つの工程からお任せします
✔ 手順が決まっているので迷いません
✔ もくもく進めたい方に向いています
✔ 慣れてきたら担当を広げられます

＝＝＝＝＝＝＝＝＝＝＝＝＝＝＝
【✧勤務地✧】

愛知県名古屋市千種区末盛通（本山駅エリア）

給与・勤務時間・シフトなどの詳細は、
ご応募後にあらためてご案内します。
気になる点はお気軽にお尋ねください。","《✼このお仕事の特徴✼》

✅ ① 判断の基準は紙にあります
品番と数量はチェックリストと照らして確認します。
記憶に頼る場面はありません。

✅ ② もくもく進められます
接客も電話対応もありません。
自分のペースで手を動かせます。

✅ ③ 工程は日によって変わることがあります
検品・梱包・ラベル貼り・仕分けのいずれかを担当します。

＝＝＝＝＝＝＝＝＝＝＝＝＝＝＝
《✼向いている方✼》

✔ コツコツ続けるのが得意な方
✔ 手順どおりに進めるのが好きな方
✔ 細かい違いに気づける方

＝＝＝＝＝＝＝＝＝＝＝＝＝＝＝
《✼応募について✼》

✔ 経験・資格は必要ありません
✔ 給与・勤務時間・シフト・待遇の詳細は応募後にご案内します
✔ 気になる点だけのお問い合わせも歓迎します"
今池,愛知県名古屋市千種区今池,1工程から◎倉庫内の検品・梱包スタッフ◎,未経験スタート｜検品・梱包スタッフ｜今池駅エリア,"✦・━━━━━━━━━━━━━━━・✦
＼愛知県名古屋市千種区で募集中／
重いものを運ぶ作業はありません。
からだに負担の少ない検品・梱包◎
✦・━━━━━━━━━━━━━━━・✦

「細かい作業は苦手かも」
「覚えることが多そう」

確認する項目はチェックリストに書かれています。

＝＝＝＝＝＝＝＝＝＝＝＝＝＝＝
【✧お仕事の内容✧】

■ 検品
伝票やチェックリストと照らして、品番と数量を確認します。

■ 梱包
商品を緩衝材で包み、指定のサイズの箱に詰めます。

■ ラベル貼り
送り先の伝票やラベルを、決められた位置に貼ります。

■ 仕分け
届け先ごとに商品を分け、所定の場所に置きます。

＝＝＝＝＝＝＝＝＝＝＝＝＝＝＝
【✨はじめての方へ✨】

✔ 特別な資格は要りません
✔ 確認する項目は紙とリストで示されます
✔ 重量物の持ち運びはありません
✔ 工程は日によって変わることがあります

＝＝＝＝＝＝＝＝＝＝＝＝＝＝＝
【✧勤務地✧】

愛知県名古屋市千種区今池（今池駅エリア）

給与・勤務時間・シフトなどの詳細は、
ご応募後にあらためてご案内します。
気になる点はお気軽にお尋ねください。","《✼ここがはじめやすい✼》

✅ ① 判断の基準は紙にあります
品番と数量はチェックリストと照らして確認します。
記憶に頼る場面はありません。

✅ ② もくもく進められます
接客も電話対応もありません。
自分のペースで手を動かせます。

✅ ③ 工程は日によって変わることがあります
検品・梱包・ラベル貼り・仕分けのいずれかを担当します。

＝＝＝＝＝＝＝＝＝＝＝＝＝＝＝
《✼向いている方✼》

✔ コツコツ続けるのが得意な方
✔ 手順どおりに進めるのが好きな方
✔ 細かい違いに気づける方

＝＝＝＝＝＝＝＝＝＝＝＝＝＝＝
《✼応募について✼》

✔ 経験・資格は必要ありません
✔ 給与・勤務時間・シフト・待遇の詳細は応募後にご案内します
✔ 気になる点だけのお問い合わせも歓迎します"
神宮前,愛知県名古屋市熱田区三本松町,未経験OK◎商品の検品とラベル貼り！,未経験OK｜梱包・ラベル貼り｜神宮前駅エリア,"✦・━━━━━━━━━━━━━━━・✦
＼愛知県名古屋市熱田区で募集中／
届いた商品を確かめて、箱に詰める。
未経験からはじめる検品・梱包◎
✦・━━━━━━━━━━━━━━━・✦

「人と話す仕事は少し苦手」
「自分のペースで進めたい」

接客も電話対応もありません。手元の作業に集中できます。

＝＝＝＝＝＝＝＝＝＝＝＝＝＝＝
【✧お仕事の内容✧】

■ 商品を受け取る
作業台に運ばれてきた商品を受け取ります。

■ 状態を見る
傷・汚れ・数量の違いがないかを確認します。

■ 箱に詰める
緩衝材で包み、指定の箱に入れて封をします。

■ ラベルを貼る
伝票を所定の位置に貼って、次の工程へ回します。

＝＝＝＝＝＝＝＝＝＝＝＝＝＝＝
【✨はじめての方へ✨】

✔ 特別な資格は要りません
✔ 確認する項目は紙とリストで示されます
✔ 重量物の持ち運びはありません
✔ 工程は日によって変わることがあります

＝＝＝＝＝＝＝＝＝＝＝＝＝＝＝
【✧勤務地✧】

愛知県名古屋市熱田区三本松町（神宮前駅エリア）

給与・勤務時間・シフトなどの詳細は、
ご応募後にあらためてご案内します。
気になる点はお気軽にお尋ねください。","《✼働き方のポイント✼》

✅ ① 判断の基準は紙にあります
品番と数量はチェックリストと照らして確認します。
記憶に頼る場面はありません。

✅ ② もくもく進められます
接客も電話対応もありません。
自分のペースで手を動かせます。

✅ ③ 工程は日によって変わることがあります
検品・梱包・ラベル貼り・仕分けのいずれかを担当します。

＝＝＝＝＝＝＝＝＝＝＝＝＝＝＝
《✼向いている方✼》

✔ コツコツ続けるのが得意な方
✔ 手順どおりに進めるのが好きな方
✔ 細かい違いに気づける方

＝＝＝＝＝＝＝＝＝＝＝＝＝＝＝
《✼応募について✼》

✔ 経験・資格は必要ありません
✔ 給与・勤務時間・シフト・待遇の詳細は応募後にご案内します
✔ 気になる点だけのお問い合わせも歓迎します"
八事,愛知県名古屋市昭和区八事本町,経験不問◎商品の検品とラベル貼り☆,未経験歓迎｜梱包・ラベル貼り｜八事駅エリア,"✦・━━━━━━━━━━━━━━━・✦
＼愛知県名古屋市昭和区で募集中／
手順は決まっています。
倉庫内の検品・梱包スタッフ募集◎
✦・━━━━━━━━━━━━━━━・✦

「人と話す仕事は少し苦手」
「自分のペースで進めたい」

接客も電話対応もありません。手元の作業に集中できます。

＝＝＝＝＝＝＝＝＝＝＝＝＝＝＝
【✧お仕事の内容✧】

■ 商品を受け取る
作業台に運ばれてきた商品を受け取ります。

■ 状態を見る
傷・汚れ・数量の違いがないかを確認します。

■ 箱に詰める
緩衝材で包み、指定の箱に入れて封をします。

■ ラベルを貼る
伝票を所定の位置に貼って、次の工程へ回します。

＝＝＝＝＝＝＝＝＝＝＝＝＝＝＝
【✨はじめての方へ✨】

✔ 特別な資格は要りません
✔ 確認する項目は紙とリストで示されます
✔ 重量物の持ち運びはありません
✔ 工程は日によって変わることがあります

＝＝＝＝＝＝＝＝＝＝＝＝＝＝＝
【✧勤務地✧】

愛知県名古屋市昭和区八事本町（八事駅エリア）

給与・勤務時間・シフトなどの詳細は、
ご応募後にあらためてご案内します。
気になる点はお気軽にお尋ねください。","《✼作業のすすめ方✼》

✅ ① 判断の基準は紙にあります
品番と数量はチェックリストと照らして確認します。
記憶に頼る場面はありません。

✅ ② もくもく進められます
接客も電話対応もありません。
自分のペースで手を動かせます。

✅ ③ 工程は日によって変わることがあります
検品・梱包・ラベル貼り・仕分けのいずれかを担当します。

＝＝＝＝＝＝＝＝＝＝＝＝＝＝＝
《✼向いている方✼》

✔ コツコツ続けるのが得意な方
✔ 手順どおりに進めるのが好きな方
✔ 細かい違いに気づける方

＝＝＝＝＝＝＝＝＝＝＝＝＝＝＝
《✼応募について✼》

✔ 経験・資格は必要ありません
✔ 給与・勤務時間・シフト・待遇の詳細は応募後にご案内します
✔ 気になる点だけのお問い合わせも歓迎します"
星ヶ丘,愛知県名古屋市千種区星が丘元町,もくもく作業◎商品の検品とラベル貼り♪,経験不問｜梱包・ラベル貼り｜星ヶ丘駅エリア,"✦・━━━━━━━━━━━━━━━・✦
＼愛知県名古屋市千種区で募集中／
話すより手を動かしたい方へ。
もくもく進める検品・梱包◎
✦・━━━━━━━━━━━━━━━・✦

「人と話す仕事は少し苦手」
「自分のペースで進めたい」

接客も電話対応もありません。手元の作業に集中できます。

＝＝＝＝＝＝＝＝＝＝＝＝＝＝＝
【✧お仕事の内容✧】

■ チェックリストの確認
その日に確認する項目を最初に確かめます。

■ 検品
品番と数量がリストと合っているかを見ます。

■ 梱包・ラベル貼り
包んで箱詰めし、ラベルを貼ります。

■ 記録
確認した項目に印をつけて完了です。

＝＝＝＝＝＝＝＝＝＝＝＝＝＝＝
【✨はじめての方へ✨】

✔ 未経験からはじめた方が多い工程です
✔ 作業の順番は決まっています
✔ 接客はありません
✔ 分からないときはすぐ聞けます

＝＝＝＝＝＝＝＝＝＝＝＝＝＝＝
【✧勤務地✧】

愛知県名古屋市千種区星が丘元町（星ヶ丘駅エリア）

給与・勤務時間・シフトなどの詳細は、
ご応募後にあらためてご案内します。
気になる点はお気軽にお尋ねください。","《✼このお仕事の特徴✼》

✅ ① 作業台まわりで完結します
商品は作業台まで運ばれてきます。
倉庫内を歩き回る作業ではありません。

✅ ② はじめは簡単な工程から
ラベル貼りや数量の確認など、
覚えやすい工程からお任せします。

✅ ③ 相談できる距離で働けます
分からないことはその場で確認できる環境です。

＝＝＝＝＝＝＝＝＝＝＝＝＝＝＝
《✼向いている方✼》

✔ コツコツ続けるのが得意な方
✔ 手順どおりに進めるのが好きな方
✔ 細かい違いに気づける方

＝＝＝＝＝＝＝＝＝＝＝＝＝＝＝
《✼応募について✼》

✔ 経験・資格は必要ありません
✔ 給与・勤務時間・シフト・待遇の詳細は応募後にご案内します
✔ 気になる点だけのお問い合わせも歓迎します"
新瑞橋,愛知県名古屋市瑞穂区弥富通,接客なし◎商品の検品とラベル貼り◎,はじめてOK｜梱包・ラベル貼り｜新瑞橋駅エリア,"✦・━━━━━━━━━━━━━━━・✦
＼愛知県名古屋市瑞穂区で募集中／
まずは1工程から。
検品・梱包スタッフ募集◎
✦・━━━━━━━━━━━━━━━・✦

「人と話す仕事は少し苦手」
「自分のペースで進めたい」

接客も電話対応もありません。手元の作業に集中できます。

＝＝＝＝＝＝＝＝＝＝＝＝＝＝＝
【✧お仕事の内容✧】

■ チェックリストの確認
その日に確認する項目を最初に確かめます。

■ 検品
品番と数量がリストと合っているかを見ます。

■ 梱包・ラベル貼り
包んで箱詰めし、ラベルを貼ります。

■ 記録
確認した項目に印をつけて完了です。

＝＝＝＝＝＝＝＝＝＝＝＝＝＝＝
【✨はじめての方へ✨】

✔ 未経験からはじめた方が多い工程です
✔ 作業の順番は決まっています
✔ 接客はありません
✔ 分からないときはすぐ聞けます

＝＝＝＝＝＝＝＝＝＝＝＝＝＝＝
【✧勤務地✧】

愛知県名古屋市瑞穂区弥富通（新瑞橋駅エリア）

給与・勤務時間・シフトなどの詳細は、
ご応募後にあらためてご案内します。
気になる点はお気軽にお尋ねください。","《✼ここがはじめやすい✼》

✅ ① 作業台まわりで完結します
商品は作業台まで運ばれてきます。
倉庫内を歩き回る作業ではありません。

✅ ② はじめは簡単な工程から
ラベル貼りや数量の確認など、
覚えやすい工程からお任せします。

✅ ③ 相談できる距離で働けます
分からないことはその場で確認できる環境です。

＝＝＝＝＝＝＝＝＝＝＝＝＝＝＝
《✼向いている方✼》

✔ コツコツ続けるのが得意な方
✔ 手順どおりに進めるのが好きな方
✔ 細かい違いに気づける方

＝＝＝＝＝＝＝＝＝＝＝＝＝＝＝
《✼応募について✼》

✔ 経験・資格は必要ありません
✔ 給与・勤務時間・シフト・待遇の詳細は応募後にご案内します
✔ 気になる点だけのお問い合わせも歓迎します"
鶴舞,愛知県名古屋市中区千代田五丁目,手順はシンプル◎商品の検品とラベル貼り！,未経験スタート｜梱包・ラベル貼り｜鶴舞駅エリア,"✦・━━━━━━━━━━━━━━━・✦
＼愛知県名古屋市中区で募集中／
重いものを運ぶ作業はありません。
からだに負担の少ない検品・梱包◎
✦・━━━━━━━━━━━━━━━・✦

「人と話す仕事は少し苦手」
「自分のペースで進めたい」

接客も電話対応もありません。手元の作業に集中できます。

＝＝＝＝＝＝＝＝＝＝＝＝＝＝＝
【✧お仕事の内容✧】

■ 検品（品番・数量・状態の確認）

■ 梱包（緩衝材で包み、指定の箱へ）

■ ラベル貼り（伝票を決められた位置に）

■ 仕分け（届け先ごとに分けて所定の場所へ）

＝＝＝＝＝＝＝＝＝＝＝＝＝＝＝
【✨はじめての方へ✨】

✔ 未経験からはじめた方が多い工程です
✔ 作業の順番は決まっています
✔ 接客はありません
✔ 分からないときはすぐ聞けます

＝＝＝＝＝＝＝＝＝＝＝＝＝＝＝
【✧勤務地✧】

愛知県名古屋市中区千代田五丁目（鶴舞駅エリア）

給与・勤務時間・シフトなどの詳細は、
ご応募後にあらためてご案内します。
「話を聞いてみたい」だけのご応募も歓迎します。","《✼働き方のポイント✼》

✅ ① 作業台まわりで完結します
商品は作業台まで運ばれてきます。
倉庫内を歩き回る作業ではありません。

✅ ② はじめは簡単な工程から
ラベル貼りや数量の確認など、
覚えやすい工程からお任せします。

✅ ③ 相談できる距離で働けます
分からないことはその場で確認できる環境です。

＝＝＝＝＝＝＝＝＝＝＝＝＝＝＝
《✼向いている方✼》

✔ コツコツ続けるのが得意な方
✔ 手順どおりに進めるのが好きな方
✔ 細かい違いに気づける方

＝＝＝＝＝＝＝＝＝＝＝＝＝＝＝
《✼応募について✼》

✔ 経験・資格は必要ありません
✔ 給与・勤務時間・シフト・待遇の詳細は応募後にご案内します
✔ 気になる点だけのお問い合わせも歓迎します"
矢場町,愛知県名古屋市中区栄三丁目,重いものナシ◎商品の検品とラベル貼り☆,未経験OK｜検品・仕分けスタッフ｜矢場町駅エリア,"✦・━━━━━━━━━━━━━━━・✦
＼愛知県名古屋市中区で募集中／
届いた商品を確かめて、箱に詰める。
未経験からはじめる検品・梱包◎
✦・━━━━━━━━━━━━━━━・✦

「未経験だと迷惑をかけそう」
「すぐに戦力になれる自信がない」

最初は 1 つの工程から。慣れてきたら範囲を広げます。

＝＝＝＝＝＝＝＝＝＝＝＝＝＝＝
【✧お仕事の内容✧】

■ 検品（品番・数量・状態の確認）

■ 梱包（緩衝材で包み、指定の箱へ）

■ ラベル貼り（伝票を決められた位置に）

■ 仕分け（届け先ごとに分けて所定の場所へ）

＝＝＝＝＝＝＝＝＝＝＝＝＝＝＝
【✨はじめての方へ✨】

✔ 作業手順はマニュアルで決まっています
✔ 接客や電話対応はありません
✔ 覚える範囲は担当する工程だけです
✔ 分からないことはその場で確認できます

＝＝＝＝＝＝＝＝＝＝＝＝＝＝＝
【✧勤務地✧】

愛知県名古屋市中区栄三丁目（矢場町駅エリア）

給与・勤務時間・シフトなどの詳細は、
ご応募後にあらためてご案内します。
「話を聞いてみたい」だけのご応募も歓迎します。","《✼作業のすすめ方✼》

✅ ① 作業台まわりで完結します
商品は作業台まで運ばれてきます。
倉庫内を歩き回る作業ではありません。

✅ ② はじめは簡単な工程から
ラベル貼りや数量の確認など、
覚えやすい工程からお任せします。

✅ ③ 相談できる距離で働けます
分からないことはその場で確認できる環境です。

＝＝＝＝＝＝＝＝＝＝＝＝＝＝＝
《✼向いている方✼》

✔ コツコツ続けるのが得意な方
✔ 手順どおりに進めるのが好きな方
✔ 細かい違いに気づける方

＝＝＝＝＝＝＝＝＝＝＝＝＝＝＝
《✼応募について✼》

✔ 経験・資格は必要ありません
✔ 給与・勤務時間・シフト・待遇の詳細は応募後にご案内します
✔ 気になる点だけのお問い合わせも歓迎します"
久屋大通,愛知県名古屋市中区丸の内三丁目,コツコツ派歓迎◎商品の検品とラベル貼り♪,未経験歓迎｜検品・仕分けスタッフ｜久屋大通駅エリア,"✦・━━━━━━━━━━━━━━━・✦
＼愛知県名古屋市中区で募集中／
手順は決まっています。
倉庫内の検品・梱包スタッフ募集◎
✦・━━━━━━━━━━━━━━━・✦

「未経験だと迷惑をかけそう」
「すぐに戦力になれる自信がない」

最初は 1 つの工程から。慣れてきたら範囲を広げます。

＝＝＝＝＝＝＝＝＝＝＝＝＝＝＝
【✧お仕事の内容✧】

■ 検品
伝票やチェックリストと照らして、品番と数量を確認します。

■ 梱包
商品を緩衝材で包み、指定のサイズの箱に詰めます。

■ ラベル貼り
送り先の伝票やラベルを、決められた位置に貼ります。

■ 仕分け
届け先ごとに商品を分け、所定の場所に置きます。

＝＝＝＝＝＝＝＝＝＝＝＝＝＝＝
【✨はじめての方へ✨】

✔ 作業手順はマニュアルで決まっています
✔ 接客や電話対応はありません
✔ 覚える範囲は担当する工程だけです
✔ 分からないことはその場で確認できます

＝＝＝＝＝＝＝＝＝＝＝＝＝＝＝
【✧勤務地✧】

愛知県名古屋市中区丸の内三丁目（久屋大通駅エリア）

給与・勤務時間・シフトなどの詳細は、
ご応募後にあらためてご案内します。
「話を聞いてみたい」だけのご応募も歓迎します。","《✼このお仕事の特徴✼》

✅ ① 決まった手順の繰り返しです
同じ流れを繰り返すので、覚えてしまえば迷いません。

✅ ② 細かい違いに気づける方に向いています
傷・汚れ・数量の違いを見つけるのが役割です。

✅ ③ 担当を少しずつ広げられます
慣れてきたら別の工程もお願いすることがあります。

＝＝＝＝＝＝＝＝＝＝＝＝＝＝＝
《✼向いている方✼》

✔ コツコツ続けるのが得意な方
✔ 手順どおりに進めるのが好きな方
✔ 細かい違いに気づける方

＝＝＝＝＝＝＝＝＝＝＝＝＝＝＝
《✼応募について✼》

✔ 経験・資格は必要ありません
✔ 給与・勤務時間・シフト・待遇の詳細は応募後にご案内します
✔ 気になる点だけのお問い合わせも歓迎します"
高畑,愛知県名古屋市中川区高畑,駅チカ勤務◎商品の検品とラベル貼り◎,経験不問｜検品・仕分けスタッフ｜高畑駅エリア,"✦・━━━━━━━━━━━━━━━・✦
＼愛知県名古屋市中川区で募集中／
話すより手を動かしたい方へ。
もくもく進める検品・梱包◎
✦・━━━━━━━━━━━━━━━・✦

「未経験だと迷惑をかけそう」
「すぐに戦力になれる自信がない」

最初は 1 つの工程から。慣れてきたら範囲を広げます。

＝＝＝＝＝＝＝＝＝＝＝＝＝＝＝
【✧お仕事の内容✧】

■ 検品
伝票やチェックリストと照らして、品番と数量を確認します。

■ 梱包
商品を緩衝材で包み、指定のサイズの箱に詰めます。

■ ラベル貼り
送り先の伝票やラベルを、決められた位置に貼ります。

■ 仕分け
届け先ごとに商品を分け、所定の場所に置きます。

＝＝＝＝＝＝＝＝＝＝＝＝＝＝＝
【✨はじめての方へ✨】

✔ 作業手順はマニュアルで決まっています
✔ 接客や電話対応はありません
✔ 覚える範囲は担当する工程だけです
✔ 分からないことはその場で確認できます

＝＝＝＝＝＝＝＝＝＝＝＝＝＝＝
【✧勤務地✧】

愛知県名古屋市中川区高畑（高畑駅エリア）

給与・勤務時間・シフトなどの詳細は、
ご応募後にあらためてご案内します。
「話を聞いてみたい」だけのご応募も歓迎します。","《✼ここがはじめやすい✼》

✅ ① 決まった手順の繰り返しです
同じ流れを繰り返すので、覚えてしまえば迷いません。

✅ ② 細かい違いに気づける方に向いています
傷・汚れ・数量の違いを見つけるのが役割です。

✅ ③ 担当を少しずつ広げられます
慣れてきたら別の工程もお願いすることがあります。

＝＝＝＝＝＝＝＝＝＝＝＝＝＝＝
《✼向いている方✼》

✔ コツコツ続けるのが得意な方
✔ 手順どおりに進めるのが好きな方
✔ 細かい違いに気づける方

＝＝＝＝＝＝＝＝＝＝＝＝＝＝＝
《✼応募について✼》

✔ 経験・資格は必要ありません
✔ 給与・勤務時間・シフト・待遇の詳細は応募後にご案内します
✔ 気になる点だけのお問い合わせも歓迎します"
中村公園,愛知県名古屋市中村区中村町,はじめてOK◎商品の検品とラベル貼り！,はじめてOK｜検品・仕分けスタッフ｜中村公園駅エリア,"✦・━━━━━━━━━━━━━━━・✦
＼愛知県名古屋市中村区で募集中／
まずは1工程から。
検品・梱包スタッフ募集◎
✦・━━━━━━━━━━━━━━━・✦

「未経験だと迷惑をかけそう」
「すぐに戦力になれる自信がない」

最初は 1 つの工程から。慣れてきたら範囲を広げます。

＝＝＝＝＝＝＝＝＝＝＝＝＝＝＝
【✧お仕事の内容✧】

■ 商品を受け取る
作業台に運ばれてきた商品を受け取ります。

■ 状態を見る
傷・汚れ・数量の違いがないかを確認します。

■ 箱に詰める
緩衝材で包み、指定の箱に入れて封をします。

■ ラベルを貼る
伝票を所定の位置に貼って、次の工程へ回します。

＝＝＝＝＝＝＝＝＝＝＝＝＝＝＝
【✨はじめての方へ✨】

✔ 経験・資格は必要ありません
✔ 判断の基準はチェックリストにあります
✔ 扱うのは片手で持てるサイズが中心です
✔ 担当する工程から順に覚えられます

＝＝＝＝＝＝＝＝＝＝＝＝＝＝＝
【✧勤務地✧】

愛知県名古屋市中村区中村町（中村公園駅エリア）

給与・勤務時間・シフトなどの詳細は、
ご応募後にあらためてご案内します。
「話を聞いてみたい」だけのご応募も歓迎します。","《✼働き方のポイント✼》

✅ ① 決まった手順の繰り返しです
同じ流れを繰り返すので、覚えてしまえば迷いません。

✅ ② 細かい違いに気づける方に向いています
傷・汚れ・数量の違いを見つけるのが役割です。

✅ ③ 担当を少しずつ広げられます
慣れてきたら別の工程もお願いすることがあります。

＝＝＝＝＝＝＝＝＝＝＝＝＝＝＝
《✼向いている方✼》

✔ コツコツ続けるのが得意な方
✔ 手順どおりに進めるのが好きな方
✔ 細かい違いに気づける方

＝＝＝＝＝＝＝＝＝＝＝＝＝＝＝
《✼応募について✼》

✔ 経験・資格は必要ありません
✔ 給与・勤務時間・シフト・待遇の詳細は応募後にご案内します
✔ 気になる点だけのお問い合わせも歓迎します"
御器所,愛知県名古屋市昭和区御器所通,1工程から◎商品の検品とラベル貼り☆,未経験スタート｜検品・仕分けスタッフ｜御器所駅エリア,"✦・━━━━━━━━━━━━━━━・✦
＼愛知県名古屋市昭和区で募集中／
重いものを運ぶ作業はありません。
からだに負担の少ない検品・梱包◎
✦・━━━━━━━━━━━━━━━・✦

「未経験だと迷惑をかけそう」
「すぐに戦力になれる自信がない」

最初は 1 つの工程から。慣れてきたら範囲を広げます。

＝＝＝＝＝＝＝＝＝＝＝＝＝＝＝
【✧お仕事の内容✧】

■ 商品を受け取る
作業台に運ばれてきた商品を受け取ります。

■ 状態を見る
傷・汚れ・数量の違いがないかを確認します。

■ 箱に詰める
緩衝材で包み、指定の箱に入れて封をします。

■ ラベルを貼る
伝票を所定の位置に貼って、次の工程へ回します。

＝＝＝＝＝＝＝＝＝＝＝＝＝＝＝
【✨はじめての方へ✨】

✔ 経験・資格は必要ありません
✔ 判断の基準はチェックリストにあります
✔ 扱うのは片手で持てるサイズが中心です
✔ 担当する工程から順に覚えられます

＝＝＝＝＝＝＝＝＝＝＝＝＝＝＝
【✧勤務地✧】

愛知県名古屋市昭和区御器所通（御器所駅エリア）

給与・勤務時間・シフトなどの詳細は、
ご応募後にあらためてご案内します。
「話を聞いてみたい」だけのご応募も歓迎します。","《✼作業のすすめ方✼》

✅ ① 決まった手順の繰り返しです
同じ流れを繰り返すので、覚えてしまえば迷いません。

✅ ② 細かい違いに気づける方に向いています
傷・汚れ・数量の違いを見つけるのが役割です。

✅ ③ 担当を少しずつ広げられます
慣れてきたら別の工程もお願いすることがあります。

＝＝＝＝＝＝＝＝＝＝＝＝＝＝＝
《✼向いている方✼》

✔ コツコツ続けるのが得意な方
✔ 手順どおりに進めるのが好きな方
✔ 細かい違いに気づける方

＝＝＝＝＝＝＝＝＝＝＝＝＝＝＝
《✼応募について✼》

✔ 経験・資格は必要ありません
✔ 給与・勤務時間・シフト・待遇の詳細は応募後にご案内します
✔ 気になる点だけのお問い合わせも歓迎します"
池下,愛知県名古屋市千種区覚王山通,未経験OK◎箱詰め中心の梱包作業♪,未経験OK｜倉庫内の検品・梱包｜池下駅エリア,"✦・━━━━━━━━━━━━━━━・✦
＼愛知県名古屋市千種区で募集中／
届いた商品を確かめて、箱に詰める。
未経験からはじめる検品・梱包◎
✦・━━━━━━━━━━━━━━━・✦

「立ちっぱなしはきつい」
「腰を痛めたことがある」

重量物の持ち運びはありません。座り作業の工程もあります。

＝＝＝＝＝＝＝＝＝＝＝＝＝＝＝
【✧お仕事の内容✧】

■ チェックリストの確認
その日に確認する項目を最初に確かめます。

■ 検品
品番と数量がリストと合っているかを見ます。

■ 梱包・ラベル貼り
包んで箱詰めし、ラベルを貼ります。

■ 記録
確認した項目に印をつけて完了です。

＝＝＝＝＝＝＝＝＝＝＝＝＝＝＝
【✨はじめての方へ✨】

✔ 経験・資格は必要ありません
✔ 判断の基準はチェックリストにあります
✔ 扱うのは片手で持てるサイズが中心です
✔ 担当する工程から順に覚えられます

＝＝＝＝＝＝＝＝＝＝＝＝＝＝＝
【✧勤務地✧】

愛知県名古屋市千種区覚王山通（池下駅エリア）

給与・勤務時間・シフトなどの詳細は、
ご応募後にあらためてご案内します。
「話を聞いてみたい」だけのご応募も歓迎します。","《✼このお仕事の特徴✼》

✅ ① 手順が決まっています
何をどの順で確認するかはマニュアルとチェックリストにあります。
自分で判断しなければならない場面はほとんどありません。

✅ ② 接客・電話対応はありません
倉庫内での作業が中心です。
人と話すより手を動かしたい方に向いています。

✅ ③ 1 工程からはじめられます
最初から全工程を覚える必要はありません。
担当する工程から順に慣れていけます。

＝＝＝＝＝＝＝＝＝＝＝＝＝＝＝
《✼向いている方✼》

✔ もくもく作業したい方
✔ 接客のない仕事を探している方
✔ 一つのことに集中できる方

＝＝＝＝＝＝＝＝＝＝＝＝＝＝＝
《✼応募について✼》

✔ 経験・資格は必要ありません
✔ 給与・勤務時間・シフト・待遇の詳細は応募後にご案内します
✔ 気になる点だけのお問い合わせも歓迎します"
覚王山,愛知県名古屋市千種区末盛通,経験不問◎箱詰め中心の梱包作業◎,未経験歓迎｜倉庫内の検品・梱包｜覚王山駅エリア,"✦・━━━━━━━━━━━━━━━・✦
＼愛知県名古屋市千種区で募集中／
手順は決まっています。
倉庫内の検品・梱包スタッフ募集◎
✦・━━━━━━━━━━━━━━━・✦

「立ちっぱなしはきつい」
「腰を痛めたことがある」

重量物の持ち運びはありません。座り作業の工程もあります。

＝＝＝＝＝＝＝＝＝＝＝＝＝＝＝
【✧お仕事の内容✧】

■ チェックリストの確認
その日に確認する項目を最初に確かめます。

■ 検品
品番と数量がリストと合っているかを見ます。

■ 梱包・ラベル貼り
包んで箱詰めし、ラベルを貼ります。

■ 記録
確認した項目に印をつけて完了です。

＝＝＝＝＝＝＝＝＝＝＝＝＝＝＝
【✨はじめての方へ✨】

✔ はじめは 1 つの工程からお任せします
✔ 手順が決まっているので迷いません
✔ もくもく進めたい方に向いています
✔ 慣れてきたら担当を広げられます

＝＝＝＝＝＝＝＝＝＝＝＝＝＝＝
【✧勤務地✧】

愛知県名古屋市千種区末盛通（覚王山駅エリア）

給与・勤務時間・シフトなどの詳細は、
ご応募後にあらためてご案内します。
ご不明な点はご応募後にご説明します。","《✼ここがはじめやすい✼》

✅ ① 手順が決まっています
何をどの順で確認するかはマニュアルとチェックリストにあります。
自分で判断しなければならない場面はほとんどありません。

✅ ② 接客・電話対応はありません
倉庫内での作業が中心です。
人と話すより手を動かしたい方に向いています。

✅ ③ 1 工程からはじめられます
最初から全工程を覚える必要はありません。
担当する工程から順に慣れていけます。

＝＝＝＝＝＝＝＝＝＝＝＝＝＝＝
《✼向いている方✼》

✔ もくもく作業したい方
✔ 接客のない仕事を探している方
✔ 一つのことに集中できる方

＝＝＝＝＝＝＝＝＝＝＝＝＝＝＝
《✼応募について✼》

✔ 経験・資格は必要ありません
✔ 給与・勤務時間・シフト・待遇の詳細は応募後にご案内します
✔ 気になる点だけのお問い合わせも歓迎します"
一社,愛知県名古屋市名東区一社,もくもく作業◎箱詰め中心の梱包作業！,経験不問｜倉庫内の検品・梱包｜一社駅エリア,"✦・━━━━━━━━━━━━━━━・✦
＼愛知県名古屋市名東区で募集中／
話すより手を動かしたい方へ。
もくもく進める検品・梱包◎
✦・━━━━━━━━━━━━━━━・✦

「立ちっぱなしはきつい」
「腰を痛めたことがある」

重量物の持ち運びはありません。座り作業の工程もあります。

＝＝＝＝＝＝＝＝＝＝＝＝＝＝＝
【✧お仕事の内容✧】

■ 検品（品番・数量・状態の確認）

■ 梱包（緩衝材で包み、指定の箱へ）

■ ラベル貼り（伝票を決められた位置に）

■ 仕分け（届け先ごとに分けて所定の場所へ）

＝＝＝＝＝＝＝＝＝＝＝＝＝＝＝
【✨はじめての方へ✨】

✔ はじめは 1 つの工程からお任せします
✔ 手順が決まっているので迷いません
✔ もくもく進めたい方に向いています
✔ 慣れてきたら担当を広げられます

＝＝＝＝＝＝＝＝＝＝＝＝＝＝＝
【✧勤務地✧】

愛知県名古屋市名東区一社（一社駅エリア）

給与・勤務時間・シフトなどの詳細は、
ご応募後にあらためてご案内します。
ご不明な点はご応募後にご説明します。","《✼働き方のポイント✼》

✅ ① 手順が決まっています
何をどの順で確認するかはマニュアルとチェックリストにあります。
自分で判断しなければならない場面はほとんどありません。

✅ ② 接客・電話対応はありません
倉庫内での作業が中心です。
人と話すより手を動かしたい方に向いています。

✅ ③ 1 工程からはじめられます
最初から全工程を覚える必要はありません。
担当する工程から順に慣れていけます。

＝＝＝＝＝＝＝＝＝＝＝＝＝＝＝
《✼向いている方✼》

✔ もくもく作業したい方
✔ 接客のない仕事を探している方
✔ 一つのことに集中できる方

＝＝＝＝＝＝＝＝＝＝＝＝＝＝＝
《✼応募について✼》

✔ 経験・資格は必要ありません
✔ 給与・勤務時間・シフト・待遇の詳細は応募後にご案内します
✔ 気になる点だけのお問い合わせも歓迎します"
上社,愛知県名古屋市名東区上社,接客なし◎箱詰め中心の梱包作業☆,はじめてOK｜倉庫内の検品・梱包｜上社駅エリア,"✦・━━━━━━━━━━━━━━━・✦
＼愛知県名古屋市名東区で募集中／
まずは1工程から。
検品・梱包スタッフ募集◎
✦・━━━━━━━━━━━━━━━・✦

「立ちっぱなしはきつい」
「腰を痛めたことがある」

重量物の持ち運びはありません。座り作業の工程もあります。

＝＝＝＝＝＝＝＝＝＝＝＝＝＝＝
【✧お仕事の内容✧】

■ 検品（品番・数量・状態の確認）

■ 梱包（緩衝材で包み、指定の箱へ）

■ ラベル貼り（伝票を決められた位置に）

■ 仕分け（届け先ごとに分けて所定の場所へ）

＝＝＝＝＝＝＝＝＝＝＝＝＝＝＝
【✨はじめての方へ✨】

✔ はじめは 1 つの工程からお任せします
✔ 手順が決まっているので迷いません
✔ もくもく進めたい方に向いています
✔ 慣れてきたら担当を広げられます

＝＝＝＝＝＝＝＝＝＝＝＝＝＝＝
【✧勤務地✧】

愛知県名古屋市名東区上社（上社駅エリア）

給与・勤務時間・シフトなどの詳細は、
ご応募後にあらためてご案内します。
ご不明な点はご応募後にご説明します。","《✼作業のすすめ方✼》

✅ ① 手順が決まっています
何をどの順で確認するかはマニュアルとチェックリストにあります。
自分で判断しなければならない場面はほとんどありません。

✅ ② 接客・電話対応はありません
倉庫内での作業が中心です。
人と話すより手を動かしたい方に向いています。

✅ ③ 1 工程からはじめられます
最初から全工程を覚える必要はありません。
担当する工程から順に慣れていけます。

＝＝＝＝＝＝＝＝＝＝＝＝＝＝＝
《✼向いている方✼》

✔ もくもく作業したい方
✔ 接客のない仕事を探している方
✔ 一つのことに集中できる方

＝＝＝＝＝＝＝＝＝＝＝＝＝＝＝
《✼応募について✼》

✔ 経験・資格は必要ありません
✔ 給与・勤務時間・シフト・待遇の詳細は応募後にご案内します
✔ 気になる点だけのお問い合わせも歓迎します"
黒川,愛知県名古屋市北区柳原,手順はシンプル◎箱詰め中心の梱包作業♪,未経験スタート｜倉庫内の検品・梱包｜黒川駅エリア,"✦・━━━━━━━━━━━━━━━・✦
＼愛知県名古屋市北区で募集中／
重いものを運ぶ作業はありません。
からだに負担の少ない検品・梱包◎
✦・━━━━━━━━━━━━━━━・✦

「立ちっぱなしはきつい」
「腰を痛めたことがある」

重量物の持ち運びはありません。座り作業の工程もあります。

＝＝＝＝＝＝＝＝＝＝＝＝＝＝＝
【✧お仕事の内容✧】

■ 検品
伝票やチェックリストと照らして、品番と数量を確認します。

■ 梱包
商品を緩衝材で包み、指定のサイズの箱に詰めます。

■ ラベル貼り
送り先の伝票やラベルを、決められた位置に貼ります。

■ 仕分け
届け先ごとに商品を分け、所定の場所に置きます。

＝＝＝＝＝＝＝＝＝＝＝＝＝＝＝
【✨はじめての方へ✨】

✔ 特別な資格は要りません
✔ 確認する項目は紙とリストで示されます
✔ 重量物の持ち運びはありません
✔ 工程は日によって変わることがあります

＝＝＝＝＝＝＝＝＝＝＝＝＝＝＝
【✧勤務地✧】

愛知県名古屋市北区柳原（黒川駅エリア）

給与・勤務時間・シフトなどの詳細は、
ご応募後にあらためてご案内します。
ご不明な点はご応募後にご説明します。","《✼このお仕事の特徴✼》

✅ ① 経験も資格も要りません
検品・梱包のどちらも、決まった手順に沿って進めます。
はじめての方でも取りかかれます。

✅ ② 重いものを運ぶ作業はありません
扱うのは片手で持てるサイズの商品が中心です。

✅ ③ 覚える範囲がはっきりしています
担当する工程が決まっているので、
何を覚えればよいかが最初から分かります。

＝＝＝＝＝＝＝＝＝＝＝＝＝＝＝
《✼向いている方✼》

✔ もくもく作業したい方
✔ 接客のない仕事を探している方
✔ 一つのことに集中できる方

＝＝＝＝＝＝＝＝＝＝＝＝＝＝＝
《✼応募について✼》

✔ 経験・資格は必要ありません
✔ 給与・勤務時間・シフト・待遇の詳細は応募後にご案内します
✔ 気になる点だけのお問い合わせも歓迎します"
丸の内,愛知県名古屋市中区丸の内,重いものナシ◎箱詰め中心の梱包作業◎,未経験OK｜検品・梱包スタッフ｜丸の内駅エリア,"✦・━━━━━━━━━━━━━━━・✦
＼愛知県名古屋市中区で募集中／
届いた商品を確かめて、箱に詰める。
未経験からはじめる検品・梱包◎
✦・━━━━━━━━━━━━━━━・✦

「倉庫の仕事は力がいるのでは？」
「経験がないと難しそう…」

扱うのは片手で持てるサイズの商品が中心です。

＝＝＝＝＝＝＝＝＝＝＝＝＝＝＝
【✧お仕事の内容✧】

■ 検品
伝票やチェックリストと照らして、品番と数量を確認します。

■ 梱包
商品を緩衝材で包み、指定のサイズの箱に詰めます。

■ ラベル貼り
送り先の伝票やラベルを、決められた位置に貼ります。

■ 仕分け
届け先ごとに商品を分け、所定の場所に置きます。

＝＝＝＝＝＝＝＝＝＝＝＝＝＝＝
【✨はじめての方へ✨】

✔ 特別な資格は要りません
✔ 確認する項目は紙とリストで示されます
✔ 重量物の持ち運びはありません
✔ 工程は日によって変わることがあります

＝＝＝＝＝＝＝＝＝＝＝＝＝＝＝
【✧勤務地✧】

愛知県名古屋市中区丸の内（丸の内駅エリア）

給与・勤務時間・シフトなどの詳細は、
ご応募後にあらためてご案内します。
ご不明な点はご応募後にご説明します。","《✼ここがはじめやすい✼》

✅ ① 経験も資格も要りません
検品・梱包のどちらも、決まった手順に沿って進めます。
はじめての方でも取りかかれます。

✅ ② 重いものを運ぶ作業はありません
扱うのは片手で持てるサイズの商品が中心です。

✅ ③ 覚える範囲がはっきりしています
担当する工程が決まっているので、
何を覚えればよいかが最初から分かります。

＝＝＝＝＝＝＝＝＝＝＝＝＝＝＝
《✼向いている方✼》

✔ もくもく作業したい方
✔ 接客のない仕事を探している方
✔ 一つのことに集中できる方

＝＝＝＝＝＝＝＝＝＝＝＝＝＝＝
《✼応募について✼》

✔ 経験・資格は必要ありません
✔ 給与・勤務時間・シフト・待遇の詳細は応募後にご案内します
✔ 気になる点だけのお問い合わせも歓迎します"
国際センター,愛知県名古屋市中村区名駅,コツコツ派歓迎◎箱詰め中心の梱包作業！,未経験歓迎｜検品・梱包スタッフ｜国際センター駅エリア,"✦・━━━━━━━━━━━━━━━・✦
＼愛知県名古屋市中村区で募集中／
手順は決まっています。
倉庫内の検品・梱包スタッフ募集◎
✦・━━━━━━━━━━━━━━━・✦

「倉庫の仕事は力がいるのでは？」
「経験がないと難しそう…」

扱うのは片手で持てるサイズの商品が中心です。

＝＝＝＝＝＝＝＝＝＝＝＝＝＝＝
【✧お仕事の内容✧】

■ 商品を受け取る
作業台に運ばれてきた商品を受け取ります。

■ 状態を見る
傷・汚れ・数量の違いがないかを確認します。

■ 箱に詰める
緩衝材で包み、指定の箱に入れて封をします。

■ ラベルを貼る
伝票を所定の位置に貼って、次の工程へ回します。

＝＝＝＝＝＝＝＝＝＝＝＝＝＝＝
【✨はじめての方へ✨】

✔ 特別な資格は要りません
✔ 確認する項目は紙とリストで示されます
✔ 重量物の持ち運びはありません
✔ 工程は日によって変わることがあります

＝＝＝＝＝＝＝＝＝＝＝＝＝＝＝
【✧勤務地✧】

愛知県名古屋市中村区名駅（国際センター駅エリア）

給与・勤務時間・シフトなどの詳細は、
ご応募後にあらためてご案内します。
ご不明な点はご応募後にご説明します。","《✼働き方のポイント✼》

✅ ① 経験も資格も要りません
検品・梱包のどちらも、決まった手順に沿って進めます。
はじめての方でも取りかかれます。

✅ ② 重いものを運ぶ作業はありません
扱うのは片手で持てるサイズの商品が中心です。

✅ ③ 覚える範囲がはっきりしています
担当する工程が決まっているので、
何を覚えればよいかが最初から分かります。

＝＝＝＝＝＝＝＝＝＝＝＝＝＝＝
《✼向いている方✼》

✔ もくもく作業したい方
✔ 接客のない仕事を探している方
✔ 一つのことに集中できる方

＝＝＝＝＝＝＝＝＝＝＝＝＝＝＝
《✼応募について✼》

✔ 経験・資格は必要ありません
✔ 給与・勤務時間・シフト・待遇の詳細は応募後にご案内します
✔ 気になる点だけのお問い合わせも歓迎します"
浄心,愛知県名古屋市西区城西,駅チカ勤務◎箱詰め中心の梱包作業☆,経験不問｜検品・梱包スタッフ｜浄心駅エリア,"✦・━━━━━━━━━━━━━━━・✦
＼愛知県名古屋市西区で募集中／
話すより手を動かしたい方へ。
もくもく進める検品・梱包◎
✦・━━━━━━━━━━━━━━━・✦

「倉庫の仕事は力がいるのでは？」
「経験がないと難しそう…」

扱うのは片手で持てるサイズの商品が中心です。

＝＝＝＝＝＝＝＝＝＝＝＝＝＝＝
【✧お仕事の内容✧】

■ 商品を受け取る
作業台に運ばれてきた商品を受け取ります。

■ 状態を見る
傷・汚れ・数量の違いがないかを確認します。

■ 箱に詰める
緩衝材で包み、指定の箱に入れて封をします。

■ ラベルを貼る
伝票を所定の位置に貼って、次の工程へ回します。

＝＝＝＝＝＝＝＝＝＝＝＝＝＝＝
【✨はじめての方へ✨】

✔ 未経験からはじめた方が多い工程です
✔ 作業の順番は決まっています
✔ 接客はありません
✔ 分からないときはすぐ聞けます

＝＝＝＝＝＝＝＝＝＝＝＝＝＝＝
【✧勤務地✧】

愛知県名古屋市西区城西（浄心駅エリア）

給与・勤務時間・シフトなどの詳細は、
ご応募後にあらためてご案内します。
ご不明な点はご応募後にご説明します。","《✼作業のすすめ方✼》

✅ ① 経験も資格も要りません
検品・梱包のどちらも、決まった手順に沿って進めます。
はじめての方でも取りかかれます。

✅ ② 重いものを運ぶ作業はありません
扱うのは片手で持てるサイズの商品が中心です。

✅ ③ 覚える範囲がはっきりしています
担当する工程が決まっているので、
何を覚えればよいかが最初から分かります。

＝＝＝＝＝＝＝＝＝＝＝＝＝＝＝
《✼向いている方✼》

✔ もくもく作業したい方
✔ 接客のない仕事を探している方
✔ 一つのことに集中できる方

＝＝＝＝＝＝＝＝＝＝＝＝＝＝＝
《✼応募について✼》

✔ 経験・資格は必要ありません
✔ 給与・勤務時間・シフト・待遇の詳細は応募後にご案内します
✔ 気になる点だけのお問い合わせも歓迎します"
庄内通,愛知県名古屋市西区,はじめてOK◎箱詰め中心の梱包作業♪,はじめてOK｜検品・梱包スタッフ｜庄内通駅エリア,"✦・━━━━━━━━━━━━━━━・✦
＼愛知県名古屋市西区で募集中／
まずは1工程から。
検品・梱包スタッフ募集◎
✦・━━━━━━━━━━━━━━━・✦

「倉庫の仕事は力がいるのでは？」
「経験がないと難しそう…」

扱うのは片手で持てるサイズの商品が中心です。

＝＝＝＝＝＝＝＝＝＝＝＝＝＝＝
【✧お仕事の内容✧】

■ チェックリストの確認
その日に確認する項目を最初に確かめます。

■ 検品
品番と数量がリストと合っているかを見ます。

■ 梱包・ラベル貼り
包んで箱詰めし、ラベルを貼ります。

■ 記録
確認した項目に印をつけて完了です。

＝＝＝＝＝＝＝＝＝＝＝＝＝＝＝
【✨はじめての方へ✨】

✔ 未経験からはじめた方が多い工程です
✔ 作業の順番は決まっています
✔ 接客はありません
✔ 分からないときはすぐ聞けます

＝＝＝＝＝＝＝＝＝＝＝＝＝＝＝
【✧勤務地✧】

愛知県名古屋市西区（庄内通駅エリア）

給与・勤務時間・シフトなどの詳細は、
ご応募後にあらためてご案内します。
まずは仕事内容を知るところからで大丈夫です。","《✼このお仕事の特徴✼》

✅ ① 判断の基準は紙にあります
品番と数量はチェックリストと照らして確認します。
記憶に頼る場面はありません。

✅ ② もくもく進められます
接客も電話対応もありません。
自分のペースで手を動かせます。

✅ ③ 工程は日によって変わることがあります
検品・梱包・ラベル貼り・仕分けのいずれかを担当します。

＝＝＝＝＝＝＝＝＝＝＝＝＝＝＝
《✼向いている方✼》

✔ もくもく作業したい方
✔ 接客のない仕事を探している方
✔ 一つのことに集中できる方

＝＝＝＝＝＝＝＝＝＝＝＝＝＝＝
《✼応募について✼》

✔ 経験・資格は必要ありません
✔ 給与・勤務時間・シフト・待遇の詳細は応募後にご案内します
✔ 気になる点だけのお問い合わせも歓迎します"
鳴海,愛知県名古屋市緑区鳴海町,1工程から◎箱詰め中心の梱包作業◎,未経験スタート｜検品・梱包スタッフ｜鳴海駅エリア,"✦・━━━━━━━━━━━━━━━・✦
＼愛知県名古屋市緑区で募集中／
重いものを運ぶ作業はありません。
からだに負担の少ない検品・梱包◎
✦・━━━━━━━━━━━━━━━・✦

「倉庫の仕事は力がいるのでは？」
「経験がないと難しそう…」

扱うのは片手で持てるサイズの商品が中心です。

＝＝＝＝＝＝＝＝＝＝＝＝＝＝＝
【✧お仕事の内容✧】

■ チェックリストの確認
その日に確認する項目を最初に確かめます。

■ 検品
品番と数量がリストと合っているかを見ます。

■ 梱包・ラベル貼り
包んで箱詰めし、ラベルを貼ります。

■ 記録
確認した項目に印をつけて完了です。

＝＝＝＝＝＝＝＝＝＝＝＝＝＝＝
【✨はじめての方へ✨】

✔ 未経験からはじめた方が多い工程です
✔ 作業の順番は決まっています
✔ 接客はありません
✔ 分からないときはすぐ聞けます

＝＝＝＝＝＝＝＝＝＝＝＝＝＝＝
【✧勤務地✧】

愛知県名古屋市緑区鳴海町（鳴海駅エリア）

給与・勤務時間・シフトなどの詳細は、
ご応募後にあらためてご案内します。
まずは仕事内容を知るところからで大丈夫です。","《✼ここがはじめやすい✼》

✅ ① 判断の基準は紙にあります
品番と数量はチェックリストと照らして確認します。
記憶に頼る場面はありません。

✅ ② もくもく進められます
接客も電話対応もありません。
自分のペースで手を動かせます。

✅ ③ 工程は日によって変わることがあります
検品・梱包・ラベル貼り・仕分けのいずれかを担当します。

＝＝＝＝＝＝＝＝＝＝＝＝＝＝＝
《✼向いている方✼》

✔ もくもく作業したい方
✔ 接客のない仕事を探している方
✔ 一つのことに集中できる方

＝＝＝＝＝＝＝＝＝＝＝＝＝＝＝
《✼応募について✼》

✔ 経験・資格は必要ありません
✔ 給与・勤務時間・シフト・待遇の詳細は応募後にご案内します
✔ 気になる点だけのお問い合わせも歓迎します"
有松,愛知県名古屋市緑区有松,未経験OK◎検品・梱包・仕分けのお仕事！,未経験OK｜梱包・ラベル貼り｜有松駅エリア,"✦・━━━━━━━━━━━━━━━・✦
＼愛知県名古屋市緑区で募集中／
届いた商品を確かめて、箱に詰める。
未経験からはじめる検品・梱包◎
✦・━━━━━━━━━━━━━━━・✦

「細かい作業は苦手かも」
「覚えることが多そう」

確認する項目はチェックリストに書かれています。

＝＝＝＝＝＝＝＝＝＝＝＝＝＝＝
【✧お仕事の内容✧】

■ 検品（品番・数量・状態の確認）

■ 梱包（緩衝材で包み、指定の箱へ）

■ ラベル貼り（伝票を決められた位置に）

■ 仕分け（届け先ごとに分けて所定の場所へ）

＝＝＝＝＝＝＝＝＝＝＝＝＝＝＝
【✨はじめての方へ✨】

✔ 作業手順はマニュアルで決まっています
✔ 接客や電話対応はありません
✔ 覚える範囲は担当する工程だけです
✔ 分からないことはその場で確認できます

＝＝＝＝＝＝＝＝＝＝＝＝＝＝＝
【✧勤務地✧】

愛知県名古屋市緑区有松（有松駅エリア）

給与・勤務時間・シフトなどの詳細は、
ご応募後にあらためてご案内します。
まずは仕事内容を知るところからで大丈夫です。","《✼働き方のポイント✼》

✅ ① 判断の基準は紙にあります
品番と数量はチェックリストと照らして確認します。
記憶に頼る場面はありません。

✅ ② もくもく進められます
接客も電話対応もありません。
自分のペースで手を動かせます。

✅ ③ 工程は日によって変わることがあります
検品・梱包・ラベル貼り・仕分けのいずれかを担当します。

＝＝＝＝＝＝＝＝＝＝＝＝＝＝＝
《✼向いている方✼》

✔ もくもく作業したい方
✔ 接客のない仕事を探している方
✔ 一つのことに集中できる方

＝＝＝＝＝＝＝＝＝＝＝＝＝＝＝
《✼応募について✼》

✔ 経験・資格は必要ありません
✔ 給与・勤務時間・シフト・待遇の詳細は応募後にご案内します
✔ 気になる点だけのお問い合わせも歓迎します"
平安通,愛知県名古屋市北区平安通,経験不問◎検品・梱包・仕分けのお仕事☆,未経験歓迎｜梱包・ラベル貼り｜平安通駅エリア,"✦・━━━━━━━━━━━━━━━・✦
＼愛知県名古屋市北区で募集中／
手順は決まっています。
倉庫内の検品・梱包スタッフ募集◎
✦・━━━━━━━━━━━━━━━・✦

「細かい作業は苦手かも」
「覚えることが多そう」

確認する項目はチェックリストに書かれています。

＝＝＝＝＝＝＝＝＝＝＝＝＝＝＝
【✧お仕事の内容✧】

■ 検品（品番・数量・状態の確認）

■ 梱包（緩衝材で包み、指定の箱へ）

■ ラベル貼り（伝票を決められた位置に）

■ 仕分け（届け先ごとに分けて所定の場所へ）

＝＝＝＝＝＝＝＝＝＝＝＝＝＝＝
【✨はじめての方へ✨】

✔ 作業手順はマニュアルで決まっています
✔ 接客や電話対応はありません
✔ 覚える範囲は担当する工程だけです
✔ 分からないことはその場で確認できます

＝＝＝＝＝＝＝＝＝＝＝＝＝＝＝
【✧勤務地✧】

愛知県名古屋市北区平安通（平安通駅エリア）

給与・勤務時間・シフトなどの詳細は、
ご応募後にあらためてご案内します。
まずは仕事内容を知るところからで大丈夫です。","《✼作業のすすめ方✼》

✅ ① 判断の基準は紙にあります
品番と数量はチェックリストと照らして確認します。
記憶に頼る場面はありません。

✅ ② もくもく進められます
接客も電話対応もありません。
自分のペースで手を動かせます。

✅ ③ 工程は日によって変わることがあります
検品・梱包・ラベル貼り・仕分けのいずれかを担当します。

＝＝＝＝＝＝＝＝＝＝＝＝＝＝＝
《✼向いている方✼》

✔ もくもく作業したい方
✔ 接客のない仕事を探している方
✔ 一つのことに集中できる方

＝＝＝＝＝＝＝＝＝＝＝＝＝＝＝
《✼応募について✼》

✔ 経験・資格は必要ありません
✔ 給与・勤務時間・シフト・待遇の詳細は応募後にご案内します
✔ 気になる点だけのお問い合わせも歓迎します"
東別院,愛知県名古屋市中区伊勢山,もくもく作業◎検品・梱包・仕分けのお仕事♪,経験不問｜梱包・ラベル貼り｜東別院駅エリア,"✦・━━━━━━━━━━━━━━━・✦
＼愛知県名古屋市中区で募集中／
話すより手を動かしたい方へ。
もくもく進める検品・梱包◎
✦・━━━━━━━━━━━━━━━・✦

「細かい作業は苦手かも」
「覚えることが多そう」

確認する項目はチェックリストに書かれています。

＝＝＝＝＝＝＝＝＝＝＝＝＝＝＝
【✧お仕事の内容✧】

■ 検品
伝票やチェックリストと照らして、品番と数量を確認します。

■ 梱包
商品を緩衝材で包み、指定のサイズの箱に詰めます。

■ ラベル貼り
送り先の伝票やラベルを、決められた位置に貼ります。

■ 仕分け
届け先ごとに商品を分け、所定の場所に置きます。

＝＝＝＝＝＝＝＝＝＝＝＝＝＝＝
【✨はじめての方へ✨】

✔ 作業手順はマニュアルで決まっています
✔ 接客や電話対応はありません
✔ 覚える範囲は担当する工程だけです
✔ 分からないことはその場で確認できます

＝＝＝＝＝＝＝＝＝＝＝＝＝＝＝
【✧勤務地✧】

愛知県名古屋市中区伊勢山（東別院駅エリア）

給与・勤務時間・シフトなどの詳細は、
ご応募後にあらためてご案内します。
まずは仕事内容を知るところからで大丈夫です。","《✼このお仕事の特徴✼》

✅ ① 作業台まわりで完結します
商品は作業台まで運ばれてきます。
倉庫内を歩き回る作業ではありません。

✅ ② はじめは簡単な工程から
ラベル貼りや数量の確認など、
覚えやすい工程からお任せします。

✅ ③ 相談できる距離で働けます
分からないことはその場で確認できる環境です。

＝＝＝＝＝＝＝＝＝＝＝＝＝＝＝
《✼向いている方✼》

✔ もくもく作業したい方
✔ 接客のない仕事を探している方
✔ 一つのことに集中できる方

＝＝＝＝＝＝＝＝＝＝＝＝＝＝＝
《✼応募について✼》

✔ 経験・資格は必要ありません
✔ 給与・勤務時間・シフト・待遇の詳細は応募後にご案内します
✔ 気になる点だけのお問い合わせも歓迎します"
新栄町,愛知県名古屋市東区東桜,接客なし◎検品・梱包・仕分けのお仕事◎,はじめてOK｜梱包・ラベル貼り｜新栄町駅エリア,"✦・━━━━━━━━━━━━━━━・✦
＼愛知県名古屋市東区で募集中／
まずは1工程から。
検品・梱包スタッフ募集◎
✦・━━━━━━━━━━━━━━━・✦

「細かい作業は苦手かも」
「覚えることが多そう」

確認する項目はチェックリストに書かれています。

＝＝＝＝＝＝＝＝＝＝＝＝＝＝＝
【✧お仕事の内容✧】

■ 検品
伝票やチェックリストと照らして、品番と数量を確認します。

■ 梱包
商品を緩衝材で包み、指定のサイズの箱に詰めます。

■ ラベル貼り
送り先の伝票やラベルを、決められた位置に貼ります。

■ 仕分け
届け先ごとに商品を分け、所定の場所に置きます。

＝＝＝＝＝＝＝＝＝＝＝＝＝＝＝
【✨はじめての方へ✨】

✔ 経験・資格は必要ありません
✔ 判断の基準はチェックリストにあります
✔ 扱うのは片手で持てるサイズが中心です
✔ 担当する工程から順に覚えられます

＝＝＝＝＝＝＝＝＝＝＝＝＝＝＝
【✧勤務地✧】

愛知県名古屋市東区東桜（新栄町駅エリア）

給与・勤務時間・シフトなどの詳細は、
ご応募後にあらためてご案内します。
まずは仕事内容を知るところからで大丈夫です。","《✼ここがはじめやすい✼》

✅ ① 作業台まわりで完結します
商品は作業台まで運ばれてきます。
倉庫内を歩き回る作業ではありません。

✅ ② はじめは簡単な工程から
ラベル貼りや数量の確認など、
覚えやすい工程からお任せします。

✅ ③ 相談できる距離で働けます
分からないことはその場で確認できる環境です。

＝＝＝＝＝＝＝＝＝＝＝＝＝＝＝
《✼向いている方✼》

✔ もくもく作業したい方
✔ 接客のない仕事を探している方
✔ 一つのことに集中できる方

＝＝＝＝＝＝＝＝＝＝＝＝＝＝＝
《✼応募について✼》

✔ 経験・資格は必要ありません
✔ 給与・勤務時間・シフト・待遇の詳細は応募後にご案内します
✔ 気になる点だけのお問い合わせも歓迎します"
高岳,愛知県名古屋市東区泉,手順はシンプル◎検品・梱包・仕分けのお仕事！,未経験スタート｜梱包・ラベル貼り｜高岳駅エリア,"✦・━━━━━━━━━━━━━━━・✦
＼愛知県名古屋市東区で募集中／
重いものを運ぶ作業はありません。
からだに負担の少ない検品・梱包◎
✦・━━━━━━━━━━━━━━━・✦

「細かい作業は苦手かも」
「覚えることが多そう」

確認する項目はチェックリストに書かれています。

＝＝＝＝＝＝＝＝＝＝＝＝＝＝＝
【✧お仕事の内容✧】

■ 商品を受け取る
作業台に運ばれてきた商品を受け取ります。

■ 状態を見る
傷・汚れ・数量の違いがないかを確認します。

■ 箱に詰める
緩衝材で包み、指定の箱に入れて封をします。

■ ラベルを貼る
伝票を所定の位置に貼って、次の工程へ回します。

＝＝＝＝＝＝＝＝＝＝＝＝＝＝＝
【✨はじめての方へ✨】

✔ 経験・資格は必要ありません
✔ 判断の基準はチェックリストにあります
✔ 扱うのは片手で持てるサイズが中心です
✔ 担当する工程から順に覚えられます

＝＝＝＝＝＝＝＝＝＝＝＝＝＝＝
【✧勤務地✧】

愛知県名古屋市東区泉（高岳駅エリア）

給与・勤務時間・シフトなどの詳細は、
ご応募後にあらためてご案内します。
まずは仕事内容を知るところからで大丈夫です。","《✼働き方のポイント✼》

✅ ① 作業台まわりで完結します
商品は作業台まで運ばれてきます。
倉庫内を歩き回る作業ではありません。

✅ ② はじめは簡単な工程から
ラベル貼りや数量の確認など、
覚えやすい工程からお任せします。

✅ ③ 相談できる距離で働けます
分からないことはその場で確認できる環境です。

＝＝＝＝＝＝＝＝＝＝＝＝＝＝＝
《✼向いている方✼》

✔ もくもく作業したい方
✔ 接客のない仕事を探している方
✔ 一つのことに集中できる方

＝＝＝＝＝＝＝＝＝＝＝＝＝＝＝
《✼応募について✼》

✔ 経験・資格は必要ありません
✔ 給与・勤務時間・シフト・待遇の詳細は応募後にご案内します
✔ 気になる点だけのお問い合わせも歓迎します"
車道,愛知県名古屋市東区筒井,重いものナシ◎検品・梱包・仕分けのお仕事☆,未経験OK｜検品・仕分けスタッフ｜車道駅エリア,"✦・━━━━━━━━━━━━━━━・✦
＼愛知県名古屋市東区で募集中／
届いた商品を確かめて、箱に詰める。
未経験からはじめる検品・梱包◎
✦・━━━━━━━━━━━━━━━・✦

「人と話す仕事は少し苦手」
「自分のペースで進めたい」

接客も電話対応もありません。手元の作業に集中できます。

＝＝＝＝＝＝＝＝＝＝＝＝＝＝＝
【✧お仕事の内容✧】

■ 商品を受け取る
作業台に運ばれてきた商品を受け取ります。

■ 状態を見る
傷・汚れ・数量の違いがないかを確認します。

■ 箱に詰める
緩衝材で包み、指定の箱に入れて封をします。

■ ラベルを貼る
伝票を所定の位置に貼って、次の工程へ回します。

＝＝＝＝＝＝＝＝＝＝＝＝＝＝＝
【✨はじめての方へ✨】

✔ 経験・資格は必要ありません
✔ 判断の基準はチェックリストにあります
✔ 扱うのは片手で持てるサイズが中心です
✔ 担当する工程から順に覚えられます

＝＝＝＝＝＝＝＝＝＝＝＝＝＝＝
【✧勤務地✧】

愛知県名古屋市東区筒井（車道駅エリア）

給与・勤務時間・シフトなどの詳細は、
ご応募後にあらためてご案内します。
まずはお気軽にご応募ください。","《✼作業のすすめ方✼》

✅ ① 作業台まわりで完結します
商品は作業台まで運ばれてきます。
倉庫内を歩き回る作業ではありません。

✅ ② はじめは簡単な工程から
ラベル貼りや数量の確認など、
覚えやすい工程からお任せします。

✅ ③ 相談できる距離で働けます
分からないことはその場で確認できる環境です。

＝＝＝＝＝＝＝＝＝＝＝＝＝＝＝
《✼向いている方✼》

✔ もくもく作業したい方
✔ 接客のない仕事を探している方
✔ 一つのことに集中できる方

＝＝＝＝＝＝＝＝＝＝＝＝＝＝＝
《✼応募について✼》

✔ 経験・資格は必要ありません
✔ 給与・勤務時間・シフト・待遇の詳細は応募後にご案内します
✔ 気になる点だけのお問い合わせも歓迎します"
吹上,愛知県名古屋市千種区千種,コツコツ派歓迎◎検品・梱包・仕分けのお仕事♪,未経験歓迎｜検品・仕分けスタッフ｜吹上駅エリア,"✦・━━━━━━━━━━━━━━━・✦
＼愛知県名古屋市千種区で募集中／
手順は決まっています。
倉庫内の検品・梱包スタッフ募集◎
✦・━━━━━━━━━━━━━━━・✦

「人と話す仕事は少し苦手」
「自分のペースで進めたい」

接客も電話対応もありません。手元の作業に集中できます。

＝＝＝＝＝＝＝＝＝＝＝＝＝＝＝
【✧お仕事の内容✧】

■ チェックリストの確認
その日に確認する項目を最初に確かめます。

■ 検品
品番と数量がリストと合っているかを見ます。

■ 梱包・ラベル貼り
包んで箱詰めし、ラベルを貼ります。

■ 記録
確認した項目に印をつけて完了です。

＝＝＝＝＝＝＝＝＝＝＝＝＝＝＝
【✨はじめての方へ✨】

✔ はじめは 1 つの工程からお任せします
✔ 手順が決まっているので迷いません
✔ もくもく進めたい方に向いています
✔ 慣れてきたら担当を広げられます

＝＝＝＝＝＝＝＝＝＝＝＝＝＝＝
【✧勤務地✧】

愛知県名古屋市千種区千種（吹上駅エリア）

給与・勤務時間・シフトなどの詳細は、
ご応募後にあらためてご案内します。
まずはお気軽にご応募ください。","《✼このお仕事の特徴✼》

✅ ① 決まった手順の繰り返しです
同じ流れを繰り返すので、覚えてしまえば迷いません。

✅ ② 細かい違いに気づける方に向いています
傷・汚れ・数量の違いを見つけるのが役割です。

✅ ③ 担当を少しずつ広げられます
慣れてきたら別の工程もお願いすることがあります。

＝＝＝＝＝＝＝＝＝＝＝＝＝＝＝
《✼向いている方✼》

✔ もくもく作業したい方
✔ 接客のない仕事を探している方
✔ 一つのことに集中できる方

＝＝＝＝＝＝＝＝＝＝＝＝＝＝＝
《✼応募について✼》

✔ 経験・資格は必要ありません
✔ 給与・勤務時間・シフト・待遇の詳細は応募後にご案内します
✔ 気になる点だけのお問い合わせも歓迎します"
桜山,愛知県名古屋市昭和区川名山町,駅チカ勤務◎検品・梱包・仕分けのお仕事◎,経験不問｜検品・仕分けスタッフ｜桜山駅エリア,"✦・━━━━━━━━━━━━━━━・✦
＼愛知県名古屋市昭和区で募集中／
話すより手を動かしたい方へ。
もくもく進める検品・梱包◎
✦・━━━━━━━━━━━━━━━・✦

「人と話す仕事は少し苦手」
「自分のペースで進めたい」

接客も電話対応もありません。手元の作業に集中できます。

＝＝＝＝＝＝＝＝＝＝＝＝＝＝＝
【✧お仕事の内容✧】

■ チェックリストの確認
その日に確認する項目を最初に確かめます。

■ 検品
品番と数量がリストと合っているかを見ます。

■ 梱包・ラベル貼り
包んで箱詰めし、ラベルを貼ります。

■ 記録
確認した項目に印をつけて完了です。

＝＝＝＝＝＝＝＝＝＝＝＝＝＝＝
【✨はじめての方へ✨】

✔ はじめは 1 つの工程からお任せします
✔ 手順が決まっているので迷いません
✔ もくもく進めたい方に向いています
✔ 慣れてきたら担当を広げられます

＝＝＝＝＝＝＝＝＝＝＝＝＝＝＝
【✧勤務地✧】

愛知県名古屋市昭和区川名山町（桜山駅エリア）

給与・勤務時間・シフトなどの詳細は、
ご応募後にあらためてご案内します。
まずはお気軽にご応募ください。","《✼ここがはじめやすい✼》

✅ ① 決まった手順の繰り返しです
同じ流れを繰り返すので、覚えてしまえば迷いません。

✅ ② 細かい違いに気づける方に向いています
傷・汚れ・数量の違いを見つけるのが役割です。

✅ ③ 担当を少しずつ広げられます
慣れてきたら別の工程もお願いすることがあります。

＝＝＝＝＝＝＝＝＝＝＝＝＝＝＝
《✼向いている方✼》

✔ もくもく作業したい方
✔ 接客のない仕事を探している方
✔ 一つのことに集中できる方

＝＝＝＝＝＝＝＝＝＝＝＝＝＝＝
《✼応募について✼》

✔ 経験・資格は必要ありません
✔ 給与・勤務時間・シフト・待遇の詳細は応募後にご案内します
✔ 気になる点だけのお問い合わせも歓迎します"
瑞穂区役所,愛知県名古屋市瑞穂区,はじめてOK◎検品・梱包・仕分けのお仕事！,はじめてOK｜検品・仕分けスタッフ｜瑞穂区役所駅エリア,"✦・━━━━━━━━━━━━━━━・✦
＼愛知県名古屋市瑞穂区で募集中／
まずは1工程から。
検品・梱包スタッフ募集◎
✦・━━━━━━━━━━━━━━━・✦

「人と話す仕事は少し苦手」
「自分のペースで進めたい」

接客も電話対応もありません。手元の作業に集中できます。

＝＝＝＝＝＝＝＝＝＝＝＝＝＝＝
【✧お仕事の内容✧】

■ 検品（品番・数量・状態の確認）

■ 梱包（緩衝材で包み、指定の箱へ）

■ ラベル貼り（伝票を決められた位置に）

■ 仕分け（届け先ごとに分けて所定の場所へ）

＝＝＝＝＝＝＝＝＝＝＝＝＝＝＝
【✨はじめての方へ✨】

✔ はじめは 1 つの工程からお任せします
✔ 手順が決まっているので迷いません
✔ もくもく進めたい方に向いています
✔ 慣れてきたら担当を広げられます

＝＝＝＝＝＝＝＝＝＝＝＝＝＝＝
【✧勤務地✧】

愛知県名古屋市瑞穂区（瑞穂区役所駅エリア）

給与・勤務時間・シフトなどの詳細は、
ご応募後にあらためてご案内します。
まずはお気軽にご応募ください。","《✼働き方のポイント✼》

✅ ① 決まった手順の繰り返しです
同じ流れを繰り返すので、覚えてしまえば迷いません。

✅ ② 細かい違いに気づける方に向いています
傷・汚れ・数量の違いを見つけるのが役割です。

✅ ③ 担当を少しずつ広げられます
慣れてきたら別の工程もお願いすることがあります。

＝＝＝＝＝＝＝＝＝＝＝＝＝＝＝
《✼向いている方✼》

✔ もくもく作業したい方
✔ 接客のない仕事を探している方
✔ 一つのことに集中できる方

＝＝＝＝＝＝＝＝＝＝＝＝＝＝＝
《✼応募について✼》

✔ 経験・資格は必要ありません
✔ 給与・勤務時間・シフト・待遇の詳細は応募後にご案内します
✔ 気になる点だけのお問い合わせも歓迎します"
瑞穂運動場西,愛知県名古屋市瑞穂区彌富町,1工程から◎検品・梱包・仕分けのお仕事☆,未経験スタート｜検品・仕分けスタッフ｜瑞穂運動場西駅エリア,"✦・━━━━━━━━━━━━━━━・✦
＼愛知県名古屋市瑞穂区で募集中／
重いものを運ぶ作業はありません。
からだに負担の少ない検品・梱包◎
✦・━━━━━━━━━━━━━━━・✦

「人と話す仕事は少し苦手」
「自分のペースで進めたい」

接客も電話対応もありません。手元の作業に集中できます。

＝＝＝＝＝＝＝＝＝＝＝＝＝＝＝
【✧お仕事の内容✧】

■ 検品（品番・数量・状態の確認）

■ 梱包（緩衝材で包み、指定の箱へ）

■ ラベル貼り（伝票を決められた位置に）

■ 仕分け（届け先ごとに分けて所定の場所へ）

＝＝＝＝＝＝＝＝＝＝＝＝＝＝＝
【✨はじめての方へ✨】

✔ 特別な資格は要りません
✔ 確認する項目は紙とリストで示されます
✔ 重量物の持ち運びはありません
✔ 工程は日によって変わることがあります

＝＝＝＝＝＝＝＝＝＝＝＝＝＝＝
【✧勤務地✧】

愛知県名古屋市瑞穂区彌富町（瑞穂運動場西駅エリア）

給与・勤務時間・シフトなどの詳細は、
ご応募後にあらためてご案内します。
まずはお気軽にご応募ください。","《✼作業のすすめ方✼》

✅ ① 決まった手順の繰り返しです
同じ流れを繰り返すので、覚えてしまえば迷いません。

✅ ② 細かい違いに気づける方に向いています
傷・汚れ・数量の違いを見つけるのが役割です。

✅ ③ 担当を少しずつ広げられます
慣れてきたら別の工程もお願いすることがあります。

＝＝＝＝＝＝＝＝＝＝＝＝＝＝＝
《✼向いている方✼》

✔ もくもく作業したい方
✔ 接客のない仕事を探している方
✔ 一つのことに集中できる方

＝＝＝＝＝＝＝＝＝＝＝＝＝＝＝
《✼応募について✼》

✔ 経験・資格は必要ありません
✔ 給与・勤務時間・シフト・待遇の詳細は応募後にご案内します
✔ 気になる点だけのお問い合わせも歓迎します"
桜本町,愛知県名古屋市南区呼続,未経験OK◎マニュアル通りの梱包作業♪,未経験OK｜倉庫内の検品・梱包｜桜本町駅エリア,"✦・━━━━━━━━━━━━━━━・✦
＼愛知県名古屋市南区で募集中／
届いた商品を確かめて、箱に詰める。
未経験からはじめる検品・梱包◎
✦・━━━━━━━━━━━━━━━・✦

「未経験だと迷惑をかけそう」
「すぐに戦力になれる自信がない」

最初は 1 つの工程から。慣れてきたら範囲を広げます。

＝＝＝＝＝＝＝＝＝＝＝＝＝＝＝
【✧お仕事の内容✧】

■ 検品
伝票やチェックリストと照らして、品番と数量を確認します。

■ 梱包
商品を緩衝材で包み、指定のサイズの箱に詰めます。

■ ラベル貼り
送り先の伝票やラベルを、決められた位置に貼ります。

■ 仕分け
届け先ごとに商品を分け、所定の場所に置きます。

＝＝＝＝＝＝＝＝＝＝＝＝＝＝＝
【✨はじめての方へ✨】

✔ 特別な資格は要りません
✔ 確認する項目は紙とリストで示されます
✔ 重量物の持ち運びはありません
✔ 工程は日によって変わることがあります

＝＝＝＝＝＝＝＝＝＝＝＝＝＝＝
【✧勤務地✧】

愛知県名古屋市南区呼続（桜本町駅エリア）

給与・勤務時間・シフトなどの詳細は、
ご応募後にあらためてご案内します。
まずはお気軽にご応募ください。","《✼このお仕事の特徴✼》

✅ ① 手順が決まっています
何をどの順で確認するかはマニュアルとチェックリストにあります。
自分で判断しなければならない場面はほとんどありません。

✅ ② 接客・電話対応はありません
倉庫内での作業が中心です。
人と話すより手を動かしたい方に向いています。

✅ ③ 1 工程からはじめられます
最初から全工程を覚える必要はありません。
担当する工程から順に慣れていけます。

＝＝＝＝＝＝＝＝＝＝＝＝＝＝＝
《✼向いている方✼》

✔ 丁寧に作業できる方
✔ 決まった流れで働きたい方
✔ 未経験から手に職をつけたい方

＝＝＝＝＝＝＝＝＝＝＝＝＝＝＝
《✼応募について✼》

✔ 経験・資格は必要ありません
✔ 給与・勤務時間・シフト・待遇の詳細は応募後にご案内します
✔ 気になる点だけのお問い合わせも歓迎します"
野並,愛知県名古屋市天白区鴻の巣,経験不問◎マニュアル通りの梱包作業◎,未経験歓迎｜倉庫内の検品・梱包｜野並駅エリア,"✦・━━━━━━━━━━━━━━━・✦
＼愛知県名古屋市天白区で募集中／
手順は決まっています。
倉庫内の検品・梱包スタッフ募集◎
✦・━━━━━━━━━━━━━━━・✦

「未経験だと迷惑をかけそう」
「すぐに戦力になれる自信がない」

最初は 1 つの工程から。慣れてきたら範囲を広げます。

＝＝＝＝＝＝＝＝＝＝＝＝＝＝＝
【✧お仕事の内容✧】

■ 検品
伝票やチェックリストと照らして、品番と数量を確認します。

■ 梱包
商品を緩衝材で包み、指定のサイズの箱に詰めます。

■ ラベル貼り
送り先の伝票やラベルを、決められた位置に貼ります。

■ 仕分け
届け先ごとに商品を分け、所定の場所に置きます。

＝＝＝＝＝＝＝＝＝＝＝＝＝＝＝
【✨はじめての方へ✨】

✔ 特別な資格は要りません
✔ 確認する項目は紙とリストで示されます
✔ 重量物の持ち運びはありません
✔ 工程は日によって変わることがあります

＝＝＝＝＝＝＝＝＝＝＝＝＝＝＝
【✧勤務地✧】

愛知県名古屋市天白区鴻の巣（野並駅エリア）

給与・勤務時間・シフトなどの詳細は、
ご応募後にあらためてご案内します。
まずはお気軽にご応募ください。","《✼ここがはじめやすい✼》

✅ ① 手順が決まっています
何をどの順で確認するかはマニュアルとチェックリストにあります。
自分で判断しなければならない場面はほとんどありません。

✅ ② 接客・電話対応はありません
倉庫内での作業が中心です。
人と話すより手を動かしたい方に向いています。

✅ ③ 1 工程からはじめられます
最初から全工程を覚える必要はありません。
担当する工程から順に慣れていけます。

＝＝＝＝＝＝＝＝＝＝＝＝＝＝＝
《✼向いている方✼》

✔ 丁寧に作業できる方
✔ 決まった流れで働きたい方
✔ 未経験から手に職をつけたい方

＝＝＝＝＝＝＝＝＝＝＝＝＝＝＝
《✼応募について✼》

✔ 経験・資格は必要ありません
✔ 給与・勤務時間・シフト・待遇の詳細は応募後にご案内します
✔ 気になる点だけのお問い合わせも歓迎します"
徳重,愛知県名古屋市緑区鳴海町,もくもく作業◎マニュアル通りの梱包作業！,経験不問｜倉庫内の検品・梱包｜徳重駅エリア,"✦・━━━━━━━━━━━━━━━・✦
＼愛知県名古屋市緑区で募集中／
話すより手を動かしたい方へ。
もくもく進める検品・梱包◎
✦・━━━━━━━━━━━━━━━・✦

「未経験だと迷惑をかけそう」
「すぐに戦力になれる自信がない」

最初は 1 つの工程から。慣れてきたら範囲を広げます。

＝＝＝＝＝＝＝＝＝＝＝＝＝＝＝
【✧お仕事の内容✧】

■ 商品を受け取る
作業台に運ばれてきた商品を受け取ります。

■ 状態を見る
傷・汚れ・数量の違いがないかを確認します。

■ 箱に詰める
緩衝材で包み、指定の箱に入れて封をします。

■ ラベルを貼る
伝票を所定の位置に貼って、次の工程へ回します。

＝＝＝＝＝＝＝＝＝＝＝＝＝＝＝
【✨はじめての方へ✨】

✔ 未経験からはじめた方が多い工程です
✔ 作業の順番は決まっています
✔ 接客はありません
✔ 分からないときはすぐ聞けます

＝＝＝＝＝＝＝＝＝＝＝＝＝＝＝
【✧勤務地✧】

愛知県名古屋市緑区鳴海町（徳重駅エリア）

給与・勤務時間・シフトなどの詳細は、
ご応募後にあらためてご案内します。
気になる点はお気軽にお尋ねください。","《✼働き方のポイント✼》

✅ ① 手順が決まっています
何をどの順で確認するかはマニュアルとチェックリストにあります。
自分で判断しなければならない場面はほとんどありません。

✅ ② 接客・電話対応はありません
倉庫内での作業が中心です。
人と話すより手を動かしたい方に向いています。

✅ ③ 1 工程からはじめられます
最初から全工程を覚える必要はありません。
担当する工程から順に慣れていけます。

＝＝＝＝＝＝＝＝＝＝＝＝＝＝＝
《✼向いている方✼》

✔ 丁寧に作業できる方
✔ 決まった流れで働きたい方
✔ 未経験から手に職をつけたい方

＝＝＝＝＝＝＝＝＝＝＝＝＝＝＝
《✼応募について✼》

✔ 経験・資格は必要ありません
✔ 給与・勤務時間・シフト・待遇の詳細は応募後にご案内します
✔ 気になる点だけのお問い合わせも歓迎します"
原,愛知県名古屋市天白区原,接客なし◎マニュアル通りの梱包作業☆,はじめてOK｜倉庫内の検品・梱包｜原駅エリア,"✦・━━━━━━━━━━━━━━━・✦
＼愛知県名古屋市天白区で募集中／
まずは1工程から。
検品・梱包スタッフ募集◎
✦・━━━━━━━━━━━━━━━・✦

「未経験だと迷惑をかけそう」
「すぐに戦力になれる自信がない」

最初は 1 つの工程から。慣れてきたら範囲を広げます。

＝＝＝＝＝＝＝＝＝＝＝＝＝＝＝
【✧お仕事の内容✧】

■ 商品を受け取る
作業台に運ばれてきた商品を受け取ります。

■ 状態を見る
傷・汚れ・数量の違いがないかを確認します。

■ 箱に詰める
緩衝材で包み、指定の箱に入れて封をします。

■ ラベルを貼る
伝票を所定の位置に貼って、次の工程へ回します。

＝＝＝＝＝＝＝＝＝＝＝＝＝＝＝
【✨はじめての方へ✨】

✔ 未経験からはじめた方が多い工程です
✔ 作業の順番は決まっています
✔ 接客はありません
✔ 分からないときはすぐ聞けます

＝＝＝＝＝＝＝＝＝＝＝＝＝＝＝
【✧勤務地✧】

愛知県名古屋市天白区原（原駅エリア）

給与・勤務時間・シフトなどの詳細は、
ご応募後にあらためてご案内します。
気になる点はお気軽にお尋ねください。","《✼作業のすすめ方✼》

✅ ① 手順が決まっています
何をどの順で確認するかはマニュアルとチェックリストにあります。
自分で判断しなければならない場面はほとんどありません。

✅ ② 接客・電話対応はありません
倉庫内での作業が中心です。
人と話すより手を動かしたい方に向いています。

✅ ③ 1 工程からはじめられます
最初から全工程を覚える必要はありません。
担当する工程から順に慣れていけます。

＝＝＝＝＝＝＝＝＝＝＝＝＝＝＝
《✼向いている方✼》

✔ 丁寧に作業できる方
✔ 決まった流れで働きたい方
✔ 未経験から手に職をつけたい方

＝＝＝＝＝＝＝＝＝＝＝＝＝＝＝
《✼応募について✼》

✔ 経験・資格は必要ありません
✔ 給与・勤務時間・シフト・待遇の詳細は応募後にご案内します
✔ 気になる点だけのお問い合わせも歓迎します"
平針,愛知県名古屋市天白区平針,手順はシンプル◎マニュアル通りの梱包作業♪,未経験スタート｜倉庫内の検品・梱包｜平針駅エリア,"✦・━━━━━━━━━━━━━━━・✦
＼愛知県名古屋市天白区で募集中／
重いものを運ぶ作業はありません。
からだに負担の少ない検品・梱包◎
✦・━━━━━━━━━━━━━━━・✦

「未経験だと迷惑をかけそう」
「すぐに戦力になれる自信がない」

最初は 1 つの工程から。慣れてきたら範囲を広げます。

＝＝＝＝＝＝＝＝＝＝＝＝＝＝＝
【✧お仕事の内容✧】

■ チェックリストの確認
その日に確認する項目を最初に確かめます。

■ 検品
品番と数量がリストと合っているかを見ます。

■ 梱包・ラベル貼り
包んで箱詰めし、ラベルを貼ります。

■ 記録
確認した項目に印をつけて完了です。

＝＝＝＝＝＝＝＝＝＝＝＝＝＝＝
【✨はじめての方へ✨】

✔ 未経験からはじめた方が多い工程です
✔ 作業の順番は決まっています
✔ 接客はありません
✔ 分からないときはすぐ聞けます

＝＝＝＝＝＝＝＝＝＝＝＝＝＝＝
【✧勤務地✧】

愛知県名古屋市天白区平針（平針駅エリア）

給与・勤務時間・シフトなどの詳細は、
ご応募後にあらためてご案内します。
気になる点はお気軽にお尋ねください。","《✼このお仕事の特徴✼》

✅ ① 経験も資格も要りません
検品・梱包のどちらも、決まった手順に沿って進めます。
はじめての方でも取りかかれます。

✅ ② 重いものを運ぶ作業はありません
扱うのは片手で持てるサイズの商品が中心です。

✅ ③ 覚える範囲がはっきりしています
担当する工程が決まっているので、
何を覚えればよいかが最初から分かります。

＝＝＝＝＝＝＝＝＝＝＝＝＝＝＝
《✼向いている方✼》

✔ 丁寧に作業できる方
✔ 決まった流れで働きたい方
✔ 未経験から手に職をつけたい方

＝＝＝＝＝＝＝＝＝＝＝＝＝＝＝
《✼応募について✼》

✔ 経験・資格は必要ありません
✔ 給与・勤務時間・シフト・待遇の詳細は応募後にご案内します
✔ 気になる点だけのお問い合わせも歓迎します"
植田,愛知県名古屋市天白区植田,重いものナシ◎マニュアル通りの梱包作業◎,未経験OK｜検品・梱包スタッフ｜植田駅エリア,"✦・━━━━━━━━━━━━━━━・✦
＼愛知県名古屋市天白区で募集中／
届いた商品を確かめて、箱に詰める。
未経験からはじめる検品・梱包◎
✦・━━━━━━━━━━━━━━━・✦

「立ちっぱなしはきつい」
「腰を痛めたことがある」

重量物の持ち運びはありません。座り作業の工程もあります。

＝＝＝＝＝＝＝＝＝＝＝＝＝＝＝
【✧お仕事の内容✧】

■ チェックリストの確認
その日に確認する項目を最初に確かめます。

■ 検品
品番と数量がリストと合っているかを見ます。

■ 梱包・ラベル貼り
包んで箱詰めし、ラベルを貼ります。

■ 記録
確認した項目に印をつけて完了です。

＝＝＝＝＝＝＝＝＝＝＝＝＝＝＝
【✨はじめての方へ✨】

✔ 作業手順はマニュアルで決まっています
✔ 接客や電話対応はありません
✔ 覚える範囲は担当する工程だけです
✔ 分からないことはその場で確認できます

＝＝＝＝＝＝＝＝＝＝＝＝＝＝＝
【✧勤務地✧】

愛知県名古屋市天白区植田（植田駅エリア）

給与・勤務時間・シフトなどの詳細は、
ご応募後にあらためてご案内します。
気になる点はお気軽にお尋ねください。","《✼ここがはじめやすい✼》

✅ ① 経験も資格も要りません
検品・梱包のどちらも、決まった手順に沿って進めます。
はじめての方でも取りかかれます。

✅ ② 重いものを運ぶ作業はありません
扱うのは片手で持てるサイズの商品が中心です。

✅ ③ 覚える範囲がはっきりしています
担当する工程が決まっているので、
何を覚えればよいかが最初から分かります。

＝＝＝＝＝＝＝＝＝＝＝＝＝＝＝
《✼向いている方✼》

✔ 丁寧に作業できる方
✔ 決まった流れで働きたい方
✔ 未経験から手に職をつけたい方

＝＝＝＝＝＝＝＝＝＝＝＝＝＝＝
《✼応募について✼》

✔ 経験・資格は必要ありません
✔ 給与・勤務時間・シフト・待遇の詳細は応募後にご案内します
✔ 気になる点だけのお問い合わせも歓迎します"
塩釜口,愛知県名古屋市天白区中平,コツコツ派歓迎◎マニュアル通りの梱包作業！,未経験歓迎｜検品・梱包スタッフ｜塩釜口駅エリア,"✦・━━━━━━━━━━━━━━━・✦
＼愛知県名古屋市天白区で募集中／
手順は決まっています。
倉庫内の検品・梱包スタッフ募集◎
✦・━━━━━━━━━━━━━━━・✦

「立ちっぱなしはきつい」
「腰を痛めたことがある」

重量物の持ち運びはありません。座り作業の工程もあります。

＝＝＝＝＝＝＝＝＝＝＝＝＝＝＝
【✧お仕事の内容✧】

■ 検品（品番・数量・状態の確認）

■ 梱包（緩衝材で包み、指定の箱へ）

■ ラベル貼り（伝票を決められた位置に）

■ 仕分け（届け先ごとに分けて所定の場所へ）

＝＝＝＝＝＝＝＝＝＝＝＝＝＝＝
【✨はじめての方へ✨】

✔ 作業手順はマニュアルで決まっています
✔ 接客や電話対応はありません
✔ 覚える範囲は担当する工程だけです
✔ 分からないことはその場で確認できます

＝＝＝＝＝＝＝＝＝＝＝＝＝＝＝
【✧勤務地✧】

愛知県名古屋市天白区中平（塩釜口駅エリア）

給与・勤務時間・シフトなどの詳細は、
ご応募後にあらためてご案内します。
気になる点はお気軽にお尋ねください。","《✼働き方のポイント✼》

✅ ① 経験も資格も要りません
検品・梱包のどちらも、決まった手順に沿って進めます。
はじめての方でも取りかかれます。

✅ ② 重いものを運ぶ作業はありません
扱うのは片手で持てるサイズの商品が中心です。

✅ ③ 覚える範囲がはっきりしています
担当する工程が決まっているので、
何を覚えればよいかが最初から分かります。

＝＝＝＝＝＝＝＝＝＝＝＝＝＝＝
《✼向いている方✼》

✔ 丁寧に作業できる方
✔ 決まった流れで働きたい方
✔ 未経験から手に職をつけたい方

＝＝＝＝＝＝＝＝＝＝＝＝＝＝＝
《✼応募について✼》

✔ 経験・資格は必要ありません
✔ 給与・勤務時間・シフト・待遇の詳細は応募後にご案内します
✔ 気になる点だけのお問い合わせも歓迎します"
いりなか,愛知県名古屋市昭和区隼人町,駅チカ勤務◎マニュアル通りの梱包作業☆,経験不問｜検品・梱包スタッフ｜いりなか駅エリア,"✦・━━━━━━━━━━━━━━━・✦
＼愛知県名古屋市昭和区で募集中／
話すより手を動かしたい方へ。
もくもく進める検品・梱包◎
✦・━━━━━━━━━━━━━━━・✦

「立ちっぱなしはきつい」
「腰を痛めたことがある」

重量物の持ち運びはありません。座り作業の工程もあります。

＝＝＝＝＝＝＝＝＝＝＝＝＝＝＝
【✧お仕事の内容✧】

■ 検品（品番・数量・状態の確認）

■ 梱包（緩衝材で包み、指定の箱へ）

■ ラベル貼り（伝票を決められた位置に）

■ 仕分け（届け先ごとに分けて所定の場所へ）

＝＝＝＝＝＝＝＝＝＝＝＝＝＝＝
【✨はじめての方へ✨】

✔ 作業手順はマニュアルで決まっています
✔ 接客や電話対応はありません
✔ 覚える範囲は担当する工程だけです
✔ 分からないことはその場で確認できます

＝＝＝＝＝＝＝＝＝＝＝＝＝＝＝
【✧勤務地✧】

愛知県名古屋市昭和区隼人町（いりなか駅エリア）

給与・勤務時間・シフトなどの詳細は、
ご応募後にあらためてご案内します。
気になる点はお気軽にお尋ねください。","《✼作業のすすめ方✼》

✅ ① 経験も資格も要りません
検品・梱包のどちらも、決まった手順に沿って進めます。
はじめての方でも取りかかれます。

✅ ② 重いものを運ぶ作業はありません
扱うのは片手で持てるサイズの商品が中心です。

✅ ③ 覚える範囲がはっきりしています
担当する工程が決まっているので、
何を覚えればよいかが最初から分かります。

＝＝＝＝＝＝＝＝＝＝＝＝＝＝＝
《✼向いている方✼》

✔ 丁寧に作業できる方
✔ 決まった流れで働きたい方
✔ 未経験から手に職をつけたい方

＝＝＝＝＝＝＝＝＝＝＝＝＝＝＝
《✼応募について✼》

✔ 経験・資格は必要ありません
✔ 給与・勤務時間・シフト・待遇の詳細は応募後にご案内します
✔ 気になる点だけのお問い合わせも歓迎します"
川名,愛知県名古屋市昭和区広路町,はじめてOK◎マニュアル通りの梱包作業♪,はじめてOK｜検品・梱包スタッフ｜川名駅エリア,"✦・━━━━━━━━━━━━━━━・✦
＼愛知県名古屋市昭和区で募集中／
まずは1工程から。
検品・梱包スタッフ募集◎
✦・━━━━━━━━━━━━━━━・✦

「立ちっぱなしはきつい」
「腰を痛めたことがある」

重量物の持ち運びはありません。座り作業の工程もあります。

＝＝＝＝＝＝＝＝＝＝＝＝＝＝＝
【✧お仕事の内容✧】

■ 検品
伝票やチェックリストと照らして、品番と数量を確認します。

■ 梱包
商品を緩衝材で包み、指定のサイズの箱に詰めます。

■ ラベル貼り
送り先の伝票やラベルを、決められた位置に貼ります。

■ 仕分け
届け先ごとに商品を分け、所定の場所に置きます。

＝＝＝＝＝＝＝＝＝＝＝＝＝＝＝
【✨はじめての方へ✨】

✔ 経験・資格は必要ありません
✔ 判断の基準はチェックリストにあります
✔ 扱うのは片手で持てるサイズが中心です
✔ 担当する工程から順に覚えられます

＝＝＝＝＝＝＝＝＝＝＝＝＝＝＝
【✧勤務地✧】

愛知県名古屋市昭和区広路町（川名駅エリア）

給与・勤務時間・シフトなどの詳細は、
ご応募後にあらためてご案内します。
気になる点はお気軽にお尋ねください。","《✼このお仕事の特徴✼》

✅ ① 判断の基準は紙にあります
品番と数量はチェックリストと照らして確認します。
記憶に頼る場面はありません。

✅ ② もくもく進められます
接客も電話対応もありません。
自分のペースで手を動かせます。

✅ ③ 工程は日によって変わることがあります
検品・梱包・ラベル貼り・仕分けのいずれかを担当します。

＝＝＝＝＝＝＝＝＝＝＝＝＝＝＝
《✼向いている方✼》

✔ 丁寧に作業できる方
✔ 決まった流れで働きたい方
✔ 未経験から手に職をつけたい方

＝＝＝＝＝＝＝＝＝＝＝＝＝＝＝
《✼応募について✼》

✔ 経験・資格は必要ありません
✔ 給与・勤務時間・シフト・待遇の詳細は応募後にご案内します
✔ 気になる点だけのお問い合わせも歓迎します"
荒畑,愛知県名古屋市昭和区広路通,1工程から◎マニュアル通りの梱包作業◎,未経験スタート｜検品・梱包スタッフ｜荒畑駅エリア,"✦・━━━━━━━━━━━━━━━・✦
＼愛知県名古屋市昭和区で募集中／
重いものを運ぶ作業はありません。
からだに負担の少ない検品・梱包◎
✦・━━━━━━━━━━━━━━━・✦

「立ちっぱなしはきつい」
「腰を痛めたことがある」

重量物の持ち運びはありません。座り作業の工程もあります。

＝＝＝＝＝＝＝＝＝＝＝＝＝＝＝
【✧お仕事の内容✧】

■ 検品
伝票やチェックリストと照らして、品番と数量を確認します。

■ 梱包
商品を緩衝材で包み、指定のサイズの箱に詰めます。

■ ラベル貼り
送り先の伝票やラベルを、決められた位置に貼ります。

■ 仕分け
届け先ごとに商品を分け、所定の場所に置きます。

＝＝＝＝＝＝＝＝＝＝＝＝＝＝＝
【✨はじめての方へ✨】

✔ 経験・資格は必要ありません
✔ 判断の基準はチェックリストにあります
✔ 扱うのは片手で持てるサイズが中心です
✔ 担当する工程から順に覚えられます

＝＝＝＝＝＝＝＝＝＝＝＝＝＝＝
【✧勤務地✧】

愛知県名古屋市昭和区広路通（荒畑駅エリア）

給与・勤務時間・シフトなどの詳細は、
ご応募後にあらためてご案内します。
「話を聞いてみたい」だけのご応募も歓迎します。","《✼ここがはじめやすい✼》

✅ ① 判断の基準は紙にあります
品番と数量はチェックリストと照らして確認します。
記憶に頼る場面はありません。

✅ ② もくもく進められます
接客も電話対応もありません。
自分のペースで手を動かせます。

✅ ③ 工程は日によって変わることがあります
検品・梱包・ラベル貼り・仕分けのいずれかを担当します。

＝＝＝＝＝＝＝＝＝＝＝＝＝＝＝
《✼向いている方✼》

✔ 丁寧に作業できる方
✔ 決まった流れで働きたい方
✔ 未経験から手に職をつけたい方

＝＝＝＝＝＝＝＝＝＝＝＝＝＝＝
《✼応募について✼》

✔ 経験・資格は必要ありません
✔ 給与・勤務時間・シフト・待遇の詳細は応募後にご案内します
✔ 気になる点だけのお問い合わせも歓迎します"
大須観音,愛知県名古屋市中区大須,未経験OK◎倉庫での検品スタッフ！,未経験OK｜梱包・ラベル貼り｜大須観音駅エリア,"✦・━━━━━━━━━━━━━━━・✦
＼愛知県名古屋市中区で募集中／
届いた商品を確かめて、箱に詰める。
未経験からはじめる検品・梱包◎
✦・━━━━━━━━━━━━━━━・✦

「倉庫の仕事は力がいるのでは？」
「経験がないと難しそう…」

扱うのは片手で持てるサイズの商品が中心です。

＝＝＝＝＝＝＝＝＝＝＝＝＝＝＝
【✧お仕事の内容✧】

■ 商品を受け取る
作業台に運ばれてきた商品を受け取ります。

■ 状態を見る
傷・汚れ・数量の違いがないかを確認します。

■ 箱に詰める
緩衝材で包み、指定の箱に入れて封をします。

■ ラベルを貼る
伝票を所定の位置に貼って、次の工程へ回します。

＝＝＝＝＝＝＝＝＝＝＝＝＝＝＝
【✨はじめての方へ✨】

✔ 経験・資格は必要ありません
✔ 判断の基準はチェックリストにあります
✔ 扱うのは片手で持てるサイズが中心です
✔ 担当する工程から順に覚えられます

＝＝＝＝＝＝＝＝＝＝＝＝＝＝＝
【✧勤務地✧】

愛知県名古屋市中区大須（大須観音駅エリア）

給与・勤務時間・シフトなどの詳細は、
ご応募後にあらためてご案内します。
「話を聞いてみたい」だけのご応募も歓迎します。","《✼働き方のポイント✼》

✅ ① 判断の基準は紙にあります
品番と数量はチェックリストと照らして確認します。
記憶に頼る場面はありません。

✅ ② もくもく進められます
接客も電話対応もありません。
自分のペースで手を動かせます。

✅ ③ 工程は日によって変わることがあります
検品・梱包・ラベル貼り・仕分けのいずれかを担当します。

＝＝＝＝＝＝＝＝＝＝＝＝＝＝＝
《✼向いている方✼》

✔ 丁寧に作業できる方
✔ 決まった流れで働きたい方
✔ 未経験から手に職をつけたい方

＝＝＝＝＝＝＝＝＝＝＝＝＝＝＝
《✼応募について✼》

✔ 経験・資格は必要ありません
✔ 給与・勤務時間・シフト・待遇の詳細は応募後にご案内します
✔ 気になる点だけのお問い合わせも歓迎します"
浅間町,愛知県名古屋市西区浅間,経験不問◎倉庫での検品スタッフ☆,未経験歓迎｜梱包・ラベル貼り｜浅間町駅エリア,"✦・━━━━━━━━━━━━━━━・✦
＼愛知県名古屋市西区で募集中／
手順は決まっています。
倉庫内の検品・梱包スタッフ募集◎
✦・━━━━━━━━━━━━━━━・✦

「倉庫の仕事は力がいるのでは？」
「経験がないと難しそう…」

扱うのは片手で持てるサイズの商品が中心です。

＝＝＝＝＝＝＝＝＝＝＝＝＝＝＝
【✧お仕事の内容✧】

■ 商品を受け取る
作業台に運ばれてきた商品を受け取ります。

■ 状態を見る
傷・汚れ・数量の違いがないかを確認します。

■ 箱に詰める
緩衝材で包み、指定の箱に入れて封をします。

■ ラベルを貼る
伝票を所定の位置に貼って、次の工程へ回します。

＝＝＝＝＝＝＝＝＝＝＝＝＝＝＝
【✨はじめての方へ✨】

✔ はじめは 1 つの工程からお任せします
✔ 手順が決まっているので迷いません
✔ もくもく進めたい方に向いています
✔ 慣れてきたら担当を広げられます

＝＝＝＝＝＝＝＝＝＝＝＝＝＝＝
【✧勤務地✧】

愛知県名古屋市西区浅間（浅間町駅エリア）

給与・勤務時間・シフトなどの詳細は、
ご応募後にあらためてご案内します。
「話を聞いてみたい」だけのご応募も歓迎します。","《✼作業のすすめ方✼》

✅ ① 判断の基準は紙にあります
品番と数量はチェックリストと照らして確認します。
記憶に頼る場面はありません。

✅ ② もくもく進められます
接客も電話対応もありません。
自分のペースで手を動かせます。

✅ ③ 工程は日によって変わることがあります
検品・梱包・ラベル貼り・仕分けのいずれかを担当します。

＝＝＝＝＝＝＝＝＝＝＝＝＝＝＝
《✼向いている方✼》

✔ 丁寧に作業できる方
✔ 決まった流れで働きたい方
✔ 未経験から手に職をつけたい方

＝＝＝＝＝＝＝＝＝＝＝＝＝＝＝
《✼応募について✼》

✔ 経験・資格は必要ありません
✔ 給与・勤務時間・シフト・待遇の詳細は応募後にご案内します
✔ 気になる点だけのお問い合わせも歓迎します"
上小田井,愛知県名古屋市西区中小田井,もくもく作業◎倉庫での検品スタッフ♪,経験不問｜梱包・ラベル貼り｜上小田井駅エリア,"✦・━━━━━━━━━━━━━━━・✦
＼愛知県名古屋市西区で募集中／
話すより手を動かしたい方へ。
もくもく進める検品・梱包◎
✦・━━━━━━━━━━━━━━━・✦

「倉庫の仕事は力がいるのでは？」
「経験がないと難しそう…」

扱うのは片手で持てるサイズの商品が中心です。

＝＝＝＝＝＝＝＝＝＝＝＝＝＝＝
【✧お仕事の内容✧】

■ チェックリストの確認
その日に確認する項目を最初に確かめます。

■ 検品
品番と数量がリストと合っているかを見ます。

■ 梱包・ラベル貼り
包んで箱詰めし、ラベルを貼ります。

■ 記録
確認した項目に印をつけて完了です。

＝＝＝＝＝＝＝＝＝＝＝＝＝＝＝
【✨はじめての方へ✨】

✔ はじめは 1 つの工程からお任せします
✔ 手順が決まっているので迷いません
✔ もくもく進めたい方に向いています
✔ 慣れてきたら担当を広げられます

＝＝＝＝＝＝＝＝＝＝＝＝＝＝＝
【✧勤務地✧】

愛知県名古屋市西区中小田井（上小田井駅エリア）

給与・勤務時間・シフトなどの詳細は、
ご応募後にあらためてご案内します。
「話を聞いてみたい」だけのご応募も歓迎します。","《✼このお仕事の特徴✼》

✅ ① 作業台まわりで完結します
商品は作業台まで運ばれてきます。
倉庫内を歩き回る作業ではありません。

✅ ② はじめは簡単な工程から
ラベル貼りや数量の確認など、
覚えやすい工程からお任せします。

✅ ③ 相談できる距離で働けます
分からないことはその場で確認できる環境です。

＝＝＝＝＝＝＝＝＝＝＝＝＝＝＝
《✼向いている方✼》

✔ 丁寧に作業できる方
✔ 決まった流れで働きたい方
✔ 未経験から手に職をつけたい方

＝＝＝＝＝＝＝＝＝＝＝＝＝＝＝
《✼応募について✼》

✔ 経験・資格は必要ありません
✔ 給与・勤務時間・シフト・待遇の詳細は応募後にご案内します
✔ 気になる点だけのお問い合わせも歓迎します"
庄内緑地公園,愛知県名古屋市西区山田町,接客なし◎倉庫での検品スタッフ◎,はじめてOK｜梱包・ラベル貼り｜庄内緑地公園駅エリア,"✦・━━━━━━━━━━━━━━━・✦
＼愛知県名古屋市西区で募集中／
まずは1工程から。
検品・梱包スタッフ募集◎
✦・━━━━━━━━━━━━━━━・✦

「倉庫の仕事は力がいるのでは？」
「経験がないと難しそう…」

扱うのは片手で持てるサイズの商品が中心です。

＝＝＝＝＝＝＝＝＝＝＝＝＝＝＝
【✧お仕事の内容✧】

■ チェックリストの確認
その日に確認する項目を最初に確かめます。

■ 検品
品番と数量がリストと合っているかを見ます。

■ 梱包・ラベル貼り
包んで箱詰めし、ラベルを貼ります。

■ 記録
確認した項目に印をつけて完了です。

＝＝＝＝＝＝＝＝＝＝＝＝＝＝＝
【✨はじめての方へ✨】

✔ はじめは 1 つの工程からお任せします
✔ 手順が決まっているので迷いません
✔ もくもく進めたい方に向いています
✔ 慣れてきたら担当を広げられます

＝＝＝＝＝＝＝＝＝＝＝＝＝＝＝
【✧勤務地✧】

愛知県名古屋市西区山田町（庄内緑地公園駅エリア）

給与・勤務時間・シフトなどの詳細は、
ご応募後にあらためてご案内します。
「話を聞いてみたい」だけのご応募も歓迎します。","《✼ここがはじめやすい✼》

✅ ① 作業台まわりで完結します
商品は作業台まで運ばれてきます。
倉庫内を歩き回る作業ではありません。

✅ ② はじめは簡単な工程から
ラベル貼りや数量の確認など、
覚えやすい工程からお任せします。

✅ ③ 相談できる距離で働けます
分からないことはその場で確認できる環境です。

＝＝＝＝＝＝＝＝＝＝＝＝＝＝＝
《✼向いている方✼》

✔ 丁寧に作業できる方
✔ 決まった流れで働きたい方
✔ 未経験から手に職をつけたい方

＝＝＝＝＝＝＝＝＝＝＝＝＝＝＝
《✼応募について✼》

✔ 経験・資格は必要ありません
✔ 給与・勤務時間・シフト・待遇の詳細は応募後にご案内します
✔ 気になる点だけのお問い合わせも歓迎します"
中村区役所,愛知県名古屋市中村区太閤通,手順はシンプル◎倉庫での検品スタッフ！,未経験スタート｜梱包・ラベル貼り｜中村区役所駅エリア,"✦・━━━━━━━━━━━━━━━・✦
＼愛知県名古屋市中村区で募集中／
重いものを運ぶ作業はありません。
からだに負担の少ない検品・梱包◎
✦・━━━━━━━━━━━━━━━・✦

「倉庫の仕事は力がいるのでは？」
「経験がないと難しそう…」

扱うのは片手で持てるサイズの商品が中心です。

＝＝＝＝＝＝＝＝＝＝＝＝＝＝＝
【✧お仕事の内容✧】

■ 検品（品番・数量・状態の確認）

■ 梱包（緩衝材で包み、指定の箱へ）

■ ラベル貼り（伝票を決められた位置に）

■ 仕分け（届け先ごとに分けて所定の場所へ）

＝＝＝＝＝＝＝＝＝＝＝＝＝＝＝
【✨はじめての方へ✨】

✔ 特別な資格は要りません
✔ 確認する項目は紙とリストで示されます
✔ 重量物の持ち運びはありません
✔ 工程は日によって変わることがあります

＝＝＝＝＝＝＝＝＝＝＝＝＝＝＝
【✧勤務地✧】

愛知県名古屋市中村区太閤通（中村区役所駅エリア）

給与・勤務時間・シフトなどの詳細は、
ご応募後にあらためてご案内します。
「話を聞いてみたい」だけのご応募も歓迎します。","《✼働き方のポイント✼》

✅ ① 作業台まわりで完結します
商品は作業台まで運ばれてきます。
倉庫内を歩き回る作業ではありません。

✅ ② はじめは簡単な工程から
ラベル貼りや数量の確認など、
覚えやすい工程からお任せします。

✅ ③ 相談できる距離で働けます
分からないことはその場で確認できる環境です。

＝＝＝＝＝＝＝＝＝＝＝＝＝＝＝
《✼向いている方✼》

✔ 丁寧に作業できる方
✔ 決まった流れで働きたい方
✔ 未経験から手に職をつけたい方

＝＝＝＝＝＝＝＝＝＝＝＝＝＝＝
《✼応募について✼》

✔ 経験・資格は必要ありません
✔ 給与・勤務時間・シフト・待遇の詳細は応募後にご案内します
✔ 気になる点だけのお問い合わせも歓迎します"
亀島,愛知県名古屋市中村区亀島,重いものナシ◎倉庫での検品スタッフ☆,未経験OK｜検品・仕分けスタッフ｜亀島駅エリア,"✦・━━━━━━━━━━━━━━━・✦
＼愛知県名古屋市中村区で募集中／
届いた商品を確かめて、箱に詰める。
未経験からはじめる検品・梱包◎
✦・━━━━━━━━━━━━━━━・✦

「細かい作業は苦手かも」
「覚えることが多そう」

確認する項目はチェックリストに書かれています。

＝＝＝＝＝＝＝＝＝＝＝＝＝＝＝
【✧お仕事の内容✧】

■ 検品（品番・数量・状態の確認）

■ 梱包（緩衝材で包み、指定の箱へ）

■ ラベル貼り（伝票を決められた位置に）

■ 仕分け（届け先ごとに分けて所定の場所へ）

＝＝＝＝＝＝＝＝＝＝＝＝＝＝＝
【✨はじめての方へ✨】

✔ 特別な資格は要りません
✔ 確認する項目は紙とリストで示されます
✔ 重量物の持ち運びはありません
✔ 工程は日によって変わることがあります

＝＝＝＝＝＝＝＝＝＝＝＝＝＝＝
【✧勤務地✧】

愛知県名古屋市中村区亀島（亀島駅エリア）

給与・勤務時間・シフトなどの詳細は、
ご応募後にあらためてご案内します。
「話を聞いてみたい」だけのご応募も歓迎します。","《✼作業のすすめ方✼》

✅ ① 作業台まわりで完結します
商品は作業台まで運ばれてきます。
倉庫内を歩き回る作業ではありません。

✅ ② はじめは簡単な工程から
ラベル貼りや数量の確認など、
覚えやすい工程からお任せします。

✅ ③ 相談できる距離で働けます
分からないことはその場で確認できる環境です。

＝＝＝＝＝＝＝＝＝＝＝＝＝＝＝
《✼向いている方✼》

✔ 丁寧に作業できる方
✔ 決まった流れで働きたい方
✔ 未経験から手に職をつけたい方

＝＝＝＝＝＝＝＝＝＝＝＝＝＝＝
《✼応募について✼》

✔ 経験・資格は必要ありません
✔ 給与・勤務時間・シフト・待遇の詳細は応募後にご案内します
✔ 気になる点だけのお問い合わせも歓迎します"
本陣,愛知県名古屋市中村区本陣通,コツコツ派歓迎◎倉庫での検品スタッフ♪,未経験歓迎｜検品・仕分けスタッフ｜本陣駅エリア,"✦・━━━━━━━━━━━━━━━・✦
＼愛知県名古屋市中村区で募集中／
手順は決まっています。
倉庫内の検品・梱包スタッフ募集◎
✦・━━━━━━━━━━━━━━━・✦

「細かい作業は苦手かも」
「覚えることが多そう」

確認する項目はチェックリストに書かれています。

＝＝＝＝＝＝＝＝＝＝＝＝＝＝＝
【✧お仕事の内容✧】

■ 検品
伝票やチェックリストと照らして、品番と数量を確認します。

■ 梱包
商品を緩衝材で包み、指定のサイズの箱に詰めます。

■ ラベル貼り
送り先の伝票やラベルを、決められた位置に貼ります。

■ 仕分け
届け先ごとに商品を分け、所定の場所に置きます。

＝＝＝＝＝＝＝＝＝＝＝＝＝＝＝
【✨はじめての方へ✨】

✔ 特別な資格は要りません
✔ 確認する項目は紙とリストで示されます
✔ 重量物の持ち運びはありません
✔ 工程は日によって変わることがあります

＝＝＝＝＝＝＝＝＝＝＝＝＝＝＝
【✧勤務地✧】

愛知県名古屋市中村区本陣通（本陣駅エリア）

給与・勤務時間・シフトなどの詳細は、
ご応募後にあらためてご案内します。
ご不明な点はご応募後にご説明します。","《✼このお仕事の特徴✼》

✅ ① 決まった手順の繰り返しです
同じ流れを繰り返すので、覚えてしまえば迷いません。

✅ ② 細かい違いに気づける方に向いています
傷・汚れ・数量の違いを見つけるのが役割です。

✅ ③ 担当を少しずつ広げられます
慣れてきたら別の工程もお願いすることがあります。

＝＝＝＝＝＝＝＝＝＝＝＝＝＝＝
《✼向いている方✼》

✔ 丁寧に作業できる方
✔ 決まった流れで働きたい方
✔ 未経験から手に職をつけたい方

＝＝＝＝＝＝＝＝＝＝＝＝＝＝＝
《✼応募について✼》

✔ 経験・資格は必要ありません
✔ 給与・勤務時間・シフト・待遇の詳細は応募後にご案内します
✔ 気になる点だけのお問い合わせも歓迎します"
中村日赤,愛知県名古屋市中村区道下町,駅チカ勤務◎倉庫での検品スタッフ◎,経験不問｜検品・仕分けスタッフ｜中村日赤駅エリア,"✦・━━━━━━━━━━━━━━━・✦
＼愛知県名古屋市中村区で募集中／
話すより手を動かしたい方へ。
もくもく進める検品・梱包◎
✦・━━━━━━━━━━━━━━━・✦

「細かい作業は苦手かも」
「覚えることが多そう」

確認する項目はチェックリストに書かれています。

＝＝＝＝＝＝＝＝＝＝＝＝＝＝＝
【✧お仕事の内容✧】

■ 検品
伝票やチェックリストと照らして、品番と数量を確認します。

■ 梱包
商品を緩衝材で包み、指定のサイズの箱に詰めます。

■ ラベル貼り
送り先の伝票やラベルを、決められた位置に貼ります。

■ 仕分け
届け先ごとに商品を分け、所定の場所に置きます。

＝＝＝＝＝＝＝＝＝＝＝＝＝＝＝
【✨はじめての方へ✨】

✔ 未経験からはじめた方が多い工程です
✔ 作業の順番は決まっています
✔ 接客はありません
✔ 分からないときはすぐ聞けます

＝＝＝＝＝＝＝＝＝＝＝＝＝＝＝
【✧勤務地✧】

愛知県名古屋市中村区道下町（中村日赤駅エリア）

給与・勤務時間・シフトなどの詳細は、
ご応募後にあらためてご案内します。
ご不明な点はご応募後にご説明します。","《✼ここがはじめやすい✼》

✅ ① 決まった手順の繰り返しです
同じ流れを繰り返すので、覚えてしまえば迷いません。

✅ ② 細かい違いに気づける方に向いています
傷・汚れ・数量の違いを見つけるのが役割です。

✅ ③ 担当を少しずつ広げられます
慣れてきたら別の工程もお願いすることがあります。

＝＝＝＝＝＝＝＝＝＝＝＝＝＝＝
《✼向いている方✼》

✔ 丁寧に作業できる方
✔ 決まった流れで働きたい方
✔ 未経験から手に職をつけたい方

＝＝＝＝＝＝＝＝＝＝＝＝＝＝＝
《✼応募について✼》

✔ 経験・資格は必要ありません
✔ 給与・勤務時間・シフト・待遇の詳細は応募後にご案内します
✔ 気になる点だけのお問い合わせも歓迎します"
岩塚,愛知県名古屋市中村区岩塚町,はじめてOK◎倉庫での検品スタッフ！,はじめてOK｜検品・仕分けスタッフ｜岩塚駅エリア,"✦・━━━━━━━━━━━━━━━・✦
＼愛知県名古屋市中村区で募集中／
まずは1工程から。
検品・梱包スタッフ募集◎
✦・━━━━━━━━━━━━━━━・✦

「細かい作業は苦手かも」
「覚えることが多そう」

確認する項目はチェックリストに書かれています。

＝＝＝＝＝＝＝＝＝＝＝＝＝＝＝
【✧お仕事の内容✧】

■ 商品を受け取る
作業台に運ばれてきた商品を受け取ります。

■ 状態を見る
傷・汚れ・数量の違いがないかを確認します。

■ 箱に詰める
緩衝材で包み、指定の箱に入れて封をします。

■ ラベルを貼る
伝票を所定の位置に貼って、次の工程へ回します。

＝＝＝＝＝＝＝＝＝＝＝＝＝＝＝
【✨はじめての方へ✨】

✔ 未経験からはじめた方が多い工程です
✔ 作業の順番は決まっています
✔ 接客はありません
✔ 分からないときはすぐ聞けます

＝＝＝＝＝＝＝＝＝＝＝＝＝＝＝
【✧勤務地✧】

愛知県名古屋市中村区岩塚町（岩塚駅エリア）

給与・勤務時間・シフトなどの詳細は、
ご応募後にあらためてご案内します。
ご不明な点はご応募後にご説明します。","《✼働き方のポイント✼》

✅ ① 決まった手順の繰り返しです
同じ流れを繰り返すので、覚えてしまえば迷いません。

✅ ② 細かい違いに気づける方に向いています
傷・汚れ・数量の違いを見つけるのが役割です。

✅ ③ 担当を少しずつ広げられます
慣れてきたら別の工程もお願いすることがあります。

＝＝＝＝＝＝＝＝＝＝＝＝＝＝＝
《✼向いている方✼》

✔ 丁寧に作業できる方
✔ 決まった流れで働きたい方
✔ 未経験から手に職をつけたい方

＝＝＝＝＝＝＝＝＝＝＝＝＝＝＝
《✼応募について✼》

✔ 経験・資格は必要ありません
✔ 給与・勤務時間・シフト・待遇の詳細は応募後にご案内します
✔ 気になる点だけのお問い合わせも歓迎します"
八田,愛知県名古屋市中川区八田本町,1工程から◎倉庫での検品スタッフ☆,未経験スタート｜検品・仕分けスタッフ｜八田駅エリア,"✦・━━━━━━━━━━━━━━━・✦
＼愛知県名古屋市中川区で募集中／
重いものを運ぶ作業はありません。
からだに負担の少ない検品・梱包◎
✦・━━━━━━━━━━━━━━━・✦

「細かい作業は苦手かも」
「覚えることが多そう」

確認する項目はチェックリストに書かれています。

＝＝＝＝＝＝＝＝＝＝＝＝＝＝＝
【✧お仕事の内容✧】

■ 商品を受け取る
作業台に運ばれてきた商品を受け取ります。

■ 状態を見る
傷・汚れ・数量の違いがないかを確認します。

■ 箱に詰める
緩衝材で包み、指定の箱に入れて封をします。

■ ラベルを貼る
伝票を所定の位置に貼って、次の工程へ回します。

＝＝＝＝＝＝＝＝＝＝＝＝＝＝＝
【✨はじめての方へ✨】

✔ 未経験からはじめた方が多い工程です
✔ 作業の順番は決まっています
✔ 接客はありません
✔ 分からないときはすぐ聞けます

＝＝＝＝＝＝＝＝＝＝＝＝＝＝＝
【✧勤務地✧】

愛知県名古屋市中川区八田本町（八田駅エリア）

給与・勤務時間・シフトなどの詳細は、
ご応募後にあらためてご案内します。
ご不明な点はご応募後にご説明します。","《✼作業のすすめ方✼》

✅ ① 決まった手順の繰り返しです
同じ流れを繰り返すので、覚えてしまえば迷いません。

✅ ② 細かい違いに気づける方に向いています
傷・汚れ・数量の違いを見つけるのが役割です。

✅ ③ 担当を少しずつ広げられます
慣れてきたら別の工程もお願いすることがあります。

＝＝＝＝＝＝＝＝＝＝＝＝＝＝＝
《✼向いている方✼》

✔ 丁寧に作業できる方
✔ 決まった流れで働きたい方
✔ 未経験から手に職をつけたい方

＝＝＝＝＝＝＝＝＝＝＝＝＝＝＝
《✼応募について✼》

✔ 経験・資格は必要ありません
✔ 給与・勤務時間・シフト・待遇の詳細は応募後にご案内します
✔ 気になる点だけのお問い合わせも歓迎します"
東海通,愛知県名古屋市港区東海通,未経験OK◎梱包とラベル貼りのお仕事♪,未経験OK｜倉庫内の検品・梱包｜東海通駅エリア,"✦・━━━━━━━━━━━━━━━・✦
＼愛知県名古屋市港区で募集中／
届いた商品を確かめて、箱に詰める。
未経験からはじめる検品・梱包◎
✦・━━━━━━━━━━━━━━━・✦

「人と話す仕事は少し苦手」
「自分のペースで進めたい」

接客も電話対応もありません。手元の作業に集中できます。

＝＝＝＝＝＝＝＝＝＝＝＝＝＝＝
【✧お仕事の内容✧】

■ チェックリストの確認
その日に確認する項目を最初に確かめます。

■ 検品
品番と数量がリストと合っているかを見ます。

■ 梱包・ラベル貼り
包んで箱詰めし、ラベルを貼ります。

■ 記録
確認した項目に印をつけて完了です。

＝＝＝＝＝＝＝＝＝＝＝＝＝＝＝
【✨はじめての方へ✨】

✔ 作業手順はマニュアルで決まっています
✔ 接客や電話対応はありません
✔ 覚える範囲は担当する工程だけです
✔ 分からないことはその場で確認できます

＝＝＝＝＝＝＝＝＝＝＝＝＝＝＝
【✧勤務地✧】

愛知県名古屋市港区東海通（東海通駅エリア）

給与・勤務時間・シフトなどの詳細は、
ご応募後にあらためてご案内します。
ご不明な点はご応募後にご説明します。","《✼このお仕事の特徴✼》

✅ ① 手順が決まっています
何をどの順で確認するかはマニュアルとチェックリストにあります。
自分で判断しなければならない場面はほとんどありません。

✅ ② 接客・電話対応はありません
倉庫内での作業が中心です。
人と話すより手を動かしたい方に向いています。

✅ ③ 1 工程からはじめられます
最初から全工程を覚える必要はありません。
担当する工程から順に慣れていけます。

＝＝＝＝＝＝＝＝＝＝＝＝＝＝＝
《✼向いている方✼》

✔ 自分のペースで進めたい方
✔ 覚える範囲がはっきりしている仕事を探している方
✔ 立ち仕事にも座り作業にも対応できる方

＝＝＝＝＝＝＝＝＝＝＝＝＝＝＝
《✼応募について✼》

✔ 経験・資格は必要ありません
✔ 給与・勤務時間・シフト・待遇の詳細は応募後にご案内します
✔ 気になる点だけのお問い合わせも歓迎します"
六番町,愛知県名古屋市熱田区六番,経験不問◎梱包とラベル貼りのお仕事◎,未経験歓迎｜倉庫内の検品・梱包｜六番町駅エリア,"✦・━━━━━━━━━━━━━━━・✦
＼愛知県名古屋市熱田区で募集中／
手順は決まっています。
倉庫内の検品・梱包スタッフ募集◎
✦・━━━━━━━━━━━━━━━・✦

「人と話す仕事は少し苦手」
「自分のペースで進めたい」

接客も電話対応もありません。手元の作業に集中できます。

＝＝＝＝＝＝＝＝＝＝＝＝＝＝＝
【✧お仕事の内容✧】

■ チェックリストの確認
その日に確認する項目を最初に確かめます。

■ 検品
品番と数量がリストと合っているかを見ます。

■ 梱包・ラベル貼り
包んで箱詰めし、ラベルを貼ります。

■ 記録
確認した項目に印をつけて完了です。

＝＝＝＝＝＝＝＝＝＝＝＝＝＝＝
【✨はじめての方へ✨】

✔ 作業手順はマニュアルで決まっています
✔ 接客や電話対応はありません
✔ 覚える範囲は担当する工程だけです
✔ 分からないことはその場で確認できます

＝＝＝＝＝＝＝＝＝＝＝＝＝＝＝
【✧勤務地✧】

愛知県名古屋市熱田区六番（六番町駅エリア）

給与・勤務時間・シフトなどの詳細は、
ご応募後にあらためてご案内します。
ご不明な点はご応募後にご説明します。","《✼ここがはじめやすい✼》

✅ ① 手順が決まっています
何をどの順で確認するかはマニュアルとチェックリストにあります。
自分で判断しなければならない場面はほとんどありません。

✅ ② 接客・電話対応はありません
倉庫内での作業が中心です。
人と話すより手を動かしたい方に向いています。

✅ ③ 1 工程からはじめられます
最初から全工程を覚える必要はありません。
担当する工程から順に慣れていけます。

＝＝＝＝＝＝＝＝＝＝＝＝＝＝＝
《✼向いている方✼》

✔ 自分のペースで進めたい方
✔ 覚える範囲がはっきりしている仕事を探している方
✔ 立ち仕事にも座り作業にも対応できる方

＝＝＝＝＝＝＝＝＝＝＝＝＝＝＝
《✼応募について✼》

✔ 経験・資格は必要ありません
✔ 給与・勤務時間・シフト・待遇の詳細は応募後にご案内します
✔ 気になる点だけのお問い合わせも歓迎します"
港区役所,愛知県名古屋市港区正保町,もくもく作業◎梱包とラベル貼りのお仕事！,経験不問｜倉庫内の検品・梱包｜港区役所駅エリア,"✦・━━━━━━━━━━━━━━━・✦
＼愛知県名古屋市港区で募集中／
話すより手を動かしたい方へ。
もくもく進める検品・梱包◎
✦・━━━━━━━━━━━━━━━・✦

「人と話す仕事は少し苦手」
「自分のペースで進めたい」

接客も電話対応もありません。手元の作業に集中できます。

＝＝＝＝＝＝＝＝＝＝＝＝＝＝＝
【✧お仕事の内容✧】

■ 検品（品番・数量・状態の確認）

■ 梱包（緩衝材で包み、指定の箱へ）

■ ラベル貼り（伝票を決められた位置に）

■ 仕分け（届け先ごとに分けて所定の場所へ）

＝＝＝＝＝＝＝＝＝＝＝＝＝＝＝
【✨はじめての方へ✨】

✔ 作業手順はマニュアルで決まっています
✔ 接客や電話対応はありません
✔ 覚える範囲は担当する工程だけです
✔ 分からないことはその場で確認できます

＝＝＝＝＝＝＝＝＝＝＝＝＝＝＝
【✧勤務地✧】

愛知県名古屋市港区正保町（港区役所駅エリア）

給与・勤務時間・シフトなどの詳細は、
ご応募後にあらためてご案内します。
ご不明な点はご応募後にご説明します。","《✼働き方のポイント✼》

✅ ① 手順が決まっています
何をどの順で確認するかはマニュアルとチェックリストにあります。
自分で判断しなければならない場面はほとんどありません。

✅ ② 接客・電話対応はありません
倉庫内での作業が中心です。
人と話すより手を動かしたい方に向いています。

✅ ③ 1 工程からはじめられます
最初から全工程を覚える必要はありません。
担当する工程から順に慣れていけます。

＝＝＝＝＝＝＝＝＝＝＝＝＝＝＝
《✼向いている方✼》

✔ 自分のペースで進めたい方
✔ 覚える範囲がはっきりしている仕事を探している方
✔ 立ち仕事にも座り作業にも対応できる方

＝＝＝＝＝＝＝＝＝＝＝＝＝＝＝
《✼応募について✼》

✔ 経験・資格は必要ありません
✔ 給与・勤務時間・シフト・待遇の詳細は応募後にご案内します
✔ 気になる点だけのお問い合わせも歓迎します"
築地口,愛知県名古屋市港区築地町,接客なし◎梱包とラベル貼りのお仕事☆,はじめてOK｜倉庫内の検品・梱包｜築地口駅エリア,"✦・━━━━━━━━━━━━━━━・✦
＼愛知県名古屋市港区で募集中／
まずは1工程から。
検品・梱包スタッフ募集◎
✦・━━━━━━━━━━━━━━━・✦

「人と話す仕事は少し苦手」
「自分のペースで進めたい」

接客も電話対応もありません。手元の作業に集中できます。

＝＝＝＝＝＝＝＝＝＝＝＝＝＝＝
【✧お仕事の内容✧】

■ 検品（品番・数量・状態の確認）

■ 梱包（緩衝材で包み、指定の箱へ）

■ ラベル貼り（伝票を決められた位置に）

■ 仕分け（届け先ごとに分けて所定の場所へ）

＝＝＝＝＝＝＝＝＝＝＝＝＝＝＝
【✨はじめての方へ✨】

✔ 経験・資格は必要ありません
✔ 判断の基準はチェックリストにあります
✔ 扱うのは片手で持てるサイズが中心です
✔ 担当する工程から順に覚えられます

＝＝＝＝＝＝＝＝＝＝＝＝＝＝＝
【✧勤務地✧】

愛知県名古屋市港区築地町（築地口駅エリア）

給与・勤務時間・シフトなどの詳細は、
ご応募後にあらためてご案内します。
まずは仕事内容を知るところからで大丈夫です。","《✼作業のすすめ方✼》

✅ ① 手順が決まっています
何をどの順で確認するかはマニュアルとチェックリストにあります。
自分で判断しなければならない場面はほとんどありません。

✅ ② 接客・電話対応はありません
倉庫内での作業が中心です。
人と話すより手を動かしたい方に向いています。

✅ ③ 1 工程からはじめられます
最初から全工程を覚える必要はありません。
担当する工程から順に慣れていけます。

＝＝＝＝＝＝＝＝＝＝＝＝＝＝＝
《✼向いている方✼》

✔ 自分のペースで進めたい方
✔ 覚える範囲がはっきりしている仕事を探している方
✔ 立ち仕事にも座り作業にも対応できる方

＝＝＝＝＝＝＝＝＝＝＝＝＝＝＝
《✼応募について✼》

✔ 経験・資格は必要ありません
✔ 給与・勤務時間・シフト・待遇の詳細は応募後にご案内します
✔ 気になる点だけのお問い合わせも歓迎します"
名古屋港,愛知県名古屋市港区港町,手順はシンプル◎梱包とラベル貼りのお仕事♪,未経験スタート｜倉庫内の検品・梱包｜名古屋港駅エリア,"✦・━━━━━━━━━━━━━━━・✦
＼愛知県名古屋市港区で募集中／
重いものを運ぶ作業はありません。
からだに負担の少ない検品・梱包◎
✦・━━━━━━━━━━━━━━━・✦

「人と話す仕事は少し苦手」
「自分のペースで進めたい」

接客も電話対応もありません。手元の作業に集中できます。

＝＝＝＝＝＝＝＝＝＝＝＝＝＝＝
【✧お仕事の内容✧】

■ 検品
伝票やチェックリストと照らして、品番と数量を確認します。

■ 梱包
商品を緩衝材で包み、指定のサイズの箱に詰めます。

■ ラベル貼り
送り先の伝票やラベルを、決められた位置に貼ります。

■ 仕分け
届け先ごとに商品を分け、所定の場所に置きます。

＝＝＝＝＝＝＝＝＝＝＝＝＝＝＝
【✨はじめての方へ✨】

✔ 経験・資格は必要ありません
✔ 判断の基準はチェックリストにあります
✔ 扱うのは片手で持てるサイズが中心です
✔ 担当する工程から順に覚えられます

＝＝＝＝＝＝＝＝＝＝＝＝＝＝＝
【✧勤務地✧】

愛知県名古屋市港区港町（名古屋港駅エリア）

給与・勤務時間・シフトなどの詳細は、
ご応募後にあらためてご案内します。
まずは仕事内容を知るところからで大丈夫です。","《✼このお仕事の特徴✼》

✅ ① 経験も資格も要りません
検品・梱包のどちらも、決まった手順に沿って進めます。
はじめての方でも取りかかれます。

✅ ② 重いものを運ぶ作業はありません
扱うのは片手で持てるサイズの商品が中心です。

✅ ③ 覚える範囲がはっきりしています
担当する工程が決まっているので、
何を覚えればよいかが最初から分かります。

＝＝＝＝＝＝＝＝＝＝＝＝＝＝＝
《✼向いている方✼》

✔ 自分のペースで進めたい方
✔ 覚える範囲がはっきりしている仕事を探している方
✔ 立ち仕事にも座り作業にも対応できる方

＝＝＝＝＝＝＝＝＝＝＝＝＝＝＝
《✼応募について✼》

✔ 経験・資格は必要ありません
✔ 給与・勤務時間・シフト・待遇の詳細は応募後にご案内します
✔ 気になる点だけのお問い合わせも歓迎します"
日比野,愛知県名古屋市熱田区四番,重いものナシ◎梱包とラベル貼りのお仕事◎,未経験OK｜検品・梱包スタッフ｜日比野駅エリア,"✦・━━━━━━━━━━━━━━━・✦
＼愛知県名古屋市熱田区で募集中／
届いた商品を確かめて、箱に詰める。
未経験からはじめる検品・梱包◎
✦・━━━━━━━━━━━━━━━・✦

「未経験だと迷惑をかけそう」
「すぐに戦力になれる自信がない」

最初は 1 つの工程から。慣れてきたら範囲を広げます。

＝＝＝＝＝＝＝＝＝＝＝＝＝＝＝
【✧お仕事の内容✧】

■ 検品
伝票やチェックリストと照らして、品番と数量を確認します。

■ 梱包
商品を緩衝材で包み、指定のサイズの箱に詰めます。

■ ラベル貼り
送り先の伝票やラベルを、決められた位置に貼ります。

■ 仕分け
届け先ごとに商品を分け、所定の場所に置きます。

＝＝＝＝＝＝＝＝＝＝＝＝＝＝＝
【✨はじめての方へ✨】

✔ 経験・資格は必要ありません
✔ 判断の基準はチェックリストにあります
✔ 扱うのは片手で持てるサイズが中心です
✔ 担当する工程から順に覚えられます

＝＝＝＝＝＝＝＝＝＝＝＝＝＝＝
【✧勤務地✧】

愛知県名古屋市熱田区四番（日比野駅エリア）

給与・勤務時間・シフトなどの詳細は、
ご応募後にあらためてご案内します。
まずは仕事内容を知るところからで大丈夫です。","《✼ここがはじめやすい✼》

✅ ① 経験も資格も要りません
検品・梱包のどちらも、決まった手順に沿って進めます。
はじめての方でも取りかかれます。

✅ ② 重いものを運ぶ作業はありません
扱うのは片手で持てるサイズの商品が中心です。

✅ ③ 覚える範囲がはっきりしています
担当する工程が決まっているので、
何を覚えればよいかが最初から分かります。

＝＝＝＝＝＝＝＝＝＝＝＝＝＝＝
《✼向いている方✼》

✔ 自分のペースで進めたい方
✔ 覚える範囲がはっきりしている仕事を探している方
✔ 立ち仕事にも座り作業にも対応できる方

＝＝＝＝＝＝＝＝＝＝＝＝＝＝＝
《✼応募について✼》

✔ 経験・資格は必要ありません
✔ 給与・勤務時間・シフト・待遇の詳細は応募後にご案内します
✔ 気になる点だけのお問い合わせも歓迎します"
伝馬町,愛知県名古屋市熱田区伝馬,コツコツ派歓迎◎梱包とラベル貼りのお仕事！,未経験歓迎｜検品・梱包スタッフ｜伝馬町駅エリア,"✦・━━━━━━━━━━━━━━━・✦
＼愛知県名古屋市熱田区で募集中／
手順は決まっています。
倉庫内の検品・梱包スタッフ募集◎
✦・━━━━━━━━━━━━━━━・✦

「未経験だと迷惑をかけそう」
「すぐに戦力になれる自信がない」

最初は 1 つの工程から。慣れてきたら範囲を広げます。

＝＝＝＝＝＝＝＝＝＝＝＝＝＝＝
【✧お仕事の内容✧】

■ 商品を受け取る
作業台に運ばれてきた商品を受け取ります。

■ 状態を見る
傷・汚れ・数量の違いがないかを確認します。

■ 箱に詰める
緩衝材で包み、指定の箱に入れて封をします。

■ ラベルを貼る
伝票を所定の位置に貼って、次の工程へ回します。

＝＝＝＝＝＝＝＝＝＝＝＝＝＝＝
【✨はじめての方へ✨】

✔ はじめは 1 つの工程からお任せします
✔ 手順が決まっているので迷いません
✔ もくもく進めたい方に向いています
✔ 慣れてきたら担当を広げられます

＝＝＝＝＝＝＝＝＝＝＝＝＝＝＝
【✧勤務地✧】

愛知県名古屋市熱田区伝馬（伝馬町駅エリア）

給与・勤務時間・シフトなどの詳細は、
ご応募後にあらためてご案内します。
まずは仕事内容を知るところからで大丈夫です。","《✼働き方のポイント✼》

✅ ① 経験も資格も要りません
検品・梱包のどちらも、決まった手順に沿って進めます。
はじめての方でも取りかかれます。

✅ ② 重いものを運ぶ作業はありません
扱うのは片手で持てるサイズの商品が中心です。

✅ ③ 覚える範囲がはっきりしています
担当する工程が決まっているので、
何を覚えればよいかが最初から分かります。

＝＝＝＝＝＝＝＝＝＝＝＝＝＝＝
《✼向いている方✼》

✔ 自分のペースで進めたい方
✔ 覚える範囲がはっきりしている仕事を探している方
✔ 立ち仕事にも座り作業にも対応できる方

＝＝＝＝＝＝＝＝＝＝＝＝＝＝＝
《✼応募について✼》

✔ 経験・資格は必要ありません
✔ 給与・勤務時間・シフト・待遇の詳細は応募後にご案内します
✔ 気になる点だけのお問い合わせも歓迎します"
堀田,愛知県名古屋市瑞穂区堀田通,駅チカ勤務◎梱包とラベル貼りのお仕事☆,経験不問｜検品・梱包スタッフ｜堀田駅エリア,"✦・━━━━━━━━━━━━━━━・✦
＼愛知県名古屋市瑞穂区で募集中／
話すより手を動かしたい方へ。
もくもく進める検品・梱包◎
✦・━━━━━━━━━━━━━━━・✦

「未経験だと迷惑をかけそう」
「すぐに戦力になれる自信がない」

最初は 1 つの工程から。慣れてきたら範囲を広げます。

＝＝＝＝＝＝＝＝＝＝＝＝＝＝＝
【✧お仕事の内容✧】

■ 商品を受け取る
作業台に運ばれてきた商品を受け取ります。

■ 状態を見る
傷・汚れ・数量の違いがないかを確認します。

■ 箱に詰める
緩衝材で包み、指定の箱に入れて封をします。

■ ラベルを貼る
伝票を所定の位置に貼って、次の工程へ回します。

＝＝＝＝＝＝＝＝＝＝＝＝＝＝＝
【✨はじめての方へ✨】

✔ はじめは 1 つの工程からお任せします
✔ 手順が決まっているので迷いません
✔ もくもく進めたい方に向いています
✔ 慣れてきたら担当を広げられます

＝＝＝＝＝＝＝＝＝＝＝＝＝＝＝
【✧勤務地✧】

愛知県名古屋市瑞穂区堀田通（堀田駅エリア）

給与・勤務時間・シフトなどの詳細は、
ご応募後にあらためてご案内します。
まずは仕事内容を知るところからで大丈夫です。","《✼作業のすすめ方✼》

✅ ① 経験も資格も要りません
検品・梱包のどちらも、決まった手順に沿って進めます。
はじめての方でも取りかかれます。

✅ ② 重いものを運ぶ作業はありません
扱うのは片手で持てるサイズの商品が中心です。

✅ ③ 覚える範囲がはっきりしています
担当する工程が決まっているので、
何を覚えればよいかが最初から分かります。

＝＝＝＝＝＝＝＝＝＝＝＝＝＝＝
《✼向いている方✼》

✔ 自分のペースで進めたい方
✔ 覚える範囲がはっきりしている仕事を探している方
✔ 立ち仕事にも座り作業にも対応できる方

＝＝＝＝＝＝＝＝＝＝＝＝＝＝＝
《✼応募について✼》

✔ 経験・資格は必要ありません
✔ 給与・勤務時間・シフト・待遇の詳細は応募後にご案内します
✔ 気になる点だけのお問い合わせも歓迎します"
神宮西,愛知県名古屋市熱田区森後町,はじめてOK◎梱包とラベル貼りのお仕事♪,はじめてOK｜検品・梱包スタッフ｜神宮西駅エリア,"✦・━━━━━━━━━━━━━━━・✦
＼愛知県名古屋市熱田区で募集中／
まずは1工程から。
検品・梱包スタッフ募集◎
✦・━━━━━━━━━━━━━━━・✦

「未経験だと迷惑をかけそう」
「すぐに戦力になれる自信がない」

最初は 1 つの工程から。慣れてきたら範囲を広げます。

＝＝＝＝＝＝＝＝＝＝＝＝＝＝＝
【✧お仕事の内容✧】

■ チェックリストの確認
その日に確認する項目を最初に確かめます。

■ 検品
品番と数量がリストと合っているかを見ます。

■ 梱包・ラベル貼り
包んで箱詰めし、ラベルを貼ります。

■ 記録
確認した項目に印をつけて完了です。

＝＝＝＝＝＝＝＝＝＝＝＝＝＝＝
【✨はじめての方へ✨】

✔ はじめは 1 つの工程からお任せします
✔ 手順が決まっているので迷いません
✔ もくもく進めたい方に向いています
✔ 慣れてきたら担当を広げられます

＝＝＝＝＝＝＝＝＝＝＝＝＝＝＝
【✧勤務地✧】

愛知県名古屋市熱田区森後町（神宮西駅エリア）

給与・勤務時間・シフトなどの詳細は、
ご応募後にあらためてご案内します。
まずは仕事内容を知るところからで大丈夫です。","《✼このお仕事の特徴✼》

✅ ① 判断の基準は紙にあります
品番と数量はチェックリストと照らして確認します。
記憶に頼る場面はありません。

✅ ② もくもく進められます
接客も電話対応もありません。
自分のペースで手を動かせます。

✅ ③ 工程は日によって変わることがあります
検品・梱包・ラベル貼り・仕分けのいずれかを担当します。

＝＝＝＝＝＝＝＝＝＝＝＝＝＝＝
《✼向いている方✼》

✔ 自分のペースで進めたい方
✔ 覚える範囲がはっきりしている仕事を探している方
✔ 立ち仕事にも座り作業にも対応できる方

＝＝＝＝＝＝＝＝＝＝＝＝＝＝＝
《✼応募について✼》

✔ 経験・資格は必要ありません
✔ 給与・勤務時間・シフト・待遇の詳細は応募後にご案内します
✔ 気になる点だけのお問い合わせも歓迎します"
市役所,愛知県名古屋市中区三の丸,1工程から◎梱包とラベル貼りのお仕事◎,未経験スタート｜検品・梱包スタッフ｜市役所駅エリア,"✦・━━━━━━━━━━━━━━━・✦
＼愛知県名古屋市中区で募集中／
重いものを運ぶ作業はありません。
からだに負担の少ない検品・梱包◎
✦・━━━━━━━━━━━━━━━・✦

「未経験だと迷惑をかけそう」
「すぐに戦力になれる自信がない」

最初は 1 つの工程から。慣れてきたら範囲を広げます。

＝＝＝＝＝＝＝＝＝＝＝＝＝＝＝
【✧お仕事の内容✧】

■ チェックリストの確認
その日に確認する項目を最初に確かめます。

■ 検品
品番と数量がリストと合っているかを見ます。

■ 梱包・ラベル貼り
包んで箱詰めし、ラベルを貼ります。

■ 記録
確認した項目に印をつけて完了です。

＝＝＝＝＝＝＝＝＝＝＝＝＝＝＝
【✨はじめての方へ✨】

✔ 特別な資格は要りません
✔ 確認する項目は紙とリストで示されます
✔ 重量物の持ち運びはありません
✔ 工程は日によって変わることがあります

＝＝＝＝＝＝＝＝＝＝＝＝＝＝＝
【✧勤務地✧】

愛知県名古屋市中区三の丸（市役所駅エリア）

給与・勤務時間・シフトなどの詳細は、
ご応募後にあらためてご案内します。
まずは仕事内容を知るところからで大丈夫です。","《✼ここがはじめやすい✼》

✅ ① 判断の基準は紙にあります
品番と数量はチェックリストと照らして確認します。
記憶に頼る場面はありません。

✅ ② もくもく進められます
接客も電話対応もありません。
自分のペースで手を動かせます。

✅ ③ 工程は日によって変わることがあります
検品・梱包・ラベル貼り・仕分けのいずれかを担当します。

＝＝＝＝＝＝＝＝＝＝＝＝＝＝＝
《✼向いている方✼》

✔ 自分のペースで進めたい方
✔ 覚える範囲がはっきりしている仕事を探している方
✔ 立ち仕事にも座り作業にも対応できる方

＝＝＝＝＝＝＝＝＝＝＝＝＝＝＝
《✼応募について✼》

✔ 経験・資格は必要ありません
✔ 給与・勤務時間・シフト・待遇の詳細は応募後にご案内します
✔ 気になる点だけのお問い合わせも歓迎します"
名城公園,愛知県名古屋市北区名城,未経験OK◎商品チェックと箱詰め！,未経験OK｜梱包・ラベル貼り｜名城公園駅エリア,"✦・━━━━━━━━━━━━━━━・✦
＼愛知県名古屋市北区で募集中／
届いた商品を確かめて、箱に詰める。
未経験からはじめる検品・梱包◎
✦・━━━━━━━━━━━━━━━・✦

「立ちっぱなしはきつい」
「腰を痛めたことがある」

重量物の持ち運びはありません。座り作業の工程もあります。

＝＝＝＝＝＝＝＝＝＝＝＝＝＝＝
【✧お仕事の内容✧】

■ 検品（品番・数量・状態の確認）

■ 梱包（緩衝材で包み、指定の箱へ）

■ ラベル貼り（伝票を決められた位置に）

■ 仕分け（届け先ごとに分けて所定の場所へ）

＝＝＝＝＝＝＝＝＝＝＝＝＝＝＝
【✨はじめての方へ✨】

✔ 特別な資格は要りません
✔ 確認する項目は紙とリストで示されます
✔ 重量物の持ち運びはありません
✔ 工程は日によって変わることがあります

＝＝＝＝＝＝＝＝＝＝＝＝＝＝＝
【✧勤務地✧】

愛知県名古屋市北区名城（名城公園駅エリア）

給与・勤務時間・シフトなどの詳細は、
ご応募後にあらためてご案内します。
まずはお気軽にご応募ください。","《✼働き方のポイント✼》

✅ ① 判断の基準は紙にあります
品番と数量はチェックリストと照らして確認します。
記憶に頼る場面はありません。

✅ ② もくもく進められます
接客も電話対応もありません。
自分のペースで手を動かせます。

✅ ③ 工程は日によって変わることがあります
検品・梱包・ラベル貼り・仕分けのいずれかを担当します。

＝＝＝＝＝＝＝＝＝＝＝＝＝＝＝
《✼向いている方✼》

✔ 自分のペースで進めたい方
✔ 覚える範囲がはっきりしている仕事を探している方
✔ 立ち仕事にも座り作業にも対応できる方

＝＝＝＝＝＝＝＝＝＝＝＝＝＝＝
《✼応募について✼》

✔ 経験・資格は必要ありません
✔ 給与・勤務時間・シフト・待遇の詳細は応募後にご案内します
✔ 気になる点だけのお問い合わせも歓迎します"
志賀本通,愛知県名古屋市北区志賀町,経験不問◎商品チェックと箱詰め☆,未経験歓迎｜梱包・ラベル貼り｜志賀本通駅エリア,"✦・━━━━━━━━━━━━━━━・✦
＼愛知県名古屋市北区で募集中／
手順は決まっています。
倉庫内の検品・梱包スタッフ募集◎
✦・━━━━━━━━━━━━━━━・✦

「立ちっぱなしはきつい」
「腰を痛めたことがある」

重量物の持ち運びはありません。座り作業の工程もあります。

＝＝＝＝＝＝＝＝＝＝＝＝＝＝＝
【✧お仕事の内容✧】

■ 検品（品番・数量・状態の確認）

■ 梱包（緩衝材で包み、指定の箱へ）

■ ラベル貼り（伝票を決められた位置に）

■ 仕分け（届け先ごとに分けて所定の場所へ）

＝＝＝＝＝＝＝＝＝＝＝＝＝＝＝
【✨はじめての方へ✨】

✔ 特別な資格は要りません
✔ 確認する項目は紙とリストで示されます
✔ 重量物の持ち運びはありません
✔ 工程は日によって変わることがあります

＝＝＝＝＝＝＝＝＝＝＝＝＝＝＝
【✧勤務地✧】

愛知県名古屋市北区志賀町（志賀本通駅エリア）

給与・勤務時間・シフトなどの詳細は、
ご応募後にあらためてご案内します。
まずはお気軽にご応募ください。","《✼作業のすすめ方✼》

✅ ① 判断の基準は紙にあります
品番と数量はチェックリストと照らして確認します。
記憶に頼る場面はありません。

✅ ② もくもく進められます
接客も電話対応もありません。
自分のペースで手を動かせます。

✅ ③ 工程は日によって変わることがあります
検品・梱包・ラベル貼り・仕分けのいずれかを担当します。

＝＝＝＝＝＝＝＝＝＝＝＝＝＝＝
《✼向いている方✼》

✔ 自分のペースで進めたい方
✔ 覚える範囲がはっきりしている仕事を探している方
✔ 立ち仕事にも座り作業にも対応できる方

＝＝＝＝＝＝＝＝＝＝＝＝＝＝＝
《✼応募について✼》

✔ 経験・資格は必要ありません
✔ 給与・勤務時間・シフト・待遇の詳細は応募後にご案内します
✔ 気になる点だけのお問い合わせも歓迎します"
砂田橋,愛知県名古屋市東区砂田橋,もくもく作業◎商品チェックと箱詰め♪,経験不問｜梱包・ラベル貼り｜砂田橋駅エリア,"✦・━━━━━━━━━━━━━━━・✦
＼愛知県名古屋市東区で募集中／
話すより手を動かしたい方へ。
もくもく進める検品・梱包◎
✦・━━━━━━━━━━━━━━━・✦

「立ちっぱなしはきつい」
「腰を痛めたことがある」

重量物の持ち運びはありません。座り作業の工程もあります。

＝＝＝＝＝＝＝＝＝＝＝＝＝＝＝
【✧お仕事の内容✧】

■ 検品
伝票やチェックリストと照らして、品番と数量を確認します。

■ 梱包
商品を緩衝材で包み、指定のサイズの箱に詰めます。

■ ラベル貼り
送り先の伝票やラベルを、決められた位置に貼ります。

■ 仕分け
届け先ごとに商品を分け、所定の場所に置きます。

＝＝＝＝＝＝＝＝＝＝＝＝＝＝＝
【✨はじめての方へ✨】

✔ 未経験からはじめた方が多い工程です
✔ 作業の順番は決まっています
✔ 接客はありません
✔ 分からないときはすぐ聞けます

＝＝＝＝＝＝＝＝＝＝＝＝＝＝＝
【✧勤務地✧】

愛知県名古屋市東区砂田橋（砂田橋駅エリア）

給与・勤務時間・シフトなどの詳細は、
ご応募後にあらためてご案内します。
まずはお気軽にご応募ください。","《✼このお仕事の特徴✼》

✅ ① 作業台まわりで完結します
商品は作業台まで運ばれてきます。
倉庫内を歩き回る作業ではありません。

✅ ② はじめは簡単な工程から
ラベル貼りや数量の確認など、
覚えやすい工程からお任せします。

✅ ③ 相談できる距離で働けます
分からないことはその場で確認できる環境です。

＝＝＝＝＝＝＝＝＝＝＝＝＝＝＝
《✼向いている方✼》

✔ 自分のペースで進めたい方
✔ 覚える範囲がはっきりしている仕事を探している方
✔ 立ち仕事にも座り作業にも対応できる方

＝＝＝＝＝＝＝＝＝＝＝＝＝＝＝
《✼応募について✼》

✔ 経験・資格は必要ありません
✔ 給与・勤務時間・シフト・待遇の詳細は応募後にご案内します
✔ 気になる点だけのお問い合わせも歓迎します"
ナゴヤドーム前矢田,愛知県名古屋市東区矢田南,接客なし◎商品チェックと箱詰め◎,はじめてOK｜梱包・ラベル貼り｜ナゴヤドーム前矢田駅エリア,"✦・━━━━━━━━━━━━━━━・✦
＼愛知県名古屋市東区で募集中／
まずは1工程から。
検品・梱包スタッフ募集◎
✦・━━━━━━━━━━━━━━━・✦

「立ちっぱなしはきつい」
「腰を痛めたことがある」

重量物の持ち運びはありません。座り作業の工程もあります。

＝＝＝＝＝＝＝＝＝＝＝＝＝＝＝
【✧お仕事の内容✧】

■ 検品
伝票やチェックリストと照らして、品番と数量を確認します。

■ 梱包
商品を緩衝材で包み、指定のサイズの箱に詰めます。

■ ラベル貼り
送り先の伝票やラベルを、決められた位置に貼ります。

■ 仕分け
届け先ごとに商品を分け、所定の場所に置きます。

＝＝＝＝＝＝＝＝＝＝＝＝＝＝＝
【✨はじめての方へ✨】

✔ 未経験からはじめた方が多い工程です
✔ 作業の順番は決まっています
✔ 接客はありません
✔ 分からないときはすぐ聞けます

＝＝＝＝＝＝＝＝＝＝＝＝＝＝＝
【✧勤務地✧】

愛知県名古屋市東区矢田南（ナゴヤドーム前矢田駅エリア）

給与・勤務時間・シフトなどの詳細は、
ご応募後にあらためてご案内します。
まずはお気軽にご応募ください。","《✼ここがはじめやすい✼》

✅ ① 作業台まわりで完結します
商品は作業台まで運ばれてきます。
倉庫内を歩き回る作業ではありません。

✅ ② はじめは簡単な工程から
ラベル貼りや数量の確認など、
覚えやすい工程からお任せします。

✅ ③ 相談できる距離で働けます
分からないことはその場で確認できる環境です。

＝＝＝＝＝＝＝＝＝＝＝＝＝＝＝
《✼向いている方✼》

✔ 自分のペースで進めたい方
✔ 覚える範囲がはっきりしている仕事を探している方
✔ 立ち仕事にも座り作業にも対応できる方

＝＝＝＝＝＝＝＝＝＝＝＝＝＝＝
《✼応募について✼》

✔ 経験・資格は必要ありません
✔ 給与・勤務時間・シフト・待遇の詳細は応募後にご案内します
✔ 気になる点だけのお問い合わせも歓迎します"
茶屋ヶ坂,愛知県名古屋市千種区茶屋が坂,手順はシンプル◎商品チェックと箱詰め！,未経験スタート｜梱包・ラベル貼り｜茶屋ヶ坂駅エリア,"✦・━━━━━━━━━━━━━━━・✦
＼愛知県名古屋市千種区で募集中／
重いものを運ぶ作業はありません。
からだに負担の少ない検品・梱包◎
✦・━━━━━━━━━━━━━━━・✦

「立ちっぱなしはきつい」
「腰を痛めたことがある」

重量物の持ち運びはありません。座り作業の工程もあります。

＝＝＝＝＝＝＝＝＝＝＝＝＝＝＝
【✧お仕事の内容✧】

■ 商品を受け取る
作業台に運ばれてきた商品を受け取ります。

■ 状態を見る
傷・汚れ・数量の違いがないかを確認します。

■ 箱に詰める
緩衝材で包み、指定の箱に入れて封をします。

■ ラベルを貼る
伝票を所定の位置に貼って、次の工程へ回します。

＝＝＝＝＝＝＝＝＝＝＝＝＝＝＝
【✨はじめての方へ✨】

✔ 未経験からはじめた方が多い工程です
✔ 作業の順番は決まっています
✔ 接客はありません
✔ 分からないときはすぐ聞けます

＝＝＝＝＝＝＝＝＝＝＝＝＝＝＝
【✧勤務地✧】

愛知県名古屋市千種区茶屋が坂（茶屋ヶ坂駅エリア）

給与・勤務時間・シフトなどの詳細は、
ご応募後にあらためてご案内します。
まずはお気軽にご応募ください。","《✼働き方のポイント✼》

✅ ① 作業台まわりで完結します
商品は作業台まで運ばれてきます。
倉庫内を歩き回る作業ではありません。

✅ ② はじめは簡単な工程から
ラベル貼りや数量の確認など、
覚えやすい工程からお任せします。

✅ ③ 相談できる距離で働けます
分からないことはその場で確認できる環境です。

＝＝＝＝＝＝＝＝＝＝＝＝＝＝＝
《✼向いている方✼》

✔ 自分のペースで進めたい方
✔ 覚える範囲がはっきりしている仕事を探している方
✔ 立ち仕事にも座り作業にも対応できる方

＝＝＝＝＝＝＝＝＝＝＝＝＝＝＝
《✼応募について✼》

✔ 経験・資格は必要ありません
✔ 給与・勤務時間・シフト・待遇の詳細は応募後にご案内します
✔ 気になる点だけのお問い合わせも歓迎します"
自由ヶ丘,愛知県名古屋市千種区自由ヶ丘,重いものナシ◎商品チェックと箱詰め☆,未経験OK｜検品・仕分けスタッフ｜自由ヶ丘駅エリア,"✦・━━━━━━━━━━━━━━━・✦
＼愛知県名古屋市千種区で募集中／
届いた商品を確かめて、箱に詰める。
未経験からはじめる検品・梱包◎
✦・━━━━━━━━━━━━━━━・✦

「倉庫の仕事は力がいるのでは？」
「経験がないと難しそう…」

扱うのは片手で持てるサイズの商品が中心です。

＝＝＝＝＝＝＝＝＝＝＝＝＝＝＝
【✧お仕事の内容✧】

■ 商品を受け取る
作業台に運ばれてきた商品を受け取ります。

■ 状態を見る
傷・汚れ・数量の違いがないかを確認します。

■ 箱に詰める
緩衝材で包み、指定の箱に入れて封をします。

■ ラベルを貼る
伝票を所定の位置に貼って、次の工程へ回します。

＝＝＝＝＝＝＝＝＝＝＝＝＝＝＝
【✨はじめての方へ✨】

✔ 作業手順はマニュアルで決まっています
✔ 接客や電話対応はありません
✔ 覚える範囲は担当する工程だけです
✔ 分からないことはその場で確認できます

＝＝＝＝＝＝＝＝＝＝＝＝＝＝＝
【✧勤務地✧】

愛知県名古屋市千種区自由ヶ丘（自由ヶ丘駅エリア）

給与・勤務時間・シフトなどの詳細は、
ご応募後にあらためてご案内します。
まずはお気軽にご応募ください。","《✼作業のすすめ方✼》

✅ ① 作業台まわりで完結します
商品は作業台まで運ばれてきます。
倉庫内を歩き回る作業ではありません。

✅ ② はじめは簡単な工程から
ラベル貼りや数量の確認など、
覚えやすい工程からお任せします。

✅ ③ 相談できる距離で働けます
分からないことはその場で確認できる環境です。

＝＝＝＝＝＝＝＝＝＝＝＝＝＝＝
《✼向いている方✼》

✔ 自分のペースで進めたい方
✔ 覚える範囲がはっきりしている仕事を探している方
✔ 立ち仕事にも座り作業にも対応できる方

＝＝＝＝＝＝＝＝＝＝＝＝＝＝＝
《✼応募について✼》

✔ 経験・資格は必要ありません
✔ 給与・勤務時間・シフト・待遇の詳細は応募後にご案内します
✔ 気になる点だけのお問い合わせも歓迎します"
名古屋大学,愛知県名古屋市千種区不老町,コツコツ派歓迎◎商品チェックと箱詰め♪,未経験歓迎｜検品・仕分けスタッフ｜名古屋大学駅エリア,"✦・━━━━━━━━━━━━━━━・✦
＼愛知県名古屋市千種区で募集中／
手順は決まっています。
倉庫内の検品・梱包スタッフ募集◎
✦・━━━━━━━━━━━━━━━・✦

「倉庫の仕事は力がいるのでは？」
「経験がないと難しそう…」

扱うのは片手で持てるサイズの商品が中心です。

＝＝＝＝＝＝＝＝＝＝＝＝＝＝＝
【✧お仕事の内容✧】

■ チェックリストの確認
その日に確認する項目を最初に確かめます。

■ 検品
品番と数量がリストと合っているかを見ます。

■ 梱包・ラベル貼り
包んで箱詰めし、ラベルを貼ります。

■ 記録
確認した項目に印をつけて完了です。

＝＝＝＝＝＝＝＝＝＝＝＝＝＝＝
【✨はじめての方へ✨】

✔ 作業手順はマニュアルで決まっています
✔ 接客や電話対応はありません
✔ 覚える範囲は担当する工程だけです
✔ 分からないことはその場で確認できます

＝＝＝＝＝＝＝＝＝＝＝＝＝＝＝
【✧勤務地✧】

愛知県名古屋市千種区不老町（名古屋大学駅エリア）

給与・勤務時間・シフトなどの詳細は、
ご応募後にあらためてご案内します。
まずはお気軽にご応募ください。","《✼このお仕事の特徴✼》

✅ ① 決まった手順の繰り返しです
同じ流れを繰り返すので、覚えてしまえば迷いません。

✅ ② 細かい違いに気づける方に向いています
傷・汚れ・数量の違いを見つけるのが役割です。

✅ ③ 担当を少しずつ広げられます
慣れてきたら別の工程もお願いすることがあります。

＝＝＝＝＝＝＝＝＝＝＝＝＝＝＝
《✼向いている方✼》

✔ 自分のペースで進めたい方
✔ 覚える範囲がはっきりしている仕事を探している方
✔ 立ち仕事にも座り作業にも対応できる方

＝＝＝＝＝＝＝＝＝＝＝＝＝＝＝
《✼応募について✼》

✔ 経験・資格は必要ありません
✔ 給与・勤務時間・シフト・待遇の詳細は応募後にご案内します
✔ 気になる点だけのお問い合わせも歓迎します"
八事日赤,愛知県名古屋市昭和区妙見町,駅チカ勤務◎商品チェックと箱詰め◎,経験不問｜検品・仕分けスタッフ｜八事日赤駅エリア,"✦・━━━━━━━━━━━━━━━・✦
＼愛知県名古屋市昭和区で募集中／
話すより手を動かしたい方へ。
もくもく進める検品・梱包◎
✦・━━━━━━━━━━━━━━━・✦

「倉庫の仕事は力がいるのでは？」
「経験がないと難しそう…」

扱うのは片手で持てるサイズの商品が中心です。

＝＝＝＝＝＝＝＝＝＝＝＝＝＝＝
【✧お仕事の内容✧】

■ チェックリストの確認
その日に確認する項目を最初に確かめます。

■ 検品
品番と数量がリストと合っているかを見ます。

■ 梱包・ラベル貼り
包んで箱詰めし、ラベルを貼ります。

■ 記録
確認した項目に印をつけて完了です。

＝＝＝＝＝＝＝＝＝＝＝＝＝＝＝
【✨はじめての方へ✨】

✔ 作業手順はマニュアルで決まっています
✔ 接客や電話対応はありません
✔ 覚える範囲は担当する工程だけです
✔ 分からないことはその場で確認できます

＝＝＝＝＝＝＝＝＝＝＝＝＝＝＝
【✧勤務地✧】

愛知県名古屋市昭和区妙見町（八事日赤駅エリア）

給与・勤務時間・シフトなどの詳細は、
ご応募後にあらためてご案内します。
気になる点はお気軽にお尋ねください。","《✼ここがはじめやすい✼》

✅ ① 決まった手順の繰り返しです
同じ流れを繰り返すので、覚えてしまえば迷いません。

✅ ② 細かい違いに気づける方に向いています
傷・汚れ・数量の違いを見つけるのが役割です。

✅ ③ 担当を少しずつ広げられます
慣れてきたら別の工程もお願いすることがあります。

＝＝＝＝＝＝＝＝＝＝＝＝＝＝＝
《✼向いている方✼》

✔ 自分のペースで進めたい方
✔ 覚える範囲がはっきりしている仕事を探している方
✔ 立ち仕事にも座り作業にも対応できる方

＝＝＝＝＝＝＝＝＝＝＝＝＝＝＝
《✼応募について✼》

✔ 経験・資格は必要ありません
✔ 給与・勤務時間・シフト・待遇の詳細は応募後にご案内します
✔ 気になる点だけのお問い合わせも歓迎します"
東山公園,愛知県名古屋市千種区東山通,はじめてOK◎商品チェックと箱詰め！,はじめてOK｜検品・仕分けスタッフ｜東山公園駅エリア,"✦・━━━━━━━━━━━━━━━・✦
＼愛知県名古屋市千種区で募集中／
まずは1工程から。
検品・梱包スタッフ募集◎
✦・━━━━━━━━━━━━━━━・✦

「倉庫の仕事は力がいるのでは？」
「経験がないと難しそう…」

扱うのは片手で持てるサイズの商品が中心です。

＝＝＝＝＝＝＝＝＝＝＝＝＝＝＝
【✧お仕事の内容✧】

■ 検品（品番・数量・状態の確認）

■ 梱包（緩衝材で包み、指定の箱へ）

■ ラベル貼り（伝票を決められた位置に）

■ 仕分け（届け先ごとに分けて所定の場所へ）

＝＝＝＝＝＝＝＝＝＝＝＝＝＝＝
【✨はじめての方へ✨】

✔ 経験・資格は必要ありません
✔ 判断の基準はチェックリストにあります
✔ 扱うのは片手で持てるサイズが中心です
✔ 担当する工程から順に覚えられます

＝＝＝＝＝＝＝＝＝＝＝＝＝＝＝
【✧勤務地✧】

愛知県名古屋市千種区東山通（東山公園駅エリア）

給与・勤務時間・シフトなどの詳細は、
ご応募後にあらためてご案内します。
気になる点はお気軽にお尋ねください。","《✼働き方のポイント✼》

✅ ① 決まった手順の繰り返しです
同じ流れを繰り返すので、覚えてしまえば迷いません。

✅ ② 細かい違いに気づける方に向いています
傷・汚れ・数量の違いを見つけるのが役割です。

✅ ③ 担当を少しずつ広げられます
慣れてきたら別の工程もお願いすることがあります。

＝＝＝＝＝＝＝＝＝＝＝＝＝＝＝
《✼向いている方✼》

✔ 自分のペースで進めたい方
✔ 覚える範囲がはっきりしている仕事を探している方
✔ 立ち仕事にも座り作業にも対応できる方

＝＝＝＝＝＝＝＝＝＝＝＝＝＝＝
《✼応募について✼》

✔ 経験・資格は必要ありません
✔ 給与・勤務時間・シフト・待遇の詳細は応募後にご案内します
✔ 気になる点だけのお問い合わせも歓迎します"
本郷,愛知県名古屋市名東区本郷,1工程から◎商品チェックと箱詰め☆,未経験スタート｜検品・仕分けスタッフ｜本郷駅エリア,"✦・━━━━━━━━━━━━━━━・✦
＼愛知県名古屋市名東区で募集中／
重いものを運ぶ作業はありません。
からだに負担の少ない検品・梱包◎
✦・━━━━━━━━━━━━━━━・✦

「倉庫の仕事は力がいるのでは？」
「経験がないと難しそう…」

扱うのは片手で持てるサイズの商品が中心です。

＝＝＝＝＝＝＝＝＝＝＝＝＝＝＝
【✧お仕事の内容✧】

■ 検品（品番・数量・状態の確認）

■ 梱包（緩衝材で包み、指定の箱へ）

■ ラベル貼り（伝票を決められた位置に）

■ 仕分け（届け先ごとに分けて所定の場所へ）

＝＝＝＝＝＝＝＝＝＝＝＝＝＝＝
【✨はじめての方へ✨】

✔ 経験・資格は必要ありません
✔ 判断の基準はチェックリストにあります
✔ 扱うのは片手で持てるサイズが中心です
✔ 担当する工程から順に覚えられます

＝＝＝＝＝＝＝＝＝＝＝＝＝＝＝
【✧勤務地✧】

愛知県名古屋市名東区本郷（本郷駅エリア）

給与・勤務時間・シフトなどの詳細は、
ご応募後にあらためてご案内します。
気になる点はお気軽にお尋ねください。","《✼作業のすすめ方✼》

✅ ① 決まった手順の繰り返しです
同じ流れを繰り返すので、覚えてしまえば迷いません。

✅ ② 細かい違いに気づける方に向いています
傷・汚れ・数量の違いを見つけるのが役割です。

✅ ③ 担当を少しずつ広げられます
慣れてきたら別の工程もお願いすることがあります。

＝＝＝＝＝＝＝＝＝＝＝＝＝＝＝
《✼向いている方✼》

✔ 自分のペースで進めたい方
✔ 覚える範囲がはっきりしている仕事を探している方
✔ 立ち仕事にも座り作業にも対応できる方

＝＝＝＝＝＝＝＝＝＝＝＝＝＝＝
《✼応募について✼》

✔ 経験・資格は必要ありません
✔ 給与・勤務時間・シフト・待遇の詳細は応募後にご案内します
✔ 気になる点だけのお問い合わせも歓迎します"
尾頭橋,愛知県名古屋市中川区尾頭橋,未経験OK◎倉庫内の仕分け・梱包♪,未経験OK｜倉庫内の検品・梱包｜尾頭橋駅エリア,"✦・━━━━━━━━━━━━━━━・✦
＼愛知県名古屋市中川区で募集中／
届いた商品を確かめて、箱に詰める。
未経験からはじめる検品・梱包◎
✦・━━━━━━━━━━━━━━━・✦

「細かい作業は苦手かも」
「覚えることが多そう」

確認する項目はチェックリストに書かれています。

＝＝＝＝＝＝＝＝＝＝＝＝＝＝＝
【✧お仕事の内容✧】

■ 検品
伝票やチェックリストと照らして、品番と数量を確認します。

■ 梱包
商品を緩衝材で包み、指定のサイズの箱に詰めます。

■ ラベル貼り
送り先の伝票やラベルを、決められた位置に貼ります。

■ 仕分け
届け先ごとに商品を分け、所定の場所に置きます。

＝＝＝＝＝＝＝＝＝＝＝＝＝＝＝
【✨はじめての方へ✨】

✔ 経験・資格は必要ありません
✔ 判断の基準はチェックリストにあります
✔ 扱うのは片手で持てるサイズが中心です
✔ 担当する工程から順に覚えられます

＝＝＝＝＝＝＝＝＝＝＝＝＝＝＝
【✧勤務地✧】

愛知県名古屋市中川区尾頭橋（尾頭橋駅エリア）

給与・勤務時間・シフトなどの詳細は、
ご応募後にあらためてご案内します。
気になる点はお気軽にお尋ねください。","《✼このお仕事の特徴✼》

✅ ① 手順が決まっています
何をどの順で確認するかはマニュアルとチェックリストにあります。
自分で判断しなければならない場面はほとんどありません。

✅ ② 接客・電話対応はありません
倉庫内での作業が中心です。
人と話すより手を動かしたい方に向いています。

✅ ③ 1 工程からはじめられます
最初から全工程を覚える必要はありません。
担当する工程から順に慣れていけます。

＝＝＝＝＝＝＝＝＝＝＝＝＝＝＝
《✼向いている方✼》

✔ 数字や品番の確認が苦にならない方
✔ 同じ作業を正確に繰り返せる方
✔ 倉庫ワークがはじめての方

＝＝＝＝＝＝＝＝＝＝＝＝＝＝＝
《✼応募について✼》

✔ 経験・資格は必要ありません
✔ 給与・勤務時間・シフト・待遇の詳細は応募後にご案内します
✔ 気になる点だけのお問い合わせも歓迎します"
山王,愛知県名古屋市中川区山王,経験不問◎倉庫内の仕分け・梱包◎,未経験歓迎｜倉庫内の検品・梱包｜山王駅エリア,"✦・━━━━━━━━━━━━━━━・✦
＼愛知県名古屋市中川区で募集中／
手順は決まっています。
倉庫内の検品・梱包スタッフ募集◎
✦・━━━━━━━━━━━━━━━・✦

「細かい作業は苦手かも」
「覚えることが多そう」

確認する項目はチェックリストに書かれています。

＝＝＝＝＝＝＝＝＝＝＝＝＝＝＝
【✧お仕事の内容✧】

■ 検品
伝票やチェックリストと照らして、品番と数量を確認します。

■ 梱包
商品を緩衝材で包み、指定のサイズの箱に詰めます。

■ ラベル貼り
送り先の伝票やラベルを、決められた位置に貼ります。

■ 仕分け
届け先ごとに商品を分け、所定の場所に置きます。

＝＝＝＝＝＝＝＝＝＝＝＝＝＝＝
【✨はじめての方へ✨】

✔ はじめは 1 つの工程からお任せします
✔ 手順が決まっているので迷いません
✔ もくもく進めたい方に向いています
✔ 慣れてきたら担当を広げられます

＝＝＝＝＝＝＝＝＝＝＝＝＝＝＝
【✧勤務地✧】

愛知県名古屋市中川区山王（山王駅エリア）

給与・勤務時間・シフトなどの詳細は、
ご応募後にあらためてご案内します。
気になる点はお気軽にお尋ねください。","《✼ここがはじめやすい✼》

✅ ① 手順が決まっています
何をどの順で確認するかはマニュアルとチェックリストにあります。
自分で判断しなければならない場面はほとんどありません。

✅ ② 接客・電話対応はありません
倉庫内での作業が中心です。
人と話すより手を動かしたい方に向いています。

✅ ③ 1 工程からはじめられます
最初から全工程を覚える必要はありません。
担当する工程から順に慣れていけます。

＝＝＝＝＝＝＝＝＝＝＝＝＝＝＝
《✼向いている方✼》

✔ 数字や品番の確認が苦にならない方
✔ 同じ作業を正確に繰り返せる方
✔ 倉庫ワークがはじめての方

＝＝＝＝＝＝＝＝＝＝＝＝＝＝＝
《✼応募について✼》

✔ 経験・資格は必要ありません
✔ 給与・勤務時間・シフト・待遇の詳細は応募後にご案内します
✔ 気になる点だけのお問い合わせも歓迎します"
ささしまライブ,愛知県名古屋市中村区平池町,もくもく作業◎倉庫内の仕分け・梱包！,経験不問｜倉庫内の検品・梱包｜ささしまライブ駅エリア,"✦・━━━━━━━━━━━━━━━・✦
＼愛知県名古屋市中村区で募集中／
話すより手を動かしたい方へ。
もくもく進める検品・梱包◎
✦・━━━━━━━━━━━━━━━・✦

「細かい作業は苦手かも」
「覚えることが多そう」

確認する項目はチェックリストに書かれています。

＝＝＝＝＝＝＝＝＝＝＝＝＝＝＝
【✧お仕事の内容✧】

■ 商品を受け取る
作業台に運ばれてきた商品を受け取ります。

■ 状態を見る
傷・汚れ・数量の違いがないかを確認します。

■ 箱に詰める
緩衝材で包み、指定の箱に入れて封をします。

■ ラベルを貼る
伝票を所定の位置に貼って、次の工程へ回します。

＝＝＝＝＝＝＝＝＝＝＝＝＝＝＝
【✨はじめての方へ✨】

✔ はじめは 1 つの工程からお任せします
✔ 手順が決まっているので迷いません
✔ もくもく進めたい方に向いています
✔ 慣れてきたら担当を広げられます

＝＝＝＝＝＝＝＝＝＝＝＝＝＝＝
【✧勤務地✧】

愛知県名古屋市中村区平池町（ささしまライブ駅エリア）

給与・勤務時間・シフトなどの詳細は、
ご応募後にあらためてご案内します。
気になる点はお気軽にお尋ねください。","《✼働き方のポイント✼》

✅ ① 手順が決まっています
何をどの順で確認するかはマニュアルとチェックリストにあります。
自分で判断しなければならない場面はほとんどありません。

✅ ② 接客・電話対応はありません
倉庫内での作業が中心です。
人と話すより手を動かしたい方に向いています。

✅ ③ 1 工程からはじめられます
最初から全工程を覚える必要はありません。
担当する工程から順に慣れていけます。

＝＝＝＝＝＝＝＝＝＝＝＝＝＝＝
《✼向いている方✼》

✔ 数字や品番の確認が苦にならない方
✔ 同じ作業を正確に繰り返せる方
✔ 倉庫ワークがはじめての方

＝＝＝＝＝＝＝＝＝＝＝＝＝＝＝
《✼応募について✼》

✔ 経験・資格は必要ありません
✔ 給与・勤務時間・シフト・待遇の詳細は応募後にご案内します
✔ 気になる点だけのお問い合わせも歓迎します"
荒子,愛知県名古屋市中川区荒子,接客なし◎倉庫内の仕分け・梱包☆,はじめてOK｜倉庫内の検品・梱包｜荒子駅エリア,"✦・━━━━━━━━━━━━━━━・✦
＼愛知県名古屋市中川区で募集中／
まずは1工程から。
検品・梱包スタッフ募集◎
✦・━━━━━━━━━━━━━━━・✦

「細かい作業は苦手かも」
「覚えることが多そう」

確認する項目はチェックリストに書かれています。

＝＝＝＝＝＝＝＝＝＝＝＝＝＝＝
【✧お仕事の内容✧】

■ 商品を受け取る
作業台に運ばれてきた商品を受け取ります。

■ 状態を見る
傷・汚れ・数量の違いがないかを確認します。

■ 箱に詰める
緩衝材で包み、指定の箱に入れて封をします。

■ ラベルを貼る
伝票を所定の位置に貼って、次の工程へ回します。

＝＝＝＝＝＝＝＝＝＝＝＝＝＝＝
【✨はじめての方へ✨】

✔ はじめは 1 つの工程からお任せします
✔ 手順が決まっているので迷いません
✔ もくもく進めたい方に向いています
✔ 慣れてきたら担当を広げられます

＝＝＝＝＝＝＝＝＝＝＝＝＝＝＝
【✧勤務地✧】

愛知県名古屋市中川区荒子（荒子駅エリア）

給与・勤務時間・シフトなどの詳細は、
ご応募後にあらためてご案内します。
気になる点はお気軽にお尋ねください。","《✼作業のすすめ方✼》

✅ ① 手順が決まっています
何をどの順で確認するかはマニュアルとチェックリストにあります。
自分で判断しなければならない場面はほとんどありません。

✅ ② 接客・電話対応はありません
倉庫内での作業が中心です。
人と話すより手を動かしたい方に向いています。

✅ ③ 1 工程からはじめられます
最初から全工程を覚える必要はありません。
担当する工程から順に慣れていけます。

＝＝＝＝＝＝＝＝＝＝＝＝＝＝＝
《✼向いている方✼》

✔ 数字や品番の確認が苦にならない方
✔ 同じ作業を正確に繰り返せる方
✔ 倉庫ワークがはじめての方

＝＝＝＝＝＝＝＝＝＝＝＝＝＝＝
《✼応募について✼》

✔ 経験・資格は必要ありません
✔ 給与・勤務時間・シフト・待遇の詳細は応募後にご案内します
✔ 気になる点だけのお問い合わせも歓迎します"
金城ふ頭,愛知県名古屋市港区金城ふ頭,手順はシンプル◎倉庫内の仕分け・梱包♪,未経験スタート｜倉庫内の検品・梱包｜金城ふ頭駅エリア,"✦・━━━━━━━━━━━━━━━・✦
＼愛知県名古屋市港区で募集中／
重いものを運ぶ作業はありません。
からだに負担の少ない検品・梱包◎
✦・━━━━━━━━━━━━━━━・✦

「細かい作業は苦手かも」
「覚えることが多そう」

確認する項目はチェックリストに書かれています。

＝＝＝＝＝＝＝＝＝＝＝＝＝＝＝
【✧お仕事の内容✧】

■ チェックリストの確認
その日に確認する項目を最初に確かめます。

■ 検品
品番と数量がリストと合っているかを見ます。

■ 梱包・ラベル貼り
包んで箱詰めし、ラベルを貼ります。

■ 記録
確認した項目に印をつけて完了です。

＝＝＝＝＝＝＝＝＝＝＝＝＝＝＝
【✨はじめての方へ✨】

✔ 特別な資格は要りません
✔ 確認する項目は紙とリストで示されます
✔ 重量物の持ち運びはありません
✔ 工程は日によって変わることがあります

＝＝＝＝＝＝＝＝＝＝＝＝＝＝＝
【✧勤務地✧】

愛知県名古屋市港区金城ふ頭（金城ふ頭駅エリア）

給与・勤務時間・シフトなどの詳細は、
ご応募後にあらためてご案内します。
「話を聞いてみたい」だけのご応募も歓迎します。","《✼このお仕事の特徴✼》

✅ ① 経験も資格も要りません
検品・梱包のどちらも、決まった手順に沿って進めます。
はじめての方でも取りかかれます。

✅ ② 重いものを運ぶ作業はありません
扱うのは片手で持てるサイズの商品が中心です。

✅ ③ 覚える範囲がはっきりしています
担当する工程が決まっているので、
何を覚えればよいかが最初から分かります。

＝＝＝＝＝＝＝＝＝＝＝＝＝＝＝
《✼向いている方✼》

✔ 数字や品番の確認が苦にならない方
✔ 同じ作業を正確に繰り返せる方
✔ 倉庫ワークがはじめての方

＝＝＝＝＝＝＝＝＝＝＝＝＝＝＝
《✼応募について✼》

✔ 経験・資格は必要ありません
✔ 給与・勤務時間・シフト・待遇の詳細は応募後にご案内します
✔ 気になる点だけのお問い合わせも歓迎します"
上飯田,愛知県名古屋市北区上飯田,重いものナシ◎倉庫内の仕分け・梱包◎,未経験OK｜検品・梱包スタッフ｜上飯田駅エリア,"✦・━━━━━━━━━━━━━━━・✦
＼愛知県名古屋市北区で募集中／
届いた商品を確かめて、箱に詰める。
未経験からはじめる検品・梱包◎
✦・━━━━━━━━━━━━━━━・✦

「人と話す仕事は少し苦手」
「自分のペースで進めたい」

接客も電話対応もありません。手元の作業に集中できます。

＝＝＝＝＝＝＝＝＝＝＝＝＝＝＝
【✧お仕事の内容✧】

■ チェックリストの確認
その日に確認する項目を最初に確かめます。

■ 検品
品番と数量がリストと合っているかを見ます。

■ 梱包・ラベル貼り
包んで箱詰めし、ラベルを貼ります。

■ 記録
確認した項目に印をつけて完了です。

＝＝＝＝＝＝＝＝＝＝＝＝＝＝＝
【✨はじめての方へ✨】

✔ 特別な資格は要りません
✔ 確認する項目は紙とリストで示されます
✔ 重量物の持ち運びはありません
✔ 工程は日によって変わることがあります

＝＝＝＝＝＝＝＝＝＝＝＝＝＝＝
【✧勤務地✧】

愛知県名古屋市北区上飯田（上飯田駅エリア）

給与・勤務時間・シフトなどの詳細は、
ご応募後にあらためてご案内します。
「話を聞いてみたい」だけのご応募も歓迎します。","《✼ここがはじめやすい✼》

✅ ① 経験も資格も要りません
検品・梱包のどちらも、決まった手順に沿って進めます。
はじめての方でも取りかかれます。

✅ ② 重いものを運ぶ作業はありません
扱うのは片手で持てるサイズの商品が中心です。

✅ ③ 覚える範囲がはっきりしています
担当する工程が決まっているので、
何を覚えればよいかが最初から分かります。

＝＝＝＝＝＝＝＝＝＝＝＝＝＝＝
《✼向いている方✼》

✔ 数字や品番の確認が苦にならない方
✔ 同じ作業を正確に繰り返せる方
✔ 倉庫ワークがはじめての方

＝＝＝＝＝＝＝＝＝＝＝＝＝＝＝
《✼応募について✼》

✔ 経験・資格は必要ありません
✔ 給与・勤務時間・シフト・待遇の詳細は応募後にご案内します
✔ 気になる点だけのお問い合わせも歓迎します"
栄生,愛知県名古屋市西区則武新町,コツコツ派歓迎◎倉庫内の仕分け・梱包！,未経験歓迎｜検品・梱包スタッフ｜栄生駅エリア,"✦・━━━━━━━━━━━━━━━・✦
＼愛知県名古屋市西区で募集中／
手順は決まっています。
倉庫内の検品・梱包スタッフ募集◎
✦・━━━━━━━━━━━━━━━・✦

「人と話す仕事は少し苦手」
「自分のペースで進めたい」

接客も電話対応もありません。手元の作業に集中できます。

＝＝＝＝＝＝＝＝＝＝＝＝＝＝＝
【✧お仕事の内容✧】

■ 検品（品番・数量・状態の確認）

■ 梱包（緩衝材で包み、指定の箱へ）

■ ラベル貼り（伝票を決められた位置に）

■ 仕分け（届け先ごとに分けて所定の場所へ）

＝＝＝＝＝＝＝＝＝＝＝＝＝＝＝
【✨はじめての方へ✨】

✔ 特別な資格は要りません
✔ 確認する項目は紙とリストで示されます
✔ 重量物の持ち運びはありません
✔ 工程は日によって変わることがあります

＝＝＝＝＝＝＝＝＝＝＝＝＝＝＝
【✧勤務地✧】

愛知県名古屋市西区則武新町（栄生駅エリア）

給与・勤務時間・シフトなどの詳細は、
ご応募後にあらためてご案内します。
「話を聞いてみたい」だけのご応募も歓迎します。","《✼働き方のポイント✼》

✅ ① 経験も資格も要りません
検品・梱包のどちらも、決まった手順に沿って進めます。
はじめての方でも取りかかれます。

✅ ② 重いものを運ぶ作業はありません
扱うのは片手で持てるサイズの商品が中心です。

✅ ③ 覚える範囲がはっきりしています
担当する工程が決まっているので、
何を覚えればよいかが最初から分かります。

＝＝＝＝＝＝＝＝＝＝＝＝＝＝＝
《✼向いている方✼》

✔ 数字や品番の確認が苦にならない方
✔ 同じ作業を正確に繰り返せる方
✔ 倉庫ワークがはじめての方

＝＝＝＝＝＝＝＝＝＝＝＝＝＝＝
《✼応募について✼》

✔ 経験・資格は必要ありません
✔ 給与・勤務時間・シフト・待遇の詳細は応募後にご案内します
✔ 気になる点だけのお問い合わせも歓迎します"
烏森,愛知県名古屋市中村区烏森町,駅チカ勤務◎倉庫内の仕分け・梱包☆,経験不問｜検品・梱包スタッフ｜烏森駅エリア,"✦・━━━━━━━━━━━━━━━・✦
＼愛知県名古屋市中村区で募集中／
話すより手を動かしたい方へ。
もくもく進める検品・梱包◎
✦・━━━━━━━━━━━━━━━・✦

「人と話す仕事は少し苦手」
「自分のペースで進めたい」

接客も電話対応もありません。手元の作業に集中できます。

＝＝＝＝＝＝＝＝＝＝＝＝＝＝＝
【✧お仕事の内容✧】

■ 検品（品番・数量・状態の確認）

■ 梱包（緩衝材で包み、指定の箱へ）

■ ラベル貼り（伝票を決められた位置に）

■ 仕分け（届け先ごとに分けて所定の場所へ）

＝＝＝＝＝＝＝＝＝＝＝＝＝＝＝
【✨はじめての方へ✨】

✔ 未経験からはじめた方が多い工程です
✔ 作業の順番は決まっています
✔ 接客はありません
✔ 分からないときはすぐ聞けます

＝＝＝＝＝＝＝＝＝＝＝＝＝＝＝
【✧勤務地✧】

愛知県名古屋市中村区烏森町（烏森駅エリア）

給与・勤務時間・シフトなどの詳細は、
ご応募後にあらためてご案内します。
「話を聞いてみたい」だけのご応募も歓迎します。","《✼作業のすすめ方✼》

✅ ① 経験も資格も要りません
検品・梱包のどちらも、決まった手順に沿って進めます。
はじめての方でも取りかかれます。

✅ ② 重いものを運ぶ作業はありません
扱うのは片手で持てるサイズの商品が中心です。

✅ ③ 覚える範囲がはっきりしています
担当する工程が決まっているので、
何を覚えればよいかが最初から分かります。

＝＝＝＝＝＝＝＝＝＝＝＝＝＝＝
《✼向いている方✼》

✔ 数字や品番の確認が苦にならない方
✔ 同じ作業を正確に繰り返せる方
✔ 倉庫ワークがはじめての方

＝＝＝＝＝＝＝＝＝＝＝＝＝＝＝
《✼応募について✼》

✔ 経験・資格は必要ありません
✔ 給与・勤務時間・シフト・待遇の詳細は応募後にご案内します
✔ 気になる点だけのお問い合わせも歓迎します"
一宮,愛知県一宮市栄三丁目,はじめてOK◎倉庫内の仕分け・梱包♪,はじめてOK｜検品・梱包スタッフ｜一宮駅エリア,"✦・━━━━━━━━━━━━━━━・✦
＼愛知県一宮市で募集中／
まずは1工程から。
検品・梱包スタッフ募集◎
✦・━━━━━━━━━━━━━━━・✦

「人と話す仕事は少し苦手」
「自分のペースで進めたい」

接客も電話対応もありません。手元の作業に集中できます。

＝＝＝＝＝＝＝＝＝＝＝＝＝＝＝
【✧お仕事の内容✧】

■ 検品
伝票やチェックリストと照らして、品番と数量を確認します。

■ 梱包
商品を緩衝材で包み、指定のサイズの箱に詰めます。

■ ラベル貼り
送り先の伝票やラベルを、決められた位置に貼ります。

■ 仕分け
届け先ごとに商品を分け、所定の場所に置きます。

＝＝＝＝＝＝＝＝＝＝＝＝＝＝＝
【✨はじめての方へ✨】

✔ 未経験からはじめた方が多い工程です
✔ 作業の順番は決まっています
✔ 接客はありません
✔ 分からないときはすぐ聞けます

＝＝＝＝＝＝＝＝＝＝＝＝＝＝＝
【✧勤務地✧】

愛知県一宮市栄三丁目（一宮駅エリア）

給与・勤務時間・シフトなどの詳細は、
ご応募後にあらためてご案内します。
「話を聞いてみたい」だけのご応募も歓迎します。","《✼このお仕事の特徴✼》

✅ ① 判断の基準は紙にあります
品番と数量はチェックリストと照らして確認します。
記憶に頼る場面はありません。

✅ ② もくもく進められます
接客も電話対応もありません。
自分のペースで手を動かせます。

✅ ③ 工程は日によって変わることがあります
検品・梱包・ラベル貼り・仕分けのいずれかを担当します。

＝＝＝＝＝＝＝＝＝＝＝＝＝＝＝
《✼向いている方✼》

✔ 数字や品番の確認が苦にならない方
✔ 同じ作業を正確に繰り返せる方
✔ 倉庫ワークがはじめての方

＝＝＝＝＝＝＝＝＝＝＝＝＝＝＝
《✼応募について✼》

✔ 経験・資格は必要ありません
✔ 給与・勤務時間・シフト・待遇の詳細は応募後にご案内します
✔ 気になる点だけのお問い合わせも歓迎します"
国府宮,愛知県稲沢市国府宮,1工程から◎倉庫内の仕分け・梱包◎,未経験スタート｜検品・梱包スタッフ｜国府宮駅エリア,"✦・━━━━━━━━━━━━━━━・✦
＼愛知県稲沢市で募集中／
重いものを運ぶ作業はありません。
からだに負担の少ない検品・梱包◎
✦・━━━━━━━━━━━━━━━・✦

「人と話す仕事は少し苦手」
「自分のペースで進めたい」

接客も電話対応もありません。手元の作業に集中できます。

＝＝＝＝＝＝＝＝＝＝＝＝＝＝＝
【✧お仕事の内容✧】

■ 検品
伝票やチェックリストと照らして、品番と数量を確認します。

■ 梱包
商品を緩衝材で包み、指定のサイズの箱に詰めます。

■ ラベル貼り
送り先の伝票やラベルを、決められた位置に貼ります。

■ 仕分け
届け先ごとに商品を分け、所定の場所に置きます。

＝＝＝＝＝＝＝＝＝＝＝＝＝＝＝
【✨はじめての方へ✨】

✔ 未経験からはじめた方が多い工程です
✔ 作業の順番は決まっています
✔ 接客はありません
✔ 分からないときはすぐ聞けます

＝＝＝＝＝＝＝＝＝＝＝＝＝＝＝
【✧勤務地✧】

愛知県稲沢市国府宮（国府宮駅エリア）

給与・勤務時間・シフトなどの詳細は、
ご応募後にあらためてご案内します。
「話を聞いてみたい」だけのご応募も歓迎します。","《✼ここがはじめやすい✼》

✅ ① 判断の基準は紙にあります
品番と数量はチェックリストと照らして確認します。
記憶に頼る場面はありません。

✅ ② もくもく進められます
接客も電話対応もありません。
自分のペースで手を動かせます。

✅ ③ 工程は日によって変わることがあります
検品・梱包・ラベル貼り・仕分けのいずれかを担当します。

＝＝＝＝＝＝＝＝＝＝＝＝＝＝＝
《✼向いている方✼》

✔ 数字や品番の確認が苦にならない方
✔ 同じ作業を正確に繰り返せる方
✔ 倉庫ワークがはじめての方

＝＝＝＝＝＝＝＝＝＝＝＝＝＝＝
《✼応募について✼》

✔ 経験・資格は必要ありません
✔ 給与・勤務時間・シフト・待遇の詳細は応募後にご案内します
✔ 気になる点だけのお問い合わせも歓迎します"
稲沢,愛知県稲沢市稲沢町,未経験OK◎検品からはじめる倉庫ワーク！,未経験OK｜梱包・ラベル貼り｜稲沢駅エリア,"✦・━━━━━━━━━━━━━━━・✦
＼愛知県稲沢市で募集中／
届いた商品を確かめて、箱に詰める。
未経験からはじめる検品・梱包◎
✦・━━━━━━━━━━━━━━━・✦

「未経験だと迷惑をかけそう」
「すぐに戦力になれる自信がない」

最初は 1 つの工程から。慣れてきたら範囲を広げます。

＝＝＝＝＝＝＝＝＝＝＝＝＝＝＝
【✧お仕事の内容✧】

■ 商品を受け取る
作業台に運ばれてきた商品を受け取ります。

■ 状態を見る
傷・汚れ・数量の違いがないかを確認します。

■ 箱に詰める
緩衝材で包み、指定の箱に入れて封をします。

■ ラベルを貼る
伝票を所定の位置に貼って、次の工程へ回します。

＝＝＝＝＝＝＝＝＝＝＝＝＝＝＝
【✨はじめての方へ✨】

✔ 作業手順はマニュアルで決まっています
✔ 接客や電話対応はありません
✔ 覚える範囲は担当する工程だけです
✔ 分からないことはその場で確認できます

＝＝＝＝＝＝＝＝＝＝＝＝＝＝＝
【✧勤務地✧】

愛知県稲沢市稲沢町（稲沢駅エリア）

給与・勤務時間・シフトなどの詳細は、
ご応募後にあらためてご案内します。
「話を聞いてみたい」だけのご応募も歓迎します。","《✼働き方のポイント✼》

✅ ① 判断の基準は紙にあります
品番と数量はチェックリストと照らして確認します。
記憶に頼る場面はありません。

✅ ② もくもく進められます
接客も電話対応もありません。
自分のペースで手を動かせます。

✅ ③ 工程は日によって変わることがあります
検品・梱包・ラベル貼り・仕分けのいずれかを担当します。

＝＝＝＝＝＝＝＝＝＝＝＝＝＝＝
《✼向いている方✼》

✔ 数字や品番の確認が苦にならない方
✔ 同じ作業を正確に繰り返せる方
✔ 倉庫ワークがはじめての方

＝＝＝＝＝＝＝＝＝＝＝＝＝＝＝
《✼応募について✼》

✔ 経験・資格は必要ありません
✔ 給与・勤務時間・シフト・待遇の詳細は応募後にご案内します
✔ 気になる点だけのお問い合わせも歓迎します"
岩倉,愛知県岩倉市本町,経験不問◎検品からはじめる倉庫ワーク☆,未経験歓迎｜梱包・ラベル貼り｜岩倉駅エリア,"✦・━━━━━━━━━━━━━━━・✦
＼愛知県岩倉市で募集中／
手順は決まっています。
倉庫内の検品・梱包スタッフ募集◎
✦・━━━━━━━━━━━━━━━・✦

「未経験だと迷惑をかけそう」
「すぐに戦力になれる自信がない」

最初は 1 つの工程から。慣れてきたら範囲を広げます。

＝＝＝＝＝＝＝＝＝＝＝＝＝＝＝
【✧お仕事の内容✧】

■ 商品を受け取る
作業台に運ばれてきた商品を受け取ります。

■ 状態を見る
傷・汚れ・数量の違いがないかを確認します。

■ 箱に詰める
緩衝材で包み、指定の箱に入れて封をします。

■ ラベルを貼る
伝票を所定の位置に貼って、次の工程へ回します。

＝＝＝＝＝＝＝＝＝＝＝＝＝＝＝
【✨はじめての方へ✨】

✔ 作業手順はマニュアルで決まっています
✔ 接客や電話対応はありません
✔ 覚える範囲は担当する工程だけです
✔ 分からないことはその場で確認できます

＝＝＝＝＝＝＝＝＝＝＝＝＝＝＝
【✧勤務地✧】

愛知県岩倉市本町（岩倉駅エリア）

給与・勤務時間・シフトなどの詳細は、
ご応募後にあらためてご案内します。
ご不明な点はご応募後にご説明します。","《✼作業のすすめ方✼》

✅ ① 判断の基準は紙にあります
品番と数量はチェックリストと照らして確認します。
記憶に頼る場面はありません。

✅ ② もくもく進められます
接客も電話対応もありません。
自分のペースで手を動かせます。

✅ ③ 工程は日によって変わることがあります
検品・梱包・ラベル貼り・仕分けのいずれかを担当します。

＝＝＝＝＝＝＝＝＝＝＝＝＝＝＝
《✼向いている方✼》

✔ 数字や品番の確認が苦にならない方
✔ 同じ作業を正確に繰り返せる方
✔ 倉庫ワークがはじめての方

＝＝＝＝＝＝＝＝＝＝＝＝＝＝＝
《✼応募について✼》

✔ 経験・資格は必要ありません
✔ 給与・勤務時間・シフト・待遇の詳細は応募後にご案内します
✔ 気になる点だけのお問い合わせも歓迎します"
西春,愛知県北名古屋市西之保,もくもく作業◎検品からはじめる倉庫ワーク♪,経験不問｜梱包・ラベル貼り｜西春駅エリア,"✦・━━━━━━━━━━━━━━━・✦
＼愛知県北名古屋市で募集中／
話すより手を動かしたい方へ。
もくもく進める検品・梱包◎
✦・━━━━━━━━━━━━━━━・✦

「未経験だと迷惑をかけそう」
「すぐに戦力になれる自信がない」

最初は 1 つの工程から。慣れてきたら範囲を広げます。

＝＝＝＝＝＝＝＝＝＝＝＝＝＝＝
【✧お仕事の内容✧】

■ チェックリストの確認
その日に確認する項目を最初に確かめます。

■ 検品
品番と数量がリストと合っているかを見ます。

■ 梱包・ラベル貼り
包んで箱詰めし、ラベルを貼ります。

■ 記録
確認した項目に印をつけて完了です。

＝＝＝＝＝＝＝＝＝＝＝＝＝＝＝
【✨はじめての方へ✨】

✔ 作業手順はマニュアルで決まっています
✔ 接客や電話対応はありません
✔ 覚える範囲は担当する工程だけです
✔ 分からないことはその場で確認できます

＝＝＝＝＝＝＝＝＝＝＝＝＝＝＝
【✧勤務地✧】

愛知県北名古屋市西之保（西春駅エリア）

給与・勤務時間・シフトなどの詳細は、
ご応募後にあらためてご案内します。
ご不明な点はご応募後にご説明します。","《✼このお仕事の特徴✼》

✅ ① 作業台まわりで完結します
商品は作業台まで運ばれてきます。
倉庫内を歩き回る作業ではありません。

✅ ② はじめは簡単な工程から
ラベル貼りや数量の確認など、
覚えやすい工程からお任せします。

✅ ③ 相談できる距離で働けます
分からないことはその場で確認できる環境です。

＝＝＝＝＝＝＝＝＝＝＝＝＝＝＝
《✼向いている方✼》

✔ 数字や品番の確認が苦にならない方
✔ 同じ作業を正確に繰り返せる方
✔ 倉庫ワークがはじめての方

＝＝＝＝＝＝＝＝＝＝＝＝＝＝＝
《✼応募について✼》

✔ 経験・資格は必要ありません
✔ 給与・勤務時間・シフト・待遇の詳細は応募後にご案内します
✔ 気になる点だけのお問い合わせも歓迎します"
須ヶ口,愛知県清須市須ケ口,接客なし◎検品からはじめる倉庫ワーク◎,はじめてOK｜梱包・ラベル貼り｜須ヶ口駅エリア,"✦・━━━━━━━━━━━━━━━・✦
＼愛知県清須市で募集中／
まずは1工程から。
検品・梱包スタッフ募集◎
✦・━━━━━━━━━━━━━━━・✦

「未経験だと迷惑をかけそう」
「すぐに戦力になれる自信がない」

最初は 1 つの工程から。慣れてきたら範囲を広げます。

＝＝＝＝＝＝＝＝＝＝＝＝＝＝＝
【✧お仕事の内容✧】

■ チェックリストの確認
その日に確認する項目を最初に確かめます。

■ 検品
品番と数量がリストと合っているかを見ます。

■ 梱包・ラベル貼り
包んで箱詰めし、ラベルを貼ります。

■ 記録
確認した項目に印をつけて完了です。

＝＝＝＝＝＝＝＝＝＝＝＝＝＝＝
【✨はじめての方へ✨】

✔ 経験・資格は必要ありません
✔ 判断の基準はチェックリストにあります
✔ 扱うのは片手で持てるサイズが中心です
✔ 担当する工程から順に覚えられます

＝＝＝＝＝＝＝＝＝＝＝＝＝＝＝
【✧勤務地✧】

愛知県清須市須ケ口（須ヶ口駅エリア）

給与・勤務時間・シフトなどの詳細は、
ご応募後にあらためてご案内します。
ご不明な点はご応募後にご説明します。","《✼ここがはじめやすい✼》

✅ ① 作業台まわりで完結します
商品は作業台まで運ばれてきます。
倉庫内を歩き回る作業ではありません。

✅ ② はじめは簡単な工程から
ラベル貼りや数量の確認など、
覚えやすい工程からお任せします。

✅ ③ 相談できる距離で働けます
分からないことはその場で確認できる環境です。

＝＝＝＝＝＝＝＝＝＝＝＝＝＝＝
《✼向いている方✼》

✔ 数字や品番の確認が苦にならない方
✔ 同じ作業を正確に繰り返せる方
✔ 倉庫ワークがはじめての方

＝＝＝＝＝＝＝＝＝＝＝＝＝＝＝
《✼応募について✼》

✔ 経験・資格は必要ありません
✔ 給与・勤務時間・シフト・待遇の詳細は応募後にご案内します
✔ 気になる点だけのお問い合わせも歓迎します"
新清洲,愛知県清須市,手順はシンプル◎検品からはじめる倉庫ワーク！,未経験スタート｜梱包・ラベル貼り｜新清洲駅エリア,"✦・━━━━━━━━━━━━━━━・✦
＼愛知県清須市で募集中／
重いものを運ぶ作業はありません。
からだに負担の少ない検品・梱包◎
✦・━━━━━━━━━━━━━━━・✦

「未経験だと迷惑をかけそう」
「すぐに戦力になれる自信がない」

最初は 1 つの工程から。慣れてきたら範囲を広げます。

＝＝＝＝＝＝＝＝＝＝＝＝＝＝＝
【✧お仕事の内容✧】

■ 検品（品番・数量・状態の確認）

■ 梱包（緩衝材で包み、指定の箱へ）

■ ラベル貼り（伝票を決められた位置に）

■ 仕分け（届け先ごとに分けて所定の場所へ）

＝＝＝＝＝＝＝＝＝＝＝＝＝＝＝
【✨はじめての方へ✨】

✔ 経験・資格は必要ありません
✔ 判断の基準はチェックリストにあります
✔ 扱うのは片手で持てるサイズが中心です
✔ 担当する工程から順に覚えられます

＝＝＝＝＝＝＝＝＝＝＝＝＝＝＝
【✧勤務地✧】

愛知県清須市（新清洲駅エリア）

給与・勤務時間・シフトなどの詳細は、
ご応募後にあらためてご案内します。
ご不明な点はご応募後にご説明します。","《✼働き方のポイント✼》

✅ ① 作業台まわりで完結します
商品は作業台まで運ばれてきます。
倉庫内を歩き回る作業ではありません。

✅ ② はじめは簡単な工程から
ラベル貼りや数量の確認など、
覚えやすい工程からお任せします。

✅ ③ 相談できる距離で働けます
分からないことはその場で確認できる環境です。

＝＝＝＝＝＝＝＝＝＝＝＝＝＝＝
《✼向いている方✼》

✔ 数字や品番の確認が苦にならない方
✔ 同じ作業を正確に繰り返せる方
✔ 倉庫ワークがはじめての方

＝＝＝＝＝＝＝＝＝＝＝＝＝＝＝
《✼応募について✼》

✔ 経験・資格は必要ありません
✔ 給与・勤務時間・シフト・待遇の詳細は応募後にご案内します
✔ 気になる点だけのお問い合わせも歓迎します"
甚目寺,愛知県あま市甚目寺,重いものナシ◎検品からはじめる倉庫ワーク☆,未経験OK｜検品・仕分けスタッフ｜甚目寺駅エリア,"✦・━━━━━━━━━━━━━━━・✦
＼愛知県あま市で募集中／
届いた商品を確かめて、箱に詰める。
未経験からはじめる検品・梱包◎
✦・━━━━━━━━━━━━━━━・✦

「立ちっぱなしはきつい」
「腰を痛めたことがある」

重量物の持ち運びはありません。座り作業の工程もあります。

＝＝＝＝＝＝＝＝＝＝＝＝＝＝＝
【✧お仕事の内容✧】

■ 検品（品番・数量・状態の確認）

■ 梱包（緩衝材で包み、指定の箱へ）

■ ラベル貼り（伝票を決められた位置に）

■ 仕分け（届け先ごとに分けて所定の場所へ）

＝＝＝＝＝＝＝＝＝＝＝＝＝＝＝
【✨はじめての方へ✨】

✔ 経験・資格は必要ありません
✔ 判断の基準はチェックリストにあります
✔ 扱うのは片手で持てるサイズが中心です
✔ 担当する工程から順に覚えられます

＝＝＝＝＝＝＝＝＝＝＝＝＝＝＝
【✧勤務地✧】

愛知県あま市甚目寺（甚目寺駅エリア）

給与・勤務時間・シフトなどの詳細は、
ご応募後にあらためてご案内します。
ご不明な点はご応募後にご説明します。","《✼作業のすすめ方✼》

✅ ① 作業台まわりで完結します
商品は作業台まで運ばれてきます。
倉庫内を歩き回る作業ではありません。

✅ ② はじめは簡単な工程から
ラベル貼りや数量の確認など、
覚えやすい工程からお任せします。

✅ ③ 相談できる距離で働けます
分からないことはその場で確認できる環境です。

＝＝＝＝＝＝＝＝＝＝＝＝＝＝＝
《✼向いている方✼》

✔ 数字や品番の確認が苦にならない方
✔ 同じ作業を正確に繰り返せる方
✔ 倉庫ワークがはじめての方

＝＝＝＝＝＝＝＝＝＝＝＝＝＝＝
《✼応募について✼》

✔ 経験・資格は必要ありません
✔ 給与・勤務時間・シフト・待遇の詳細は応募後にご案内します
✔ 気になる点だけのお問い合わせも歓迎します"
津島,愛知県津島市錦町,コツコツ派歓迎◎検品からはじめる倉庫ワーク♪,未経験歓迎｜検品・仕分けスタッフ｜津島駅エリア,"✦・━━━━━━━━━━━━━━━・✦
＼愛知県津島市で募集中／
手順は決まっています。
倉庫内の検品・梱包スタッフ募集◎
✦・━━━━━━━━━━━━━━━・✦

「立ちっぱなしはきつい」
「腰を痛めたことがある」

重量物の持ち運びはありません。座り作業の工程もあります。

＝＝＝＝＝＝＝＝＝＝＝＝＝＝＝
【✧お仕事の内容✧】

■ 検品
伝票やチェックリストと照らして、品番と数量を確認します。

■ 梱包
商品を緩衝材で包み、指定のサイズの箱に詰めます。

■ ラベル貼り
送り先の伝票やラベルを、決められた位置に貼ります。

■ 仕分け
届け先ごとに商品を分け、所定の場所に置きます。

＝＝＝＝＝＝＝＝＝＝＝＝＝＝＝
【✨はじめての方へ✨】

✔ はじめは 1 つの工程からお任せします
✔ 手順が決まっているので迷いません
✔ もくもく進めたい方に向いています
✔ 慣れてきたら担当を広げられます

＝＝＝＝＝＝＝＝＝＝＝＝＝＝＝
【✧勤務地✧】

愛知県津島市錦町（津島駅エリア）

給与・勤務時間・シフトなどの詳細は、
ご応募後にあらためてご案内します。
ご不明な点はご応募後にご説明します。","《✼このお仕事の特徴✼》

✅ ① 決まった手順の繰り返しです
同じ流れを繰り返すので、覚えてしまえば迷いません。

✅ ② 細かい違いに気づける方に向いています
傷・汚れ・数量の違いを見つけるのが役割です。

✅ ③ 担当を少しずつ広げられます
慣れてきたら別の工程もお願いすることがあります。

＝＝＝＝＝＝＝＝＝＝＝＝＝＝＝
《✼向いている方✼》

✔ 数字や品番の確認が苦にならない方
✔ 同じ作業を正確に繰り返せる方
✔ 倉庫ワークがはじめての方

＝＝＝＝＝＝＝＝＝＝＝＝＝＝＝
《✼応募について✼》

✔ 経験・資格は必要ありません
✔ 給与・勤務時間・シフト・待遇の詳細は応募後にご案内します
✔ 気になる点だけのお問い合わせも歓迎します"
蟹江,愛知県海部郡蟹江町,駅チカ勤務◎検品からはじめる倉庫ワーク◎,経験不問｜検品・仕分けスタッフ｜蟹江駅エリア,"✦・━━━━━━━━━━━━━━━・✦
＼愛知県海部郡蟹江町で募集中／
話すより手を動かしたい方へ。
もくもく進める検品・梱包◎
✦・━━━━━━━━━━━━━━━・✦

「立ちっぱなしはきつい」
「腰を痛めたことがある」

重量物の持ち運びはありません。座り作業の工程もあります。

＝＝＝＝＝＝＝＝＝＝＝＝＝＝＝
【✧お仕事の内容✧】

■ 検品
伝票やチェックリストと照らして、品番と数量を確認します。

■ 梱包
商品を緩衝材で包み、指定のサイズの箱に詰めます。

■ ラベル貼り
送り先の伝票やラベルを、決められた位置に貼ります。

■ 仕分け
届け先ごとに商品を分け、所定の場所に置きます。

＝＝＝＝＝＝＝＝＝＝＝＝＝＝＝
【✨はじめての方へ✨】

✔ はじめは 1 つの工程からお任せします
✔ 手順が決まっているので迷いません
✔ もくもく進めたい方に向いています
✔ 慣れてきたら担当を広げられます

＝＝＝＝＝＝＝＝＝＝＝＝＝＝＝
【✧勤務地✧】

愛知県海部郡蟹江町（蟹江駅エリア）

給与・勤務時間・シフトなどの詳細は、
ご応募後にあらためてご案内します。
ご不明な点はご応募後にご説明します。","《✼ここがはじめやすい✼》

✅ ① 決まった手順の繰り返しです
同じ流れを繰り返すので、覚えてしまえば迷いません。

✅ ② 細かい違いに気づける方に向いています
傷・汚れ・数量の違いを見つけるのが役割です。

✅ ③ 担当を少しずつ広げられます
慣れてきたら別の工程もお願いすることがあります。

＝＝＝＝＝＝＝＝＝＝＝＝＝＝＝
《✼向いている方✼》

✔ 数字や品番の確認が苦にならない方
✔ 同じ作業を正確に繰り返せる方
✔ 倉庫ワークがはじめての方

＝＝＝＝＝＝＝＝＝＝＝＝＝＝＝
《✼応募について✼》

✔ 経験・資格は必要ありません
✔ 給与・勤務時間・シフト・待遇の詳細は応募後にご案内します
✔ 気になる点だけのお問い合わせも歓迎します"
弥富,愛知県弥富市鯏浦町,はじめてOK◎検品からはじめる倉庫ワーク！,はじめてOK｜検品・仕分けスタッフ｜弥富駅エリア,"✦・━━━━━━━━━━━━━━━・✦
＼愛知県弥富市で募集中／
まずは1工程から。
検品・梱包スタッフ募集◎
✦・━━━━━━━━━━━━━━━・✦

「立ちっぱなしはきつい」
「腰を痛めたことがある」

重量物の持ち運びはありません。座り作業の工程もあります。

＝＝＝＝＝＝＝＝＝＝＝＝＝＝＝
【✧お仕事の内容✧】

■ 商品を受け取る
作業台に運ばれてきた商品を受け取ります。

■ 状態を見る
傷・汚れ・数量の違いがないかを確認します。

■ 箱に詰める
緩衝材で包み、指定の箱に入れて封をします。

■ ラベルを貼る
伝票を所定の位置に貼って、次の工程へ回します。

＝＝＝＝＝＝＝＝＝＝＝＝＝＝＝
【✨はじめての方へ✨】

✔ はじめは 1 つの工程からお任せします
✔ 手順が決まっているので迷いません
✔ もくもく進めたい方に向いています
✔ 慣れてきたら担当を広げられます

＝＝＝＝＝＝＝＝＝＝＝＝＝＝＝
【✧勤務地✧】

愛知県弥富市鯏浦町（弥富駅エリア）

給与・勤務時間・シフトなどの詳細は、
ご応募後にあらためてご案内します。
まずは仕事内容を知るところからで大丈夫です。","《✼働き方のポイント✼》

✅ ① 決まった手順の繰り返しです
同じ流れを繰り返すので、覚えてしまえば迷いません。

✅ ② 細かい違いに気づける方に向いています
傷・汚れ・数量の違いを見つけるのが役割です。

✅ ③ 担当を少しずつ広げられます
慣れてきたら別の工程もお願いすることがあります。

＝＝＝＝＝＝＝＝＝＝＝＝＝＝＝
《✼向いている方✼》

✔ 数字や品番の確認が苦にならない方
✔ 同じ作業を正確に繰り返せる方
✔ 倉庫ワークがはじめての方

＝＝＝＝＝＝＝＝＝＝＝＝＝＝＝
《✼応募について✼》

✔ 経験・資格は必要ありません
✔ 給与・勤務時間・シフト・待遇の詳細は応募後にご案内します
✔ 気になる点だけのお問い合わせも歓迎します"
徳重・名古屋芸大,愛知県北名古屋市徳重,1工程から◎検品からはじめる倉庫ワーク☆,未経験OK｜検品・梱包｜徳重・名古屋芸大駅,"✦・━━━━━━━━━━━━━━━・✦
＼愛知県北名古屋市で募集中／
重いものを運ぶ作業はありません。
からだに負担の少ない検品・梱包◎
✦・━━━━━━━━━━━━━━━・✦

「立ちっぱなしはきつい」
「腰を痛めたことがある」

重量物の持ち運びはありません。座り作業の工程もあります。

＝＝＝＝＝＝＝＝＝＝＝＝＝＝＝
【✧お仕事の内容✧】

■ 商品を受け取る
作業台に運ばれてきた商品を受け取ります。

■ 状態を見る
傷・汚れ・数量の違いがないかを確認します。

■ 箱に詰める
緩衝材で包み、指定の箱に入れて封をします。

■ ラベルを貼る
伝票を所定の位置に貼って、次の工程へ回します。

＝＝＝＝＝＝＝＝＝＝＝＝＝＝＝
【✨はじめての方へ✨】

✔ 特別な資格は要りません
✔ 確認する項目は紙とリストで示されます
✔ 重量物の持ち運びはありません
✔ 工程は日によって変わることがあります

＝＝＝＝＝＝＝＝＝＝＝＝＝＝＝
【✧勤務地✧】

愛知県北名古屋市徳重（徳重・名古屋芸大駅エリア）

給与・勤務時間・シフトなどの詳細は、
ご応募後にあらためてご案内します。
まずは仕事内容を知るところからで大丈夫です。","《✼作業のすすめ方✼》

✅ ① 決まった手順の繰り返しです
同じ流れを繰り返すので、覚えてしまえば迷いません。

✅ ② 細かい違いに気づける方に向いています
傷・汚れ・数量の違いを見つけるのが役割です。

✅ ③ 担当を少しずつ広げられます
慣れてきたら別の工程もお願いすることがあります。

＝＝＝＝＝＝＝＝＝＝＝＝＝＝＝
《✼向いている方✼》

✔ 数字や品番の確認が苦にならない方
✔ 同じ作業を正確に繰り返せる方
✔ 倉庫ワークがはじめての方

＝＝＝＝＝＝＝＝＝＝＝＝＝＝＝
《✼応募について✼》

✔ 経験・資格は必要ありません
✔ 給与・勤務時間・シフト・待遇の詳細は応募後にご案内します
✔ 気になる点だけのお問い合わせも歓迎します"
