区/市,職種,駅名,住所,キャッチコピー,タイトル,仕事内容,アピールポイント
名古屋市中村区,軽作業スタッフ（アルバイト・パート）,名古屋,愛知県名古屋市中村区名駅一丁目,週5フルタイム◎倉庫内のピッキング・検品スタッフ♪,未経験から｜倉庫内の軽作業｜名古屋駅エリア,"✦・━━━━━━━━━━━━━━━・✦
＼愛知県名古屋市中村区で募集中／
週5日以上・フルタイムで働きたい方へ。
倉庫内の軽作業スタッフ募集◎
✦・━━━━━━━━━━━━━━━・✦

「アルバイトでも、しっかり日数を入れたい」
「毎日決まった時間で働きたい」

このお仕事は週5日以上・1日実働8時間程度のフルタイム勤務が前提です。

＝＝＝＝＝＝＝＝＝＝＝＝＝＝＝
【✧お仕事の内容✧】
■ ピッキング
リストの棚番号を見て、指定された商品を集めます。
■ 検品
品番と数量がリストと合っているかを確認します。
■ 梱包
商品を緩衝材で包み、指定の箱に詰めます。
■ 仕分け
届け先ごとに商品を分け、所定の場所に置きます。

＝＝＝＝＝＝＝＝＝＝＝＝＝＝＝
【✧勤務条件✧】
✔ 週5日以上・1日実働8時間程度のフルタイム勤務です
✔ シフト制です
✔ 毎日同じリズムで働きたい方に向いています
✔ 勤務時間の詳細は応募後にご案内します

＝＝＝＝＝＝＝＝＝＝＝＝＝＝＝
【✨はじめての方へ✨】
✔ 経験・資格は必要ありません
✔ 作業手順はマニュアルで決まっています
✔ 接客や電話対応はありません
✔ 覚える範囲は担当する工程だけです

＝＝＝＝＝＝＝＝＝＝＝＝＝＝＝
【✧勤務地✧】

愛知県名古屋市中村区名駅一丁目（名古屋駅エリア）

雇用形態はアルバイト・パートです。
給与・勤務時間・シフトなどの詳細は、
ご応募後にあらためてご案内します。
まずはお気軽にご応募ください。","《✼このお仕事の特徴✼》

✅ ① 週5日以上のフルタイム勤務です
1日実働8時間程度の勤務です。
日数を入れて働きたい方に向いています。

✅ ② 手順が決まっています
何をどの順で確認するかはリストとマニュアルにあります。
自分で判断する場面はほとんどありません。

✅ ③ 接客・電話対応はありません
倉庫内での作業が中心です。
人と話すより手を動かしたい方に向いています。

＝＝＝＝＝＝＝＝＝＝＝＝＝＝＝
《✼向いている方✼》
✔ 週5日以上・フルタイムで働きたい方
✔ コツコツ続けるのが得意な方
✔ 手順どおりに進めるのが好きな方

＝＝＝＝＝＝＝＝＝＝＝＝＝＝＝
《✼応募について✼》
✔ 経験・資格は必要ありません
✔ 雇用形態はアルバイト・パートです
✔ 給与・勤務時間・シフトの詳細は応募後にご案内します
✔ 気になる点だけのお問い合わせも歓迎します"
名古屋市中区,軽作業スタッフ（アルバイト・パート）,金山,愛知県名古屋市中区金山一丁目,しっかり働きたい方へ◎倉庫内のピッキング・検品スタッフ◎,経験不問｜倉庫内の軽作業｜金山駅エリア,"✦・━━━━━━━━━━━━━━━・✦
＼愛知県名古屋市中区で募集中／
毎日同じリズムで働きたい方へ。
シフト制・フルタイムの軽作業◎
✦・━━━━━━━━━━━━━━━・✦

「アルバイトでも、しっかり日数を入れたい」
「毎日決まった時間で働きたい」

このお仕事は週5日以上・1日実働8時間程度のフルタイム勤務が前提です。

＝＝＝＝＝＝＝＝＝＝＝＝＝＝＝
【✧お仕事の内容✧】
■ ピッキング
リストの棚番号を見て、指定された商品を集めます。
■ 検品
品番と数量がリストと合っているかを確認します。
■ 梱包
商品を緩衝材で包み、指定の箱に詰めます。
■ 仕分け
届け先ごとに商品を分け、所定の場所に置きます。

＝＝＝＝＝＝＝＝＝＝＝＝＝＝＝
【✧勤務条件✧】
✔ 週5日以上・1日実働8時間程度のフルタイム勤務です
✔ シフト制です
✔ 毎日同じリズムで働きたい方に向いています
✔ 勤務時間の詳細は応募後にご案内します

＝＝＝＝＝＝＝＝＝＝＝＝＝＝＝
【✨はじめての方へ✨】
✔ 経験・資格は必要ありません
✔ 作業手順はマニュアルで決まっています
✔ 接客や電話対応はありません
✔ 覚える範囲は担当する工程だけです

＝＝＝＝＝＝＝＝＝＝＝＝＝＝＝
【✧勤務地✧】

愛知県名古屋市中区金山一丁目（金山駅エリア）

雇用形態はアルバイト・パートです。
給与・勤務時間・シフトなどの詳細は、
ご応募後にあらためてご案内します。
まずはお気軽にご応募ください。","《✼ここがはじめやすい✼》

✅ ① 週5日以上のフルタイム勤務です
1日実働8時間程度の勤務です。
日数を入れて働きたい方に向いています。

✅ ② 手順が決まっています
何をどの順で確認するかはリストとマニュアルにあります。
自分で判断する場面はほとんどありません。

✅ ③ 接客・電話対応はありません
倉庫内での作業が中心です。
人と話すより手を動かしたい方に向いています。

＝＝＝＝＝＝＝＝＝＝＝＝＝＝＝
《✼向いている方✼》
✔ 週5日以上・フルタイムで働きたい方
✔ コツコツ続けるのが得意な方
✔ 手順どおりに進めるのが好きな方

＝＝＝＝＝＝＝＝＝＝＝＝＝＝＝
《✼応募について✼》
✔ 経験・資格は必要ありません
✔ 雇用形態はアルバイト・パートです
✔ 給与・勤務時間・シフトの詳細は応募後にご案内します
✔ 気になる点だけのお問い合わせも歓迎します"
名古屋市中区,軽作業スタッフ（アルバイト・パート）,栄,愛知県名古屋市中区栄三丁目,安定シフト◎倉庫内のピッキング・検品スタッフ！,未経験スタート｜倉庫内の軽作業｜栄駅エリア,"✦・━━━━━━━━━━━━━━━・✦
＼愛知県名古屋市中区で募集中／
アルバイト・パートでしっかり働く。
倉庫内のピッキング・検品スタッフ◎
✦・━━━━━━━━━━━━━━━・✦

「アルバイトでも、しっかり日数を入れたい」
「毎日決まった時間で働きたい」

このお仕事は週5日以上・1日実働8時間程度のフルタイム勤務が前提です。

＝＝＝＝＝＝＝＝＝＝＝＝＝＝＝
【✧お仕事の内容✧】
■ 商品を受け取る
作業台まで運ばれてきた商品を受け取ります。
■ 状態を見る
傷・汚れ・数量の違いがないかを確認します。
■ 箱に詰める
緩衝材で包み、指定の箱に入れて封をします。
■ ラベルを貼る
伝票を決められた位置に貼り、次の工程へ回します。

＝＝＝＝＝＝＝＝＝＝＝＝＝＝＝
【✧勤務条件✧】
✔ 週5日以上・1日実働8時間程度のフルタイム勤務です
✔ シフト制です
✔ 毎日同じリズムで働きたい方に向いています
✔ 勤務時間の詳細は応募後にご案内します

＝＝＝＝＝＝＝＝＝＝＝＝＝＝＝
【✨はじめての方へ✨】
✔ 経験・資格は必要ありません
✔ 作業手順はマニュアルで決まっています
✔ 接客や電話対応はありません
✔ 覚える範囲は担当する工程だけです

＝＝＝＝＝＝＝＝＝＝＝＝＝＝＝
【✧勤務地✧】

愛知県名古屋市中区栄三丁目（栄駅エリア）

雇用形態はアルバイト・パートです。
給与・勤務時間・シフトなどの詳細は、
ご応募後にあらためてご案内します。
まずはお気軽にご応募ください。","《✼働き方のポイント✼》

✅ ① 週5日以上のフルタイム勤務です
1日実働8時間程度の勤務です。
日数を入れて働きたい方に向いています。

✅ ② 手順が決まっています
何をどの順で確認するかはリストとマニュアルにあります。
自分で判断する場面はほとんどありません。

✅ ③ 接客・電話対応はありません
倉庫内での作業が中心です。
人と話すより手を動かしたい方に向いています。

＝＝＝＝＝＝＝＝＝＝＝＝＝＝＝
《✼向いている方✼》
✔ 週5日以上・フルタイムで働きたい方
✔ コツコツ続けるのが得意な方
✔ 手順どおりに進めるのが好きな方

＝＝＝＝＝＝＝＝＝＝＝＝＝＝＝
《✼応募について✼》
✔ 経験・資格は必要ありません
✔ 雇用形態はアルバイト・パートです
✔ 給与・勤務時間・シフトの詳細は応募後にご案内します
✔ 気になる点だけのお問い合わせも歓迎します"
名古屋市名東区,軽作業スタッフ（アルバイト・パート）,藤が丘,愛知県名古屋市名東区藤が丘,フルタイム勤務◎倉庫内のピッキング・検品スタッフ☆,資格不要｜倉庫内の軽作業｜藤が丘駅エリア,"✦・━━━━━━━━━━━━━━━・✦
＼愛知県名古屋市名東区で募集中／
腰を据えて働きたい方へ。
週5日以上のフルタイム軽作業◎
✦・━━━━━━━━━━━━━━━・✦

「アルバイトでも、しっかり日数を入れたい」
「毎日決まった時間で働きたい」

このお仕事は週5日以上・1日実働8時間程度のフルタイム勤務が前提です。

＝＝＝＝＝＝＝＝＝＝＝＝＝＝＝
【✧お仕事の内容✧】
■ 商品を受け取る
作業台まで運ばれてきた商品を受け取ります。
■ 状態を見る
傷・汚れ・数量の違いがないかを確認します。
■ 箱に詰める
緩衝材で包み、指定の箱に入れて封をします。
■ ラベルを貼る
伝票を決められた位置に貼り、次の工程へ回します。

＝＝＝＝＝＝＝＝＝＝＝＝＝＝＝
【✧勤務条件✧】
✔ 週5日以上の勤務が前提です
✔ 1日実働8時間程度のフルタイムです
✔ シフトは週5日以上を前提に組みます
✔ 開始時刻など詳細は応募後にご案内します

＝＝＝＝＝＝＝＝＝＝＝＝＝＝＝
【✨はじめての方へ✨】
✔ 経験・資格は必要ありません
✔ 作業手順はマニュアルで決まっています
✔ 接客や電話対応はありません
✔ 覚える範囲は担当する工程だけです

＝＝＝＝＝＝＝＝＝＝＝＝＝＝＝
【✧勤務地✧】

愛知県名古屋市名東区藤が丘（藤が丘駅エリア）

雇用形態はアルバイト・パートです。
給与・勤務時間・シフトなどの詳細は、
ご応募後にあらためてご案内します。
まずはお気軽にご応募ください。","《✼作業のすすめ方✼》

✅ ① 週5日以上のフルタイム勤務です
1日実働8時間程度の勤務です。
日数を入れて働きたい方に向いています。

✅ ② 手順が決まっています
何をどの順で確認するかはリストとマニュアルにあります。
自分で判断する場面はほとんどありません。

✅ ③ 接客・電話対応はありません
倉庫内での作業が中心です。
人と話すより手を動かしたい方に向いています。

＝＝＝＝＝＝＝＝＝＝＝＝＝＝＝
《✼向いている方✼》
✔ 週5日以上・フルタイムで働きたい方
✔ コツコツ続けるのが得意な方
✔ 手順どおりに進めるのが好きな方

＝＝＝＝＝＝＝＝＝＝＝＝＝＝＝
《✼応募について✼》
✔ 経験・資格は必要ありません
✔ 雇用形態はアルバイト・パートです
✔ 給与・勤務時間・シフトの詳細は応募後にご案内します
✔ 気になる点だけのお問い合わせも歓迎します"
名古屋市千種区,軽作業スタッフ（アルバイト・パート）,千種,愛知県名古屋市千種区内山三丁目,腰を据えて働ける◎倉庫内のピッキング・検品スタッフ✨,もくもく作業｜倉庫内の軽作業｜千種駅エリア,"✦・━━━━━━━━━━━━━━━・✦
＼愛知県名古屋市千種区で募集中／
生活のリズムをつくりたい方へ。
倉庫内の軽作業スタッフ募集◎
✦・━━━━━━━━━━━━━━━・✦

「アルバイトでも、しっかり日数を入れたい」
「毎日決まった時間で働きたい」

このお仕事は週5日以上・1日実働8時間程度のフルタイム勤務が前提です。

＝＝＝＝＝＝＝＝＝＝＝＝＝＝＝
【✧お仕事の内容✧】
■ 開始前の確認
その日の担当工程と作業量を確認します。
■ ピッキング・検品
リストに沿って商品を集め、品番と数量を確かめます。
■ 梱包・仕分け
包んで箱詰めし、届け先ごとに分けます。
■ 片付け
使った資材と作業エリアを整えて終了です。

＝＝＝＝＝＝＝＝＝＝＝＝＝＝＝
【✧勤務条件✧】
✔ 週5日以上の勤務が前提です
✔ 1日実働8時間程度のフルタイムです
✔ シフトは週5日以上を前提に組みます
✔ 開始時刻など詳細は応募後にご案内します

＝＝＝＝＝＝＝＝＝＝＝＝＝＝＝
【✨はじめての方へ✨】
✔ 経験・資格は必要ありません
✔ 作業手順はマニュアルで決まっています
✔ 接客や電話対応はありません
✔ 覚える範囲は担当する工程だけです

＝＝＝＝＝＝＝＝＝＝＝＝＝＝＝
【✧勤務地✧】

愛知県名古屋市千種区内山三丁目（千種駅エリア）

雇用形態はアルバイト・パートです。
給与・勤務時間・シフトなどの詳細は、
ご応募後にあらためてご案内します。
まずはお気軽にご応募ください。","《✼続けやすい理由✼》

✅ ① 週5日以上のフルタイム勤務です
1日実働8時間程度の勤務です。
日数を入れて働きたい方に向いています。

✅ ② 手順が決まっています
何をどの順で確認するかはリストとマニュアルにあります。
自分で判断する場面はほとんどありません。

✅ ③ 接客・電話対応はありません
倉庫内での作業が中心です。
人と話すより手を動かしたい方に向いています。

＝＝＝＝＝＝＝＝＝＝＝＝＝＝＝
《✼向いている方✼》
✔ 週5日以上・フルタイムで働きたい方
✔ コツコツ続けるのが得意な方
✔ 手順どおりに進めるのが好きな方

＝＝＝＝＝＝＝＝＝＝＝＝＝＝＝
《✼応募について✼》
✔ 経験・資格は必要ありません
✔ 雇用形態はアルバイト・パートです
✔ 給与・勤務時間・シフトの詳細は応募後にご案内します
✔ 気になる点だけのお問い合わせも歓迎します"
名古屋市東区,軽作業スタッフ（アルバイト・パート）,大曽根,愛知県名古屋市東区東大曽根町,毎日同じリズムで◎倉庫内のピッキング・検品スタッフ♪,未経験から｜軽作業スタッフ｜大曽根駅エリア,"✦・━━━━━━━━━━━━━━━・✦
＼愛知県名古屋市東区で募集中／
週5日以上・フルタイムで働きたい方へ。
倉庫内の軽作業スタッフ募集◎
✦・━━━━━━━━━━━━━━━・✦

「倉庫の仕事は力がいるのでは？」
「経験がないと難しそう」

扱うのは片手で持てるサイズの商品が中心です。手順も決まっています。

＝＝＝＝＝＝＝＝＝＝＝＝＝＝＝
【✧お仕事の内容✧】
■ 開始前の確認
その日の担当工程と作業量を確認します。
■ ピッキング・検品
リストに沿って商品を集め、品番と数量を確かめます。
■ 梱包・仕分け
包んで箱詰めし、届け先ごとに分けます。
■ 片付け
使った資材と作業エリアを整えて終了です。

＝＝＝＝＝＝＝＝＝＝＝＝＝＝＝
【✧勤務条件✧】
✔ 週5日以上の勤務が前提です
✔ 1日実働8時間程度のフルタイムです
✔ シフトは週5日以上を前提に組みます
✔ 開始時刻など詳細は応募後にご案内します

＝＝＝＝＝＝＝＝＝＝＝＝＝＝＝
【✨はじめての方へ✨】
✔ 経験・資格は必要ありません
✔ 作業手順はマニュアルで決まっています
✔ 接客や電話対応はありません
✔ 覚える範囲は担当する工程だけです

＝＝＝＝＝＝＝＝＝＝＝＝＝＝＝
【✧勤務地✧】

愛知県名古屋市東区東大曽根町（大曽根駅エリア）

雇用形態はアルバイト・パートです。
給与・勤務時間・シフトなどの詳細は、
ご応募後にあらためてご案内します。
まずはお気軽にご応募ください。","《✼このお仕事の特徴✼》

✅ ① 経験も資格も要りません
ピッキング・検品・梱包・仕分けのどれも決まった手順で進めます。

✅ ② 重いものを運ぶ作業はありません
扱うのは片手で持てるサイズの商品が中心です。

✅ ③ 毎日のリズムがつくれます
週5日以上・1日実働8時間程度の勤務なので、
生活の予定を立てやすい働き方です。

＝＝＝＝＝＝＝＝＝＝＝＝＝＝＝
《✼向いている方✼》
✔ 週5日以上・フルタイムで働きたい方
✔ コツコツ続けるのが得意な方
✔ 手順どおりに進めるのが好きな方

＝＝＝＝＝＝＝＝＝＝＝＝＝＝＝
《✼応募について✼》
✔ 経験・資格は必要ありません
✔ 雇用形態はアルバイト・パートです
✔ 給与・勤務時間・シフトの詳細は応募後にご案内します
✔ 気になる点だけのお問い合わせも歓迎します"
豊橋市,軽作業スタッフ（アルバイト・パート）,豊橋,愛知県豊橋市花田町,生活リズムを整えたい方へ◎倉庫内のピッキング・検品スタッフ◎,経験不問｜軽作業スタッフ｜豊橋駅エリア,"✦・━━━━━━━━━━━━━━━・✦
＼愛知県豊橋市で募集中／
毎日同じリズムで働きたい方へ。
シフト制・フルタイムの軽作業◎
✦・━━━━━━━━━━━━━━━・✦

「倉庫の仕事は力がいるのでは？」
「経験がないと難しそう」

扱うのは片手で持てるサイズの商品が中心です。手順も決まっています。

＝＝＝＝＝＝＝＝＝＝＝＝＝＝＝
【✧お仕事の内容✧】
■ ピッキング（リストの棚番号を見て商品を集める）
■ 検品（品番と数量をリストと照合する）
■ 梱包（緩衝材で包み、指定の箱へ）
■ 仕分け（届け先ごとに分けて所定の場所へ）

＝＝＝＝＝＝＝＝＝＝＝＝＝＝＝
【✧勤務条件✧】
✔ フルタイム勤務（1日実働8時間程度）です
✔ 週5日以上入れる方を想定しています
✔ シフト制で担当工程は日によって変わります
✔ 勤務時間の詳細は応募後にご案内します

＝＝＝＝＝＝＝＝＝＝＝＝＝＝＝
【✨はじめての方へ✨】
✔ 経験・資格は必要ありません
✔ 作業手順はマニュアルで決まっています
✔ 接客や電話対応はありません
✔ 覚える範囲は担当する工程だけです

＝＝＝＝＝＝＝＝＝＝＝＝＝＝＝
【✧勤務地✧】

愛知県豊橋市花田町（豊橋駅エリア）

雇用形態はアルバイト・パートです。
給与・勤務時間・シフトなどの詳細は、
ご応募後にあらためてご案内します。
まずはお気軽にご応募ください。","《✼ここがはじめやすい✼》

✅ ① 経験も資格も要りません
ピッキング・検品・梱包・仕分けのどれも決まった手順で進めます。

✅ ② 重いものを運ぶ作業はありません
扱うのは片手で持てるサイズの商品が中心です。

✅ ③ 毎日のリズムがつくれます
週5日以上・1日実働8時間程度の勤務なので、
生活の予定を立てやすい働き方です。

＝＝＝＝＝＝＝＝＝＝＝＝＝＝＝
《✼向いている方✼》
✔ 週5日以上・フルタイムで働きたい方
✔ コツコツ続けるのが得意な方
✔ 手順どおりに進めるのが好きな方

＝＝＝＝＝＝＝＝＝＝＝＝＝＝＝
《✼応募について✼》
✔ 経験・資格は必要ありません
✔ 雇用形態はアルバイト・パートです
✔ 給与・勤務時間・シフトの詳細は応募後にご案内します
✔ 気になる点だけのお問い合わせも歓迎します"
名古屋市中区,軽作業スタッフ（アルバイト・パート）,伏見,愛知県名古屋市中区栄一丁目,長く続けたい方へ◎倉庫内のピッキング・検品スタッフ！,未経験スタート｜軽作業スタッフ｜伏見駅エリア,"✦・━━━━━━━━━━━━━━━・✦
＼愛知県名古屋市中区で募集中／
アルバイト・パートでしっかり働く。
倉庫内のピッキング・検品スタッフ◎
✦・━━━━━━━━━━━━━━━・✦

「倉庫の仕事は力がいるのでは？」
「経験がないと難しそう」

扱うのは片手で持てるサイズの商品が中心です。手順も決まっています。

＝＝＝＝＝＝＝＝＝＝＝＝＝＝＝
【✧お仕事の内容✧】
■ ピッキング（リストの棚番号を見て商品を集める）
■ 検品（品番と数量をリストと照合する）
■ 梱包（緩衝材で包み、指定の箱へ）
■ 仕分け（届け先ごとに分けて所定の場所へ）

＝＝＝＝＝＝＝＝＝＝＝＝＝＝＝
【✧勤務条件✧】
✔ フルタイム勤務（1日実働8時間程度）です
✔ 週5日以上入れる方を想定しています
✔ シフト制で担当工程は日によって変わります
✔ 勤務時間の詳細は応募後にご案内します

＝＝＝＝＝＝＝＝＝＝＝＝＝＝＝
【✨はじめての方へ✨】
✔ 未経験から始められます
✔ 判断の基準はリストとマニュアルにあります
✔ 扱うのは片手で持てるサイズが中心です
✔ 分からないことはその場で確認できます

＝＝＝＝＝＝＝＝＝＝＝＝＝＝＝
【✧勤務地✧】

愛知県名古屋市中区栄一丁目（伏見駅エリア）

雇用形態はアルバイト・パートです。
給与・勤務時間・シフトなどの詳細は、
ご応募後にあらためてご案内します。
まずはお気軽にご応募ください。","《✼働き方のポイント✼》

✅ ① 経験も資格も要りません
ピッキング・検品・梱包・仕分けのどれも決まった手順で進めます。

✅ ② 重いものを運ぶ作業はありません
扱うのは片手で持てるサイズの商品が中心です。

✅ ③ 毎日のリズムがつくれます
週5日以上・1日実働8時間程度の勤務なので、
生活の予定を立てやすい働き方です。

＝＝＝＝＝＝＝＝＝＝＝＝＝＝＝
《✼向いている方✼》
✔ 週5日以上・フルタイムで働きたい方
✔ コツコツ続けるのが得意な方
✔ 手順どおりに進めるのが好きな方

＝＝＝＝＝＝＝＝＝＝＝＝＝＝＝
《✼応募について✼》
✔ 経験・資格は必要ありません
✔ 雇用形態はアルバイト・パートです
✔ 給与・勤務時間・シフトの詳細は応募後にご案内します
✔ 気になる点だけのお問い合わせも歓迎します"
名古屋市中区,軽作業スタッフ（アルバイト・パート）,上前津,愛知県名古屋市中区上前津一丁目,もくもく作業◎倉庫内のピッキング・検品スタッフ☆,資格不要｜軽作業スタッフ｜上前津駅エリア,"✦・━━━━━━━━━━━━━━━・✦
＼愛知県名古屋市中区で募集中／
腰を据えて働きたい方へ。
週5日以上のフルタイム軽作業◎
✦・━━━━━━━━━━━━━━━・✦

「倉庫の仕事は力がいるのでは？」
「経験がないと難しそう」

扱うのは片手で持てるサイズの商品が中心です。手順も決まっています。

＝＝＝＝＝＝＝＝＝＝＝＝＝＝＝
【✧お仕事の内容✧】
■ ピッキング
リストの棚番号を見て、指定された商品を集めます。
■ 検品
品番と数量がリストと合っているかを確認します。
■ 梱包
商品を緩衝材で包み、指定の箱に詰めます。
■ 仕分け
届け先ごとに商品を分け、所定の場所に置きます。

＝＝＝＝＝＝＝＝＝＝＝＝＝＝＝
【✧勤務条件✧】
✔ フルタイム勤務（1日実働8時間程度）です
✔ 週5日以上入れる方を想定しています
✔ シフト制で担当工程は日によって変わります
✔ 勤務時間の詳細は応募後にご案内します

＝＝＝＝＝＝＝＝＝＝＝＝＝＝＝
【✨はじめての方へ✨】
✔ 未経験から始められます
✔ 判断の基準はリストとマニュアルにあります
✔ 扱うのは片手で持てるサイズが中心です
✔ 分からないことはその場で確認できます

＝＝＝＝＝＝＝＝＝＝＝＝＝＝＝
【✧勤務地✧】

愛知県名古屋市中区上前津一丁目（上前津駅エリア）

雇用形態はアルバイト・パートです。
給与・勤務時間・シフトなどの詳細は、
ご応募後にあらためてご案内します。
まずはお気軽にご応募ください。","《✼作業のすすめ方✼》

✅ ① 経験も資格も要りません
ピッキング・検品・梱包・仕分けのどれも決まった手順で進めます。

✅ ② 重いものを運ぶ作業はありません
扱うのは片手で持てるサイズの商品が中心です。

✅ ③ 毎日のリズムがつくれます
週5日以上・1日実働8時間程度の勤務なので、
生活の予定を立てやすい働き方です。

＝＝＝＝＝＝＝＝＝＝＝＝＝＝＝
《✼向いている方✼》
✔ 週5日以上・フルタイムで働きたい方
✔ コツコツ続けるのが得意な方
✔ 手順どおりに進めるのが好きな方

＝＝＝＝＝＝＝＝＝＝＝＝＝＝＝
《✼応募について✼》
✔ 経験・資格は必要ありません
✔ 雇用形態はアルバイト・パートです
✔ 給与・勤務時間・シフトの詳細は応募後にご案内します
✔ 気になる点だけのお問い合わせも歓迎します"
名古屋市千種区,軽作業スタッフ（アルバイト・パート）,本山,愛知県名古屋市千種区末盛通,駅チカ勤務◎倉庫内のピッキング・検品スタッフ✨,もくもく作業｜軽作業スタッフ｜本山駅エリア,"✦・━━━━━━━━━━━━━━━・✦
＼愛知県名古屋市千種区で募集中／
生活のリズムをつくりたい方へ。
倉庫内の軽作業スタッフ募集◎
✦・━━━━━━━━━━━━━━━・✦

「倉庫の仕事は力がいるのでは？」
「経験がないと難しそう」

扱うのは片手で持てるサイズの商品が中心です。手順も決まっています。

＝＝＝＝＝＝＝＝＝＝＝＝＝＝＝
【✧お仕事の内容✧】
■ ピッキング
リストの棚番号を見て、指定された商品を集めます。
■ 検品
品番と数量がリストと合っているかを確認します。
■ 梱包
商品を緩衝材で包み、指定の箱に詰めます。
■ 仕分け
届け先ごとに商品を分け、所定の場所に置きます。

＝＝＝＝＝＝＝＝＝＝＝＝＝＝＝
【✧勤務条件✧】
✔ 週5日以上・1日実働8時間程度です
✔ シフト制です
✔ 予定を立てて働きたい方に向いています
✔ 勤務日数の詳細は応募後にご案内します

＝＝＝＝＝＝＝＝＝＝＝＝＝＝＝
【✨はじめての方へ✨】
✔ 未経験から始められます
✔ 判断の基準はリストとマニュアルにあります
✔ 扱うのは片手で持てるサイズが中心です
✔ 分からないことはその場で確認できます

＝＝＝＝＝＝＝＝＝＝＝＝＝＝＝
【✧勤務地✧】

愛知県名古屋市千種区末盛通（本山駅エリア）

雇用形態はアルバイト・パートです。
給与・勤務時間・シフトなどの詳細は、
ご応募後にあらためてご案内します。
まずはお気軽にご応募ください。","《✼続けやすい理由✼》

✅ ① 経験も資格も要りません
ピッキング・検品・梱包・仕分けのどれも決まった手順で進めます。

✅ ② 重いものを運ぶ作業はありません
扱うのは片手で持てるサイズの商品が中心です。

✅ ③ 毎日のリズムがつくれます
週5日以上・1日実働8時間程度の勤務なので、
生活の予定を立てやすい働き方です。

＝＝＝＝＝＝＝＝＝＝＝＝＝＝＝
《✼向いている方✼》
✔ 週5日以上・フルタイムで働きたい方
✔ コツコツ続けるのが得意な方
✔ 手順どおりに進めるのが好きな方

＝＝＝＝＝＝＝＝＝＝＝＝＝＝＝
《✼応募について✼》
✔ 経験・資格は必要ありません
✔ 雇用形態はアルバイト・パートです
✔ 給与・勤務時間・シフトの詳細は応募後にご案内します
✔ 気になる点だけのお問い合わせも歓迎します"
名古屋市千種区,軽作業スタッフ（アルバイト・パート）,今池,愛知県名古屋市千種区今池,週5フルタイム◎検品と梱包中心の軽作業♪,未経験から｜検品・梱包の軽作業｜今池駅エリア,"✦・━━━━━━━━━━━━━━━・✦
＼愛知県名古屋市千種区で募集中／
週5日以上・フルタイムで働きたい方へ。
倉庫内の軽作業スタッフ募集◎
✦・━━━━━━━━━━━━━━━・✦

「毎日違う時間だと生活が整わない」
「予定を立てて働きたい」

シフト制ですが、週5日以上・フルタイムでの勤務を前提に組み立てます。

＝＝＝＝＝＝＝＝＝＝＝＝＝＝＝
【✧お仕事の内容✧】
■ 商品を受け取る
作業台まで運ばれてきた商品を受け取ります。
■ 状態を見る
傷・汚れ・数量の違いがないかを確認します。
■ 箱に詰める
緩衝材で包み、指定の箱に入れて封をします。
■ ラベルを貼る
伝票を決められた位置に貼り、次の工程へ回します。

＝＝＝＝＝＝＝＝＝＝＝＝＝＝＝
【✧勤務条件✧】
✔ 週5日以上・1日実働8時間程度です
✔ シフト制です
✔ 予定を立てて働きたい方に向いています
✔ 勤務日数の詳細は応募後にご案内します

＝＝＝＝＝＝＝＝＝＝＝＝＝＝＝
【✨はじめての方へ✨】
✔ 未経験から始められます
✔ 判断の基準はリストとマニュアルにあります
✔ 扱うのは片手で持てるサイズが中心です
✔ 分からないことはその場で確認できます

＝＝＝＝＝＝＝＝＝＝＝＝＝＝＝
【✧勤務地✧】

愛知県名古屋市千種区今池（今池駅エリア）

雇用形態はアルバイト・パートです。
給与・勤務時間・シフトなどの詳細は、
ご応募後にあらためてご案内します。
まずはお気軽にご応募ください。","《✼このお仕事の特徴✼》

✅ ① 1工程からはじめられます
最初から全工程を覚える必要はありません。
担当する工程から順に慣れていけます。

✅ ② 判断の基準は紙にあります
品番と数量はリストと照らして確認します。
記憶に頼る場面はありません。

✅ ③ シフト制で工程が変わります
ピッキング・検品・梱包・仕分けのいずれかを担当します。

＝＝＝＝＝＝＝＝＝＝＝＝＝＝＝
《✼向いている方✼》
✔ 週5日以上・フルタイムで働きたい方
✔ コツコツ続けるのが得意な方
✔ 手順どおりに進めるのが好きな方

＝＝＝＝＝＝＝＝＝＝＝＝＝＝＝
《✼応募について✼》
✔ 経験・資格は必要ありません
✔ 雇用形態はアルバイト・パートです
✔ 給与・勤務時間・シフトの詳細は応募後にご案内します
✔ 気になる点だけのお問い合わせも歓迎します"
一宮市,軽作業スタッフ（アルバイト・パート）,一宮,愛知県一宮市栄三丁目,しっかり働きたい方へ◎検品と梱包中心の軽作業◎,経験不問｜検品・梱包の軽作業｜一宮駅エリア,"✦・━━━━━━━━━━━━━━━・✦
＼愛知県一宮市で募集中／
毎日同じリズムで働きたい方へ。
シフト制・フルタイムの軽作業◎
✦・━━━━━━━━━━━━━━━・✦

「毎日違う時間だと生活が整わない」
「予定を立てて働きたい」

シフト制ですが、週5日以上・フルタイムでの勤務を前提に組み立てます。

＝＝＝＝＝＝＝＝＝＝＝＝＝＝＝
【✧お仕事の内容✧】
■ 商品を受け取る
作業台まで運ばれてきた商品を受け取ります。
■ 状態を見る
傷・汚れ・数量の違いがないかを確認します。
■ 箱に詰める
緩衝材で包み、指定の箱に入れて封をします。
■ ラベルを貼る
伝票を決められた位置に貼り、次の工程へ回します。

＝＝＝＝＝＝＝＝＝＝＝＝＝＝＝
【✧勤務条件✧】
✔ 週5日以上・1日実働8時間程度です
✔ シフト制です
✔ 予定を立てて働きたい方に向いています
✔ 勤務日数の詳細は応募後にご案内します

＝＝＝＝＝＝＝＝＝＝＝＝＝＝＝
【✨はじめての方へ✨】
✔ 未経験から始められます
✔ 判断の基準はリストとマニュアルにあります
✔ 扱うのは片手で持てるサイズが中心です
✔ 分からないことはその場で確認できます

＝＝＝＝＝＝＝＝＝＝＝＝＝＝＝
【✧勤務地✧】

愛知県一宮市栄三丁目（一宮駅エリア）

雇用形態はアルバイト・パートです。
給与・勤務時間・シフトなどの詳細は、
ご応募後にあらためてご案内します。
気になる点はお気軽にお尋ねください。","《✼ここがはじめやすい✼》

✅ ① 1工程からはじめられます
最初から全工程を覚える必要はありません。
担当する工程から順に慣れていけます。

✅ ② 判断の基準は紙にあります
品番と数量はリストと照らして確認します。
記憶に頼る場面はありません。

✅ ③ シフト制で工程が変わります
ピッキング・検品・梱包・仕分けのいずれかを担当します。

＝＝＝＝＝＝＝＝＝＝＝＝＝＝＝
《✼向いている方✼》
✔ 週5日以上・フルタイムで働きたい方
✔ コツコツ続けるのが得意な方
✔ 手順どおりに進めるのが好きな方

＝＝＝＝＝＝＝＝＝＝＝＝＝＝＝
《✼応募について✼》
✔ 経験・資格は必要ありません
✔ 雇用形態はアルバイト・パートです
✔ 給与・勤務時間・シフトの詳細は応募後にご案内します
✔ 気になる点だけのお問い合わせも歓迎します"
岡崎市,軽作業スタッフ（アルバイト・パート）,東岡崎,愛知県岡崎市明大寺町,安定シフト◎検品と梱包中心の軽作業！,未経験スタート｜検品・梱包の軽作業｜東岡崎駅エリア,"✦・━━━━━━━━━━━━━━━・✦
＼愛知県岡崎市で募集中／
アルバイト・パートでしっかり働く。
倉庫内のピッキング・検品スタッフ◎
✦・━━━━━━━━━━━━━━━・✦

「毎日違う時間だと生活が整わない」
「予定を立てて働きたい」

シフト制ですが、週5日以上・フルタイムでの勤務を前提に組み立てます。

＝＝＝＝＝＝＝＝＝＝＝＝＝＝＝
【✧お仕事の内容✧】
■ 開始前の確認
その日の担当工程と作業量を確認します。
■ ピッキング・検品
リストに沿って商品を集め、品番と数量を確かめます。
■ 梱包・仕分け
包んで箱詰めし、届け先ごとに分けます。
■ 片付け
使った資材と作業エリアを整えて終了です。

＝＝＝＝＝＝＝＝＝＝＝＝＝＝＝
【✧勤務条件✧】
✔ 週5日以上・1日実働8時間程度のフルタイム勤務です
✔ シフト制です
✔ 毎日同じリズムで働きたい方に向いています
✔ 勤務時間の詳細は応募後にご案内します

＝＝＝＝＝＝＝＝＝＝＝＝＝＝＝
【✨はじめての方へ✨】
✔ 未経験から始められます
✔ 判断の基準はリストとマニュアルにあります
✔ 扱うのは片手で持てるサイズが中心です
✔ 分からないことはその場で確認できます

＝＝＝＝＝＝＝＝＝＝＝＝＝＝＝
【✧勤務地✧】

愛知県岡崎市明大寺町（東岡崎駅エリア）

雇用形態はアルバイト・パートです。
給与・勤務時間・シフトなどの詳細は、
ご応募後にあらためてご案内します。
気になる点はお気軽にお尋ねください。","《✼働き方のポイント✼》

✅ ① 1工程からはじめられます
最初から全工程を覚える必要はありません。
担当する工程から順に慣れていけます。

✅ ② 判断の基準は紙にあります
品番と数量はリストと照らして確認します。
記憶に頼る場面はありません。

✅ ③ シフト制で工程が変わります
ピッキング・検品・梱包・仕分けのいずれかを担当します。

＝＝＝＝＝＝＝＝＝＝＝＝＝＝＝
《✼向いている方✼》
✔ 週5日以上・フルタイムで働きたい方
✔ コツコツ続けるのが得意な方
✔ 手順どおりに進めるのが好きな方

＝＝＝＝＝＝＝＝＝＝＝＝＝＝＝
《✼応募について✼》
✔ 経験・資格は必要ありません
✔ 雇用形態はアルバイト・パートです
✔ 給与・勤務時間・シフトの詳細は応募後にご案内します
✔ 気になる点だけのお問い合わせも歓迎します"
刈谷市,軽作業スタッフ（アルバイト・パート）,刈谷,愛知県刈谷市桜町,フルタイム勤務◎検品と梱包中心の軽作業☆,資格不要｜検品・梱包の軽作業｜刈谷駅エリア,"✦・━━━━━━━━━━━━━━━・✦
＼愛知県刈谷市で募集中／
腰を据えて働きたい方へ。
週5日以上のフルタイム軽作業◎
✦・━━━━━━━━━━━━━━━・✦

「毎日違う時間だと生活が整わない」
「予定を立てて働きたい」

シフト制ですが、週5日以上・フルタイムでの勤務を前提に組み立てます。

＝＝＝＝＝＝＝＝＝＝＝＝＝＝＝
【✧お仕事の内容✧】
■ 開始前の確認
その日の担当工程と作業量を確認します。
■ ピッキング・検品
リストに沿って商品を集め、品番と数量を確かめます。
■ 梱包・仕分け
包んで箱詰めし、届け先ごとに分けます。
■ 片付け
使った資材と作業エリアを整えて終了です。

＝＝＝＝＝＝＝＝＝＝＝＝＝＝＝
【✧勤務条件✧】
✔ 週5日以上・1日実働8時間程度のフルタイム勤務です
✔ シフト制です
✔ 毎日同じリズムで働きたい方に向いています
✔ 勤務時間の詳細は応募後にご案内します

＝＝＝＝＝＝＝＝＝＝＝＝＝＝＝
【✨はじめての方へ✨】
✔ 未経験から始められます
✔ 判断の基準はリストとマニュアルにあります
✔ 扱うのは片手で持てるサイズが中心です
✔ 分からないことはその場で確認できます

＝＝＝＝＝＝＝＝＝＝＝＝＝＝＝
【✧勤務地✧】

愛知県刈谷市桜町（刈谷駅エリア）

雇用形態はアルバイト・パートです。
給与・勤務時間・シフトなどの詳細は、
ご応募後にあらためてご案内します。
気になる点はお気軽にお尋ねください。","《✼作業のすすめ方✼》

✅ ① 1工程からはじめられます
最初から全工程を覚える必要はありません。
担当する工程から順に慣れていけます。

✅ ② 判断の基準は紙にあります
品番と数量はリストと照らして確認します。
記憶に頼る場面はありません。

✅ ③ シフト制で工程が変わります
ピッキング・検品・梱包・仕分けのいずれかを担当します。

＝＝＝＝＝＝＝＝＝＝＝＝＝＝＝
《✼向いている方✼》
✔ 週5日以上・フルタイムで働きたい方
✔ コツコツ続けるのが得意な方
✔ 手順どおりに進めるのが好きな方

＝＝＝＝＝＝＝＝＝＝＝＝＝＝＝
《✼応募について✼》
✔ 経験・資格は必要ありません
✔ 雇用形態はアルバイト・パートです
✔ 給与・勤務時間・シフトの詳細は応募後にご案内します
✔ 気になる点だけのお問い合わせも歓迎します"
名古屋市熱田区,軽作業スタッフ（アルバイト・パート）,神宮前,愛知県名古屋市熱田区三本松町,腰を据えて働ける◎検品と梱包中心の軽作業✨,もくもく作業｜検品・梱包の軽作業｜神宮前駅エリア,"✦・━━━━━━━━━━━━━━━・✦
＼愛知県名古屋市熱田区で募集中／
生活のリズムをつくりたい方へ。
倉庫内の軽作業スタッフ募集◎
✦・━━━━━━━━━━━━━━━・✦

「毎日違う時間だと生活が整わない」
「予定を立てて働きたい」

シフト制ですが、週5日以上・フルタイムでの勤務を前提に組み立てます。

＝＝＝＝＝＝＝＝＝＝＝＝＝＝＝
【✧お仕事の内容✧】
■ ピッキング（リストの棚番号を見て商品を集める）
■ 検品（品番と数量をリストと照合する）
■ 梱包（緩衝材で包み、指定の箱へ）
■ 仕分け（届け先ごとに分けて所定の場所へ）

＝＝＝＝＝＝＝＝＝＝＝＝＝＝＝
【✧勤務条件✧】
✔ 週5日以上・1日実働8時間程度のフルタイム勤務です
✔ シフト制です
✔ 毎日同じリズムで働きたい方に向いています
✔ 勤務時間の詳細は応募後にご案内します

＝＝＝＝＝＝＝＝＝＝＝＝＝＝＝
【✨はじめての方へ✨】
✔ はじめは1つの工程からお任せします
✔ 手順が決まっているので迷いません
✔ もくもく進めたい方に向いています
✔ 慣れてきたら担当を広げられます

＝＝＝＝＝＝＝＝＝＝＝＝＝＝＝
【✧勤務地✧】

愛知県名古屋市熱田区三本松町（神宮前駅エリア）

雇用形態はアルバイト・パートです。
給与・勤務時間・シフトなどの詳細は、
ご応募後にあらためてご案内します。
気になる点はお気軽にお尋ねください。","《✼続けやすい理由✼》

✅ ① 1工程からはじめられます
最初から全工程を覚える必要はありません。
担当する工程から順に慣れていけます。

✅ ② 判断の基準は紙にあります
品番と数量はリストと照らして確認します。
記憶に頼る場面はありません。

✅ ③ シフト制で工程が変わります
ピッキング・検品・梱包・仕分けのいずれかを担当します。

＝＝＝＝＝＝＝＝＝＝＝＝＝＝＝
《✼向いている方✼》
✔ 週5日以上・フルタイムで働きたい方
✔ コツコツ続けるのが得意な方
✔ 手順どおりに進めるのが好きな方

＝＝＝＝＝＝＝＝＝＝＝＝＝＝＝
《✼応募について✼》
✔ 経験・資格は必要ありません
✔ 雇用形態はアルバイト・パートです
✔ 給与・勤務時間・シフトの詳細は応募後にご案内します
✔ 気になる点だけのお問い合わせも歓迎します"
名古屋市昭和区,軽作業スタッフ（アルバイト・パート）,八事,愛知県名古屋市昭和区八事本町,毎日同じリズムで◎検品と梱包中心の軽作業♪,未経験から｜ピッキング・仕分け｜八事駅エリア,"✦・━━━━━━━━━━━━━━━・✦
＼愛知県名古屋市昭和区で募集中／
週5日以上・フルタイムで働きたい方へ。
倉庫内の軽作業スタッフ募集◎
✦・━━━━━━━━━━━━━━━・✦

「人と話す仕事は少し苦手」
「自分のペースで進めたい」

接客も電話対応もありません。手元の作業に集中できます。

＝＝＝＝＝＝＝＝＝＝＝＝＝＝＝
【✧お仕事の内容✧】
■ ピッキング（リストの棚番号を見て商品を集める）
■ 検品（品番と数量をリストと照合する）
■ 梱包（緩衝材で包み、指定の箱へ）
■ 仕分け（届け先ごとに分けて所定の場所へ）

＝＝＝＝＝＝＝＝＝＝＝＝＝＝＝
【✧勤務条件✧】
✔ 週5日以上の勤務が前提です
✔ 1日実働8時間程度のフルタイムです
✔ シフトは週5日以上を前提に組みます
✔ 開始時刻など詳細は応募後にご案内します

＝＝＝＝＝＝＝＝＝＝＝＝＝＝＝
【✨はじめての方へ✨】
✔ はじめは1つの工程からお任せします
✔ 手順が決まっているので迷いません
✔ もくもく進めたい方に向いています
✔ 慣れてきたら担当を広げられます

＝＝＝＝＝＝＝＝＝＝＝＝＝＝＝
【✧勤務地✧】

愛知県名古屋市昭和区八事本町（八事駅エリア）

雇用形態はアルバイト・パートです。
給与・勤務時間・シフトなどの詳細は、
ご応募後にあらためてご案内します。
気になる点はお気軽にお尋ねください。","《✼このお仕事の特徴✼》

✅ ① 作業台まわりで完結します
商品は作業台まで運ばれてきます。
倉庫内を歩き回り続ける作業ではありません。

✅ ② はじめは簡単な工程から
ラベル貼りや数量の確認など、覚えやすい工程からお任せします。

✅ ③ 長く続けている方が多い工程です
同じ流れの繰り返しなので、覚えてしまえば迷いません。

＝＝＝＝＝＝＝＝＝＝＝＝＝＝＝
《✼向いている方✼》
✔ 週5日以上・フルタイムで働きたい方
✔ コツコツ続けるのが得意な方
✔ 手順どおりに進めるのが好きな方

＝＝＝＝＝＝＝＝＝＝＝＝＝＝＝
《✼応募について✼》
✔ 経験・資格は必要ありません
✔ 雇用形態はアルバイト・パートです
✔ 給与・勤務時間・シフトの詳細は応募後にご案内します
✔ 気になる点だけのお問い合わせも歓迎します"
名古屋市千種区,軽作業スタッフ（アルバイト・パート）,星ヶ丘,愛知県名古屋市千種区星が丘元町,生活リズムを整えたい方へ◎検品と梱包中心の軽作業◎,経験不問｜ピッキング・仕分け｜星ヶ丘駅エリア,"✦・━━━━━━━━━━━━━━━・✦
＼愛知県名古屋市千種区で募集中／
毎日同じリズムで働きたい方へ。
シフト制・フルタイムの軽作業◎
✦・━━━━━━━━━━━━━━━・✦

「人と話す仕事は少し苦手」
「自分のペースで進めたい」

接客も電話対応もありません。手元の作業に集中できます。

＝＝＝＝＝＝＝＝＝＝＝＝＝＝＝
【✧お仕事の内容✧】
■ ピッキング
リストの棚番号を見て、指定された商品を集めます。
■ 検品
品番と数量がリストと合っているかを確認します。
■ 梱包
商品を緩衝材で包み、指定の箱に詰めます。
■ 仕分け
届け先ごとに商品を分け、所定の場所に置きます。

＝＝＝＝＝＝＝＝＝＝＝＝＝＝＝
【✧勤務条件✧】
✔ 週5日以上の勤務が前提です
✔ 1日実働8時間程度のフルタイムです
✔ シフトは週5日以上を前提に組みます
✔ 開始時刻など詳細は応募後にご案内します

＝＝＝＝＝＝＝＝＝＝＝＝＝＝＝
【✨はじめての方へ✨】
✔ はじめは1つの工程からお任せします
✔ 手順が決まっているので迷いません
✔ もくもく進めたい方に向いています
✔ 慣れてきたら担当を広げられます

＝＝＝＝＝＝＝＝＝＝＝＝＝＝＝
【✧勤務地✧】

愛知県名古屋市千種区星が丘元町（星ヶ丘駅エリア）

雇用形態はアルバイト・パートです。
給与・勤務時間・シフトなどの詳細は、
ご応募後にあらためてご案内します。
気になる点はお気軽にお尋ねください。","《✼ここがはじめやすい✼》

✅ ① 作業台まわりで完結します
商品は作業台まで運ばれてきます。
倉庫内を歩き回り続ける作業ではありません。

✅ ② はじめは簡単な工程から
ラベル貼りや数量の確認など、覚えやすい工程からお任せします。

✅ ③ 長く続けている方が多い工程です
同じ流れの繰り返しなので、覚えてしまえば迷いません。

＝＝＝＝＝＝＝＝＝＝＝＝＝＝＝
《✼向いている方✼》
✔ 週5日以上・フルタイムで働きたい方
✔ コツコツ続けるのが得意な方
✔ 手順どおりに進めるのが好きな方

＝＝＝＝＝＝＝＝＝＝＝＝＝＝＝
《✼応募について✼》
✔ 経験・資格は必要ありません
✔ 雇用形態はアルバイト・パートです
✔ 給与・勤務時間・シフトの詳細は応募後にご案内します
✔ 気になる点だけのお問い合わせも歓迎します"
名古屋市瑞穂区,軽作業スタッフ（アルバイト・パート）,新瑞橋,愛知県名古屋市瑞穂区弥富通,長く続けたい方へ◎検品と梱包中心の軽作業！,未経験スタート｜ピッキング・仕分け｜新瑞橋駅エリア,"✦・━━━━━━━━━━━━━━━・✦
＼愛知県名古屋市瑞穂区で募集中／
アルバイト・パートでしっかり働く。
倉庫内のピッキング・検品スタッフ◎
✦・━━━━━━━━━━━━━━━・✦

「人と話す仕事は少し苦手」
「自分のペースで進めたい」

接客も電話対応もありません。手元の作業に集中できます。

＝＝＝＝＝＝＝＝＝＝＝＝＝＝＝
【✧お仕事の内容✧】
■ ピッキング
リストの棚番号を見て、指定された商品を集めます。
■ 検品
品番と数量がリストと合っているかを確認します。
■ 梱包
商品を緩衝材で包み、指定の箱に詰めます。
■ 仕分け
届け先ごとに商品を分け、所定の場所に置きます。

＝＝＝＝＝＝＝＝＝＝＝＝＝＝＝
【✧勤務条件✧】
✔ 週5日以上の勤務が前提です
✔ 1日実働8時間程度のフルタイムです
✔ シフトは週5日以上を前提に組みます
✔ 開始時刻など詳細は応募後にご案内します

＝＝＝＝＝＝＝＝＝＝＝＝＝＝＝
【✨はじめての方へ✨】
✔ はじめは1つの工程からお任せします
✔ 手順が決まっているので迷いません
✔ もくもく進めたい方に向いています
✔ 慣れてきたら担当を広げられます

＝＝＝＝＝＝＝＝＝＝＝＝＝＝＝
【✧勤務地✧】

愛知県名古屋市瑞穂区弥富通（新瑞橋駅エリア）

雇用形態はアルバイト・パートです。
給与・勤務時間・シフトなどの詳細は、
ご応募後にあらためてご案内します。
気になる点はお気軽にお尋ねください。","《✼働き方のポイント✼》

✅ ① 作業台まわりで完結します
商品は作業台まで運ばれてきます。
倉庫内を歩き回り続ける作業ではありません。

✅ ② はじめは簡単な工程から
ラベル貼りや数量の確認など、覚えやすい工程からお任せします。

✅ ③ 長く続けている方が多い工程です
同じ流れの繰り返しなので、覚えてしまえば迷いません。

＝＝＝＝＝＝＝＝＝＝＝＝＝＝＝
《✼向いている方✼》
✔ 週5日以上・フルタイムで働きたい方
✔ コツコツ続けるのが得意な方
✔ 手順どおりに進めるのが好きな方

＝＝＝＝＝＝＝＝＝＝＝＝＝＝＝
《✼応募について✼》
✔ 経験・資格は必要ありません
✔ 雇用形態はアルバイト・パートです
✔ 給与・勤務時間・シフトの詳細は応募後にご案内します
✔ 気になる点だけのお問い合わせも歓迎します"
名古屋市中区,軽作業スタッフ（アルバイト・パート）,鶴舞,愛知県名古屋市中区千代田五丁目,もくもく作業◎検品と梱包中心の軽作業☆,資格不要｜ピッキング・仕分け｜鶴舞駅エリア,"✦・━━━━━━━━━━━━━━━・✦
＼愛知県名古屋市中区で募集中／
腰を据えて働きたい方へ。
週5日以上のフルタイム軽作業◎
✦・━━━━━━━━━━━━━━━・✦

「人と話す仕事は少し苦手」
「自分のペースで進めたい」

接客も電話対応もありません。手元の作業に集中できます。

＝＝＝＝＝＝＝＝＝＝＝＝＝＝＝
【✧お仕事の内容✧】
■ 商品を受け取る
作業台まで運ばれてきた商品を受け取ります。
■ 状態を見る
傷・汚れ・数量の違いがないかを確認します。
■ 箱に詰める
緩衝材で包み、指定の箱に入れて封をします。
■ ラベルを貼る
伝票を決められた位置に貼り、次の工程へ回します。

＝＝＝＝＝＝＝＝＝＝＝＝＝＝＝
【✧勤務条件✧】
✔ フルタイム勤務（1日実働8時間程度）です
✔ 週5日以上入れる方を想定しています
✔ シフト制で担当工程は日によって変わります
✔ 勤務時間の詳細は応募後にご案内します

＝＝＝＝＝＝＝＝＝＝＝＝＝＝＝
【✨はじめての方へ✨】
✔ はじめは1つの工程からお任せします
✔ 手順が決まっているので迷いません
✔ もくもく進めたい方に向いています
✔ 慣れてきたら担当を広げられます

＝＝＝＝＝＝＝＝＝＝＝＝＝＝＝
【✧勤務地✧】

愛知県名古屋市中区千代田五丁目（鶴舞駅エリア）

雇用形態はアルバイト・パートです。
給与・勤務時間・シフトなどの詳細は、
ご応募後にあらためてご案内します。
気になる点はお気軽にお尋ねください。","《✼作業のすすめ方✼》

✅ ① 作業台まわりで完結します
商品は作業台まで運ばれてきます。
倉庫内を歩き回り続ける作業ではありません。

✅ ② はじめは簡単な工程から
ラベル貼りや数量の確認など、覚えやすい工程からお任せします。

✅ ③ 長く続けている方が多い工程です
同じ流れの繰り返しなので、覚えてしまえば迷いません。

＝＝＝＝＝＝＝＝＝＝＝＝＝＝＝
《✼向いている方✼》
✔ 週5日以上・フルタイムで働きたい方
✔ コツコツ続けるのが得意な方
✔ 手順どおりに進めるのが好きな方

＝＝＝＝＝＝＝＝＝＝＝＝＝＝＝
《✼応募について✼》
✔ 経験・資格は必要ありません
✔ 雇用形態はアルバイト・パートです
✔ 給与・勤務時間・シフトの詳細は応募後にご案内します
✔ 気になる点だけのお問い合わせも歓迎します"
名古屋市中区,軽作業スタッフ（アルバイト・パート）,矢場町,愛知県名古屋市中区栄三丁目,駅チカ勤務◎検品と梱包中心の軽作業✨,もくもく作業｜ピッキング・仕分け｜矢場町駅エリア,"✦・━━━━━━━━━━━━━━━・✦
＼愛知県名古屋市中区で募集中／
生活のリズムをつくりたい方へ。
倉庫内の軽作業スタッフ募集◎
✦・━━━━━━━━━━━━━━━・✦

「人と話す仕事は少し苦手」
「自分のペースで進めたい」

接客も電話対応もありません。手元の作業に集中できます。

＝＝＝＝＝＝＝＝＝＝＝＝＝＝＝
【✧お仕事の内容✧】
■ 商品を受け取る
作業台まで運ばれてきた商品を受け取ります。
■ 状態を見る
傷・汚れ・数量の違いがないかを確認します。
■ 箱に詰める
緩衝材で包み、指定の箱に入れて封をします。
■ ラベルを貼る
伝票を決められた位置に貼り、次の工程へ回します。

＝＝＝＝＝＝＝＝＝＝＝＝＝＝＝
【✧勤務条件✧】
✔ フルタイム勤務（1日実働8時間程度）です
✔ 週5日以上入れる方を想定しています
✔ シフト制で担当工程は日によって変わります
✔ 勤務時間の詳細は応募後にご案内します

＝＝＝＝＝＝＝＝＝＝＝＝＝＝＝
【✨はじめての方へ✨】
✔ はじめは1つの工程からお任せします
✔ 手順が決まっているので迷いません
✔ もくもく進めたい方に向いています
✔ 慣れてきたら担当を広げられます

＝＝＝＝＝＝＝＝＝＝＝＝＝＝＝
【✧勤務地✧】

愛知県名古屋市中区栄三丁目（矢場町駅エリア）

雇用形態はアルバイト・パートです。
給与・勤務時間・シフトなどの詳細は、
ご応募後にあらためてご案内します。
気になる点はお気軽にお尋ねください。","《✼続けやすい理由✼》

✅ ① 作業台まわりで完結します
商品は作業台まで運ばれてきます。
倉庫内を歩き回り続ける作業ではありません。

✅ ② はじめは簡単な工程から
ラベル貼りや数量の確認など、覚えやすい工程からお任せします。

✅ ③ 長く続けている方が多い工程です
同じ流れの繰り返しなので、覚えてしまえば迷いません。

＝＝＝＝＝＝＝＝＝＝＝＝＝＝＝
《✼向いている方✼》
✔ 週5日以上・フルタイムで働きたい方
✔ コツコツ続けるのが得意な方
✔ 手順どおりに進めるのが好きな方

＝＝＝＝＝＝＝＝＝＝＝＝＝＝＝
《✼応募について✼》
✔ 経験・資格は必要ありません
✔ 雇用形態はアルバイト・パートです
✔ 給与・勤務時間・シフトの詳細は応募後にご案内します
✔ 気になる点だけのお問い合わせも歓迎します"
岡崎市,軽作業スタッフ（アルバイト・パート）,岡崎,愛知県岡崎市羽根町,週5フルタイム◎仕分け・梱包のコツコツ作業♪,未経験から｜倉庫内の軽作業｜岡崎駅エリア,"✦・━━━━━━━━━━━━━━━・✦
＼愛知県岡崎市で募集中／
週5日以上・フルタイムで働きたい方へ。
倉庫内の軽作業スタッフ募集◎
✦・━━━━━━━━━━━━━━━・✦

「長く続けられる仕事を探している」
「覚えることが多いと不安」

担当する工程は決まっています。1つずつ覚えていけます。

＝＝＝＝＝＝＝＝＝＝＝＝＝＝＝
【✧お仕事の内容✧】
■ 開始前の確認
その日の担当工程と作業量を確認します。
■ ピッキング・検品
リストに沿って商品を集め、品番と数量を確かめます。
■ 梱包・仕分け
包んで箱詰めし、届け先ごとに分けます。
■ 片付け
使った資材と作業エリアを整えて終了です。

＝＝＝＝＝＝＝＝＝＝＝＝＝＝＝
【✧勤務条件✧】
✔ フルタイム勤務（1日実働8時間程度）です
✔ 週5日以上入れる方を想定しています
✔ シフト制で担当工程は日によって変わります
✔ 勤務時間の詳細は応募後にご案内します

＝＝＝＝＝＝＝＝＝＝＝＝＝＝＝
【✨はじめての方へ✨】
✔ はじめは1つの工程からお任せします
✔ 手順が決まっているので迷いません
✔ もくもく進めたい方に向いています
✔ 慣れてきたら担当を広げられます

＝＝＝＝＝＝＝＝＝＝＝＝＝＝＝
【✧勤務地✧】

愛知県岡崎市羽根町（岡崎駅エリア）

雇用形態はアルバイト・パートです。
給与・勤務時間・シフトなどの詳細は、
ご応募後にあらためてご案内します。
気になる点はお気軽にお尋ねください。","《✼このお仕事の特徴✼》

✅ ① フルタイムで働けます
1日実働8時間程度・週5日以上の勤務です。

✅ ② 細かい違いに気づける方に向いています
傷・汚れ・数量の違いを見つけるのが役割のひとつです。

✅ ③ 相談できる距離で働けます
分からないことはその場で確認できる環境です。

＝＝＝＝＝＝＝＝＝＝＝＝＝＝＝
《✼向いている方✼》
✔ 週5日以上・フルタイムで働きたい方
✔ コツコツ続けるのが得意な方
✔ 手順どおりに進めるのが好きな方

＝＝＝＝＝＝＝＝＝＝＝＝＝＝＝
《✼応募について✼》
✔ 経験・資格は必要ありません
✔ 雇用形態はアルバイト・パートです
✔ 給与・勤務時間・シフトの詳細は応募後にご案内します
✔ 気になる点だけのお問い合わせも歓迎します"
豊田市,軽作業スタッフ（アルバイト・パート）,豊田市,愛知県豊田市西町,しっかり働きたい方へ◎仕分け・梱包のコツコツ作業◎,経験不問｜倉庫内の軽作業｜豊田市駅エリア,"✦・━━━━━━━━━━━━━━━・✦
＼愛知県豊田市で募集中／
毎日同じリズムで働きたい方へ。
シフト制・フルタイムの軽作業◎
✦・━━━━━━━━━━━━━━━・✦

「長く続けられる仕事を探している」
「覚えることが多いと不安」

担当する工程は決まっています。1つずつ覚えていけます。

＝＝＝＝＝＝＝＝＝＝＝＝＝＝＝
【✧お仕事の内容✧】
■ 開始前の確認
その日の担当工程と作業量を確認します。
■ ピッキング・検品
リストに沿って商品を集め、品番と数量を確かめます。
■ 梱包・仕分け
包んで箱詰めし、届け先ごとに分けます。
■ 片付け
使った資材と作業エリアを整えて終了です。

＝＝＝＝＝＝＝＝＝＝＝＝＝＝＝
【✧勤務条件✧】
✔ 週5日以上・1日実働8時間程度です
✔ シフト制です
✔ 予定を立てて働きたい方に向いています
✔ 勤務日数の詳細は応募後にご案内します

＝＝＝＝＝＝＝＝＝＝＝＝＝＝＝
【✨はじめての方へ✨】
✔ 特別な資格は要りません
✔ 重量物の持ち運びはありません
✔ 工程は日によって変わることがあります
✔ 立ち作業と座り作業は工程によって変わります

＝＝＝＝＝＝＝＝＝＝＝＝＝＝＝
【✧勤務地✧】

愛知県豊田市西町（豊田市駅エリア）

雇用形態はアルバイト・パートです。
給与・勤務時間・シフトなどの詳細は、
ご応募後にあらためてご案内します。
気になる点はお気軽にお尋ねください。","《✼ここがはじめやすい✼》

✅ ① フルタイムで働けます
1日実働8時間程度・週5日以上の勤務です。

✅ ② 細かい違いに気づける方に向いています
傷・汚れ・数量の違いを見つけるのが役割のひとつです。

✅ ③ 相談できる距離で働けます
分からないことはその場で確認できる環境です。

＝＝＝＝＝＝＝＝＝＝＝＝＝＝＝
《✼向いている方✼》
✔ 週5日以上・フルタイムで働きたい方
✔ コツコツ続けるのが得意な方
✔ 手順どおりに進めるのが好きな方

＝＝＝＝＝＝＝＝＝＝＝＝＝＝＝
《✼応募について✼》
✔ 経験・資格は必要ありません
✔ 雇用形態はアルバイト・パートです
✔ 給与・勤務時間・シフトの詳細は応募後にご案内します
✔ 気になる点だけのお問い合わせも歓迎します"
名古屋市北区,軽作業スタッフ（アルバイト・パート）,平安通,愛知県名古屋市北区平安通,安定シフト◎仕分け・梱包のコツコツ作業！,未経験スタート｜倉庫内の軽作業｜平安通駅エリア,"✦・━━━━━━━━━━━━━━━・✦
＼愛知県名古屋市北区で募集中／
アルバイト・パートでしっかり働く。
倉庫内のピッキング・検品スタッフ◎
✦・━━━━━━━━━━━━━━━・✦

「長く続けられる仕事を探している」
「覚えることが多いと不安」

担当する工程は決まっています。1つずつ覚えていけます。

＝＝＝＝＝＝＝＝＝＝＝＝＝＝＝
【✧お仕事の内容✧】
■ ピッキング（リストの棚番号を見て商品を集める）
■ 検品（品番と数量をリストと照合する）
■ 梱包（緩衝材で包み、指定の箱へ）
■ 仕分け（届け先ごとに分けて所定の場所へ）

＝＝＝＝＝＝＝＝＝＝＝＝＝＝＝
【✧勤務条件✧】
✔ 週5日以上・1日実働8時間程度です
✔ シフト制です
✔ 予定を立てて働きたい方に向いています
✔ 勤務日数の詳細は応募後にご案内します

＝＝＝＝＝＝＝＝＝＝＝＝＝＝＝
【✨はじめての方へ✨】
✔ 特別な資格は要りません
✔ 重量物の持ち運びはありません
✔ 工程は日によって変わることがあります
✔ 立ち作業と座り作業は工程によって変わります

＝＝＝＝＝＝＝＝＝＝＝＝＝＝＝
【✧勤務地✧】

愛知県名古屋市北区平安通（平安通駅エリア）

雇用形態はアルバイト・パートです。
給与・勤務時間・シフトなどの詳細は、
ご応募後にあらためてご案内します。
「話を聞いてみたい」だけのご応募も歓迎します。","《✼働き方のポイント✼》

✅ ① フルタイムで働けます
1日実働8時間程度・週5日以上の勤務です。

✅ ② 細かい違いに気づける方に向いています
傷・汚れ・数量の違いを見つけるのが役割のひとつです。

✅ ③ 相談できる距離で働けます
分からないことはその場で確認できる環境です。

＝＝＝＝＝＝＝＝＝＝＝＝＝＝＝
《✼向いている方✼》
✔ 週5日以上・フルタイムで働きたい方
✔ コツコツ続けるのが得意な方
✔ 手順どおりに進めるのが好きな方

＝＝＝＝＝＝＝＝＝＝＝＝＝＝＝
《✼応募について✼》
✔ 経験・資格は必要ありません
✔ 雇用形態はアルバイト・パートです
✔ 給与・勤務時間・シフトの詳細は応募後にご案内します
✔ 気になる点だけのお問い合わせも歓迎します"
名古屋市中川区,軽作業スタッフ（アルバイト・パート）,高畑,愛知県名古屋市中川区高畑,フルタイム勤務◎仕分け・梱包のコツコツ作業☆,資格不要｜倉庫内の軽作業｜高畑駅エリア,"✦・━━━━━━━━━━━━━━━・✦
＼愛知県名古屋市中川区で募集中／
腰を据えて働きたい方へ。
週5日以上のフルタイム軽作業◎
✦・━━━━━━━━━━━━━━━・✦

「長く続けられる仕事を探している」
「覚えることが多いと不安」

担当する工程は決まっています。1つずつ覚えていけます。

＝＝＝＝＝＝＝＝＝＝＝＝＝＝＝
【✧お仕事の内容✧】
■ ピッキング（リストの棚番号を見て商品を集める）
■ 検品（品番と数量をリストと照合する）
■ 梱包（緩衝材で包み、指定の箱へ）
■ 仕分け（届け先ごとに分けて所定の場所へ）

＝＝＝＝＝＝＝＝＝＝＝＝＝＝＝
【✧勤務条件✧】
✔ 週5日以上・1日実働8時間程度です
✔ シフト制です
✔ 予定を立てて働きたい方に向いています
✔ 勤務日数の詳細は応募後にご案内します

＝＝＝＝＝＝＝＝＝＝＝＝＝＝＝
【✨はじめての方へ✨】
✔ 特別な資格は要りません
✔ 重量物の持ち運びはありません
✔ 工程は日によって変わることがあります
✔ 立ち作業と座り作業は工程によって変わります

＝＝＝＝＝＝＝＝＝＝＝＝＝＝＝
【✧勤務地✧】

愛知県名古屋市中川区高畑（高畑駅エリア）

雇用形態はアルバイト・パートです。
給与・勤務時間・シフトなどの詳細は、
ご応募後にあらためてご案内します。
「話を聞いてみたい」だけのご応募も歓迎します。","《✼作業のすすめ方✼》

✅ ① フルタイムで働けます
1日実働8時間程度・週5日以上の勤務です。

✅ ② 細かい違いに気づける方に向いています
傷・汚れ・数量の違いを見つけるのが役割のひとつです。

✅ ③ 相談できる距離で働けます
分からないことはその場で確認できる環境です。

＝＝＝＝＝＝＝＝＝＝＝＝＝＝＝
《✼向いている方✼》
✔ 週5日以上・フルタイムで働きたい方
✔ コツコツ続けるのが得意な方
✔ 手順どおりに進めるのが好きな方

＝＝＝＝＝＝＝＝＝＝＝＝＝＝＝
《✼応募について✼》
✔ 経験・資格は必要ありません
✔ 雇用形態はアルバイト・パートです
✔ 給与・勤務時間・シフトの詳細は応募後にご案内します
✔ 気になる点だけのお問い合わせも歓迎します"
名古屋市中村区,軽作業スタッフ（アルバイト・パート）,中村公園,愛知県名古屋市中村区中村町,腰を据えて働ける◎仕分け・梱包のコツコツ作業✨,もくもく作業｜倉庫内の軽作業｜中村公園駅エリア,"✦・━━━━━━━━━━━━━━━・✦
＼愛知県名古屋市中村区で募集中／
生活のリズムをつくりたい方へ。
倉庫内の軽作業スタッフ募集◎
✦・━━━━━━━━━━━━━━━・✦

「長く続けられる仕事を探している」
「覚えることが多いと不安」

担当する工程は決まっています。1つずつ覚えていけます。

＝＝＝＝＝＝＝＝＝＝＝＝＝＝＝
【✧お仕事の内容✧】
■ ピッキング
リストの棚番号を見て、指定された商品を集めます。
■ 検品
品番と数量がリストと合っているかを確認します。
■ 梱包
商品を緩衝材で包み、指定の箱に詰めます。
■ 仕分け
届け先ごとに商品を分け、所定の場所に置きます。

＝＝＝＝＝＝＝＝＝＝＝＝＝＝＝
【✧勤務条件✧】
✔ 週5日以上・1日実働8時間程度のフルタイム勤務です
✔ シフト制です
✔ 毎日同じリズムで働きたい方に向いています
✔ 勤務時間の詳細は応募後にご案内します

＝＝＝＝＝＝＝＝＝＝＝＝＝＝＝
【✨はじめての方へ✨】
✔ 特別な資格は要りません
✔ 重量物の持ち運びはありません
✔ 工程は日によって変わることがあります
✔ 立ち作業と座り作業は工程によって変わります

＝＝＝＝＝＝＝＝＝＝＝＝＝＝＝
【✧勤務地✧】

愛知県名古屋市中村区中村町（中村公園駅エリア）

雇用形態はアルバイト・パートです。
給与・勤務時間・シフトなどの詳細は、
ご応募後にあらためてご案内します。
「話を聞いてみたい」だけのご応募も歓迎します。","《✼続けやすい理由✼》

✅ ① フルタイムで働けます
1日実働8時間程度・週5日以上の勤務です。

✅ ② 細かい違いに気づける方に向いています
傷・汚れ・数量の違いを見つけるのが役割のひとつです。

✅ ③ 相談できる距離で働けます
分からないことはその場で確認できる環境です。

＝＝＝＝＝＝＝＝＝＝＝＝＝＝＝
《✼向いている方✼》
✔ 週5日以上・フルタイムで働きたい方
✔ コツコツ続けるのが得意な方
✔ 手順どおりに進めるのが好きな方

＝＝＝＝＝＝＝＝＝＝＝＝＝＝＝
《✼応募について✼》
✔ 経験・資格は必要ありません
✔ 雇用形態はアルバイト・パートです
✔ 給与・勤務時間・シフトの詳細は応募後にご案内します
✔ 気になる点だけのお問い合わせも歓迎します"
名古屋市昭和区,軽作業スタッフ（アルバイト・パート）,御器所,愛知県名古屋市昭和区御器所通,毎日同じリズムで◎仕分け・梱包のコツコツ作業♪,未経験から｜軽作業スタッフ｜御器所駅エリア,"✦・━━━━━━━━━━━━━━━・✦
＼愛知県名古屋市昭和区で募集中／
週5日以上・フルタイムで働きたい方へ。
倉庫内の軽作業スタッフ募集◎
✦・━━━━━━━━━━━━━━━・✦

「アルバイトでも、しっかり日数を入れたい」
「毎日決まった時間で働きたい」

このお仕事は週5日以上・1日実働8時間程度のフルタイム勤務が前提です。

＝＝＝＝＝＝＝＝＝＝＝＝＝＝＝
【✧お仕事の内容✧】
■ ピッキング
リストの棚番号を見て、指定された商品を集めます。
■ 検品
品番と数量がリストと合っているかを確認します。
■ 梱包
商品を緩衝材で包み、指定の箱に詰めます。
■ 仕分け
届け先ごとに商品を分け、所定の場所に置きます。

＝＝＝＝＝＝＝＝＝＝＝＝＝＝＝
【✧勤務条件✧】
✔ 週5日以上・1日実働8時間程度のフルタイム勤務です
✔ シフト制です
✔ 毎日同じリズムで働きたい方に向いています
✔ 勤務時間の詳細は応募後にご案内します

＝＝＝＝＝＝＝＝＝＝＝＝＝＝＝
【✨はじめての方へ✨】
✔ 特別な資格は要りません
✔ 重量物の持ち運びはありません
✔ 工程は日によって変わることがあります
✔ 立ち作業と座り作業は工程によって変わります

＝＝＝＝＝＝＝＝＝＝＝＝＝＝＝
【✧勤務地✧】

愛知県名古屋市昭和区御器所通（御器所駅エリア）

雇用形態はアルバイト・パートです。
給与・勤務時間・シフトなどの詳細は、
ご応募後にあらためてご案内します。
「話を聞いてみたい」だけのご応募も歓迎します。","《✼このお仕事の特徴✼》

✅ ① 週5日以上のフルタイム勤務です
1日実働8時間程度の勤務です。
日数を入れて働きたい方に向いています。

✅ ② 手順が決まっています
何をどの順で確認するかはリストとマニュアルにあります。
自分で判断する場面はほとんどありません。

✅ ③ 接客・電話対応はありません
倉庫内での作業が中心です。
人と話すより手を動かしたい方に向いています。

＝＝＝＝＝＝＝＝＝＝＝＝＝＝＝
《✼向いている方✼》
✔ 日数をしっかり入れたい方
✔ もくもく作業したい方
✔ 長く同じ職場で働きたい方

＝＝＝＝＝＝＝＝＝＝＝＝＝＝＝
《✼応募について✼》
✔ 経験・資格は必要ありません
✔ 雇用形態はアルバイト・パートです
✔ 給与・勤務時間・シフトの詳細は応募後にご案内します
✔ 気になる点だけのお問い合わせも歓迎します"
名古屋市千種区,軽作業スタッフ（アルバイト・パート）,池下,愛知県名古屋市千種区覚王山通,生活リズムを整えたい方へ◎仕分け・梱包のコツコツ作業◎,経験不問｜軽作業スタッフ｜池下駅エリア,"✦・━━━━━━━━━━━━━━━・✦
＼愛知県名古屋市千種区で募集中／
毎日同じリズムで働きたい方へ。
シフト制・フルタイムの軽作業◎
✦・━━━━━━━━━━━━━━━・✦

「アルバイトでも、しっかり日数を入れたい」
「毎日決まった時間で働きたい」

このお仕事は週5日以上・1日実働8時間程度のフルタイム勤務が前提です。

＝＝＝＝＝＝＝＝＝＝＝＝＝＝＝
【✧お仕事の内容✧】
■ 商品を受け取る
作業台まで運ばれてきた商品を受け取ります。
■ 状態を見る
傷・汚れ・数量の違いがないかを確認します。
■ 箱に詰める
緩衝材で包み、指定の箱に入れて封をします。
■ ラベルを貼る
伝票を決められた位置に貼り、次の工程へ回します。

＝＝＝＝＝＝＝＝＝＝＝＝＝＝＝
【✧勤務条件✧】
✔ 週5日以上・1日実働8時間程度のフルタイム勤務です
✔ シフト制です
✔ 毎日同じリズムで働きたい方に向いています
✔ 勤務時間の詳細は応募後にご案内します

＝＝＝＝＝＝＝＝＝＝＝＝＝＝＝
【✨はじめての方へ✨】
✔ 特別な資格は要りません
✔ 重量物の持ち運びはありません
✔ 工程は日によって変わることがあります
✔ 立ち作業と座り作業は工程によって変わります

＝＝＝＝＝＝＝＝＝＝＝＝＝＝＝
【✧勤務地✧】

愛知県名古屋市千種区覚王山通（池下駅エリア）

雇用形態はアルバイト・パートです。
給与・勤務時間・シフトなどの詳細は、
ご応募後にあらためてご案内します。
「話を聞いてみたい」だけのご応募も歓迎します。","《✼ここがはじめやすい✼》

✅ ① 週5日以上のフルタイム勤務です
1日実働8時間程度の勤務です。
日数を入れて働きたい方に向いています。

✅ ② 手順が決まっています
何をどの順で確認するかはリストとマニュアルにあります。
自分で判断する場面はほとんどありません。

✅ ③ 接客・電話対応はありません
倉庫内での作業が中心です。
人と話すより手を動かしたい方に向いています。

＝＝＝＝＝＝＝＝＝＝＝＝＝＝＝
《✼向いている方✼》
✔ 日数をしっかり入れたい方
✔ もくもく作業したい方
✔ 長く同じ職場で働きたい方

＝＝＝＝＝＝＝＝＝＝＝＝＝＝＝
《✼応募について✼》
✔ 経験・資格は必要ありません
✔ 雇用形態はアルバイト・パートです
✔ 給与・勤務時間・シフトの詳細は応募後にご案内します
✔ 気になる点だけのお問い合わせも歓迎します"
名古屋市千種区,軽作業スタッフ（アルバイト・パート）,覚王山,愛知県名古屋市千種区末盛通,長く続けたい方へ◎仕分け・梱包のコツコツ作業！,未経験スタート｜軽作業スタッフ｜覚王山駅エリア,"✦・━━━━━━━━━━━━━━━・✦
＼愛知県名古屋市千種区で募集中／
アルバイト・パートでしっかり働く。
倉庫内のピッキング・検品スタッフ◎
✦・━━━━━━━━━━━━━━━・✦

「アルバイトでも、しっかり日数を入れたい」
「毎日決まった時間で働きたい」

このお仕事は週5日以上・1日実働8時間程度のフルタイム勤務が前提です。

＝＝＝＝＝＝＝＝＝＝＝＝＝＝＝
【✧お仕事の内容✧】
■ 商品を受け取る
作業台まで運ばれてきた商品を受け取ります。
■ 状態を見る
傷・汚れ・数量の違いがないかを確認します。
■ 箱に詰める
緩衝材で包み、指定の箱に入れて封をします。
■ ラベルを貼る
伝票を決められた位置に貼り、次の工程へ回します。

＝＝＝＝＝＝＝＝＝＝＝＝＝＝＝
【✧勤務条件✧】
✔ 週5日以上の勤務が前提です
✔ 1日実働8時間程度のフルタイムです
✔ シフトは週5日以上を前提に組みます
✔ 開始時刻など詳細は応募後にご案内します

＝＝＝＝＝＝＝＝＝＝＝＝＝＝＝
【✨はじめての方へ✨】
✔ 特別な資格は要りません
✔ 重量物の持ち運びはありません
✔ 工程は日によって変わることがあります
✔ 立ち作業と座り作業は工程によって変わります

＝＝＝＝＝＝＝＝＝＝＝＝＝＝＝
【✧勤務地✧】

愛知県名古屋市千種区末盛通（覚王山駅エリア）

雇用形態はアルバイト・パートです。
給与・勤務時間・シフトなどの詳細は、
ご応募後にあらためてご案内します。
「話を聞いてみたい」だけのご応募も歓迎します。","《✼働き方のポイント✼》

✅ ① 週5日以上のフルタイム勤務です
1日実働8時間程度の勤務です。
日数を入れて働きたい方に向いています。

✅ ② 手順が決まっています
何をどの順で確認するかはリストとマニュアルにあります。
自分で判断する場面はほとんどありません。

✅ ③ 接客・電話対応はありません
倉庫内での作業が中心です。
人と話すより手を動かしたい方に向いています。

＝＝＝＝＝＝＝＝＝＝＝＝＝＝＝
《✼向いている方✼》
✔ 日数をしっかり入れたい方
✔ もくもく作業したい方
✔ 長く同じ職場で働きたい方

＝＝＝＝＝＝＝＝＝＝＝＝＝＝＝
《✼応募について✼》
✔ 経験・資格は必要ありません
✔ 雇用形態はアルバイト・パートです
✔ 給与・勤務時間・シフトの詳細は応募後にご案内します
✔ 気になる点だけのお問い合わせも歓迎します"
名古屋市名東区,軽作業スタッフ（アルバイト・パート）,一社,愛知県名古屋市名東区一社,もくもく作業◎仕分け・梱包のコツコツ作業☆,資格不要｜軽作業スタッフ｜一社駅エリア,"✦・━━━━━━━━━━━━━━━・✦
＼愛知県名古屋市名東区で募集中／
腰を据えて働きたい方へ。
週5日以上のフルタイム軽作業◎
✦・━━━━━━━━━━━━━━━・✦

「アルバイトでも、しっかり日数を入れたい」
「毎日決まった時間で働きたい」

このお仕事は週5日以上・1日実働8時間程度のフルタイム勤務が前提です。

＝＝＝＝＝＝＝＝＝＝＝＝＝＝＝
【✧お仕事の内容✧】
■ 開始前の確認
その日の担当工程と作業量を確認します。
■ ピッキング・検品
リストに沿って商品を集め、品番と数量を確かめます。
■ 梱包・仕分け
包んで箱詰めし、届け先ごとに分けます。
■ 片付け
使った資材と作業エリアを整えて終了です。

＝＝＝＝＝＝＝＝＝＝＝＝＝＝＝
【✧勤務条件✧】
✔ 週5日以上の勤務が前提です
✔ 1日実働8時間程度のフルタイムです
✔ シフトは週5日以上を前提に組みます
✔ 開始時刻など詳細は応募後にご案内します

＝＝＝＝＝＝＝＝＝＝＝＝＝＝＝
【✨はじめての方へ✨】
✔ 経験・資格は必要ありません
✔ 作業手順はマニュアルで決まっています
✔ 接客や電話対応はありません
✔ 覚える範囲は担当する工程だけです

＝＝＝＝＝＝＝＝＝＝＝＝＝＝＝
【✧勤務地✧】

愛知県名古屋市名東区一社（一社駅エリア）

雇用形態はアルバイト・パートです。
給与・勤務時間・シフトなどの詳細は、
ご応募後にあらためてご案内します。
「話を聞いてみたい」だけのご応募も歓迎します。","《✼作業のすすめ方✼》

✅ ① 週5日以上のフルタイム勤務です
1日実働8時間程度の勤務です。
日数を入れて働きたい方に向いています。

✅ ② 手順が決まっています
何をどの順で確認するかはリストとマニュアルにあります。
自分で判断する場面はほとんどありません。

✅ ③ 接客・電話対応はありません
倉庫内での作業が中心です。
人と話すより手を動かしたい方に向いています。

＝＝＝＝＝＝＝＝＝＝＝＝＝＝＝
《✼向いている方✼》
✔ 日数をしっかり入れたい方
✔ もくもく作業したい方
✔ 長く同じ職場で働きたい方

＝＝＝＝＝＝＝＝＝＝＝＝＝＝＝
《✼応募について✼》
✔ 経験・資格は必要ありません
✔ 雇用形態はアルバイト・パートです
✔ 給与・勤務時間・シフトの詳細は応募後にご案内します
✔ 気になる点だけのお問い合わせも歓迎します"
名古屋市名東区,軽作業スタッフ（アルバイト・パート）,上社,愛知県名古屋市名東区上社,駅チカ勤務◎仕分け・梱包のコツコツ作業✨,もくもく作業｜軽作業スタッフ｜上社駅エリア,"✦・━━━━━━━━━━━━━━━・✦
＼愛知県名古屋市名東区で募集中／
生活のリズムをつくりたい方へ。
倉庫内の軽作業スタッフ募集◎
✦・━━━━━━━━━━━━━━━・✦

「アルバイトでも、しっかり日数を入れたい」
「毎日決まった時間で働きたい」

このお仕事は週5日以上・1日実働8時間程度のフルタイム勤務が前提です。

＝＝＝＝＝＝＝＝＝＝＝＝＝＝＝
【✧お仕事の内容✧】
■ 開始前の確認
その日の担当工程と作業量を確認します。
■ ピッキング・検品
リストに沿って商品を集め、品番と数量を確かめます。
■ 梱包・仕分け
包んで箱詰めし、届け先ごとに分けます。
■ 片付け
使った資材と作業エリアを整えて終了です。

＝＝＝＝＝＝＝＝＝＝＝＝＝＝＝
【✧勤務条件✧】
✔ 週5日以上の勤務が前提です
✔ 1日実働8時間程度のフルタイムです
✔ シフトは週5日以上を前提に組みます
✔ 開始時刻など詳細は応募後にご案内します

＝＝＝＝＝＝＝＝＝＝＝＝＝＝＝
【✨はじめての方へ✨】
✔ 経験・資格は必要ありません
✔ 作業手順はマニュアルで決まっています
✔ 接客や電話対応はありません
✔ 覚える範囲は担当する工程だけです

＝＝＝＝＝＝＝＝＝＝＝＝＝＝＝
【✧勤務地✧】

愛知県名古屋市名東区上社（上社駅エリア）

雇用形態はアルバイト・パートです。
給与・勤務時間・シフトなどの詳細は、
ご応募後にあらためてご案内します。
「話を聞いてみたい」だけのご応募も歓迎します。","《✼続けやすい理由✼》

✅ ① 週5日以上のフルタイム勤務です
1日実働8時間程度の勤務です。
日数を入れて働きたい方に向いています。

✅ ② 手順が決まっています
何をどの順で確認するかはリストとマニュアルにあります。
自分で判断する場面はほとんどありません。

✅ ③ 接客・電話対応はありません
倉庫内での作業が中心です。
人と話すより手を動かしたい方に向いています。

＝＝＝＝＝＝＝＝＝＝＝＝＝＝＝
《✼向いている方✼》
✔ 日数をしっかり入れたい方
✔ もくもく作業したい方
✔ 長く同じ職場で働きたい方

＝＝＝＝＝＝＝＝＝＝＝＝＝＝＝
《✼応募について✼》
✔ 経験・資格は必要ありません
✔ 雇用形態はアルバイト・パートです
✔ 給与・勤務時間・シフトの詳細は応募後にご案内します
✔ 気になる点だけのお問い合わせも歓迎します"
東海市,軽作業スタッフ（アルバイト・パート）,太田川,愛知県東海市大田町,週5フルタイム◎倉庫内の軽作業スタッフ♪,未経験から｜検品・梱包の軽作業｜太田川駅エリア,"✦・━━━━━━━━━━━━━━━・✦
＼愛知県東海市で募集中／
週5日以上・フルタイムで働きたい方へ。
倉庫内の軽作業スタッフ募集◎
✦・━━━━━━━━━━━━━━━・✦

「倉庫の仕事は力がいるのでは？」
「経験がないと難しそう」

扱うのは片手で持てるサイズの商品が中心です。手順も決まっています。

＝＝＝＝＝＝＝＝＝＝＝＝＝＝＝
【✧お仕事の内容✧】
■ ピッキング（リストの棚番号を見て商品を集める）
■ 検品（品番と数量をリストと照合する）
■ 梱包（緩衝材で包み、指定の箱へ）
■ 仕分け（届け先ごとに分けて所定の場所へ）

＝＝＝＝＝＝＝＝＝＝＝＝＝＝＝
【✧勤務条件✧】
✔ フルタイム勤務（1日実働8時間程度）です
✔ 週5日以上入れる方を想定しています
✔ シフト制で担当工程は日によって変わります
✔ 勤務時間の詳細は応募後にご案内します

＝＝＝＝＝＝＝＝＝＝＝＝＝＝＝
【✨はじめての方へ✨】
✔ 経験・資格は必要ありません
✔ 作業手順はマニュアルで決まっています
✔ 接客や電話対応はありません
✔ 覚える範囲は担当する工程だけです

＝＝＝＝＝＝＝＝＝＝＝＝＝＝＝
【✧勤務地✧】

愛知県東海市大田町（太田川駅エリア）

雇用形態はアルバイト・パートです。
給与・勤務時間・シフトなどの詳細は、
ご応募後にあらためてご案内します。
「話を聞いてみたい」だけのご応募も歓迎します。","《✼このお仕事の特徴✼》

✅ ① 経験も資格も要りません
ピッキング・検品・梱包・仕分けのどれも決まった手順で進めます。

✅ ② 重いものを運ぶ作業はありません
扱うのは片手で持てるサイズの商品が中心です。

✅ ③ 毎日のリズムがつくれます
週5日以上・1日実働8時間程度の勤務なので、
生活の予定を立てやすい働き方です。

＝＝＝＝＝＝＝＝＝＝＝＝＝＝＝
《✼向いている方✼》
✔ 日数をしっかり入れたい方
✔ もくもく作業したい方
✔ 長く同じ職場で働きたい方

＝＝＝＝＝＝＝＝＝＝＝＝＝＝＝
《✼応募について✼》
✔ 経験・資格は必要ありません
✔ 雇用形態はアルバイト・パートです
✔ 給与・勤務時間・シフトの詳細は応募後にご案内します
✔ 気になる点だけのお問い合わせも歓迎します"
知立市,軽作業スタッフ（アルバイト・パート）,知立,愛知県知立市山町,しっかり働きたい方へ◎倉庫内の軽作業スタッフ◎,経験不問｜検品・梱包の軽作業｜知立駅エリア,"✦・━━━━━━━━━━━━━━━・✦
＼愛知県知立市で募集中／
毎日同じリズムで働きたい方へ。
シフト制・フルタイムの軽作業◎
✦・━━━━━━━━━━━━━━━・✦

「倉庫の仕事は力がいるのでは？」
「経験がないと難しそう」

扱うのは片手で持てるサイズの商品が中心です。手順も決まっています。

＝＝＝＝＝＝＝＝＝＝＝＝＝＝＝
【✧お仕事の内容✧】
■ ピッキング（リストの棚番号を見て商品を集める）
■ 検品（品番と数量をリストと照合する）
■ 梱包（緩衝材で包み、指定の箱へ）
■ 仕分け（届け先ごとに分けて所定の場所へ）

＝＝＝＝＝＝＝＝＝＝＝＝＝＝＝
【✧勤務条件✧】
✔ フルタイム勤務（1日実働8時間程度）です
✔ 週5日以上入れる方を想定しています
✔ シフト制で担当工程は日によって変わります
✔ 勤務時間の詳細は応募後にご案内します

＝＝＝＝＝＝＝＝＝＝＝＝＝＝＝
【✨はじめての方へ✨】
✔ 経験・資格は必要ありません
✔ 作業手順はマニュアルで決まっています
✔ 接客や電話対応はありません
✔ 覚える範囲は担当する工程だけです

＝＝＝＝＝＝＝＝＝＝＝＝＝＝＝
【✧勤務地✧】

愛知県知立市山町（知立駅エリア）

雇用形態はアルバイト・パートです。
給与・勤務時間・シフトなどの詳細は、
ご応募後にあらためてご案内します。
「話を聞いてみたい」だけのご応募も歓迎します。","《✼ここがはじめやすい✼》

✅ ① 経験も資格も要りません
ピッキング・検品・梱包・仕分けのどれも決まった手順で進めます。

✅ ② 重いものを運ぶ作業はありません
扱うのは片手で持てるサイズの商品が中心です。

✅ ③ 毎日のリズムがつくれます
週5日以上・1日実働8時間程度の勤務なので、
生活の予定を立てやすい働き方です。

＝＝＝＝＝＝＝＝＝＝＝＝＝＝＝
《✼向いている方✼》
✔ 日数をしっかり入れたい方
✔ もくもく作業したい方
✔ 長く同じ職場で働きたい方

＝＝＝＝＝＝＝＝＝＝＝＝＝＝＝
《✼応募について✼》
✔ 経験・資格は必要ありません
✔ 雇用形態はアルバイト・パートです
✔ 給与・勤務時間・シフトの詳細は応募後にご案内します
✔ 気になる点だけのお問い合わせも歓迎します"
安城市,軽作業スタッフ（アルバイト・パート）,安城,愛知県安城市御幸本町,安定シフト◎倉庫内の軽作業スタッフ！,未経験スタート｜検品・梱包の軽作業｜安城駅エリア,"✦・━━━━━━━━━━━━━━━・✦
＼愛知県安城市で募集中／
アルバイト・パートでしっかり働く。
倉庫内のピッキング・検品スタッフ◎
✦・━━━━━━━━━━━━━━━・✦

「倉庫の仕事は力がいるのでは？」
「経験がないと難しそう」

扱うのは片手で持てるサイズの商品が中心です。手順も決まっています。

＝＝＝＝＝＝＝＝＝＝＝＝＝＝＝
【✧お仕事の内容✧】
■ ピッキング
リストの棚番号を見て、指定された商品を集めます。
■ 検品
品番と数量がリストと合っているかを確認します。
■ 梱包
商品を緩衝材で包み、指定の箱に詰めます。
■ 仕分け
届け先ごとに商品を分け、所定の場所に置きます。

＝＝＝＝＝＝＝＝＝＝＝＝＝＝＝
【✧勤務条件✧】
✔ フルタイム勤務（1日実働8時間程度）です
✔ 週5日以上入れる方を想定しています
✔ シフト制で担当工程は日によって変わります
✔ 勤務時間の詳細は応募後にご案内します

＝＝＝＝＝＝＝＝＝＝＝＝＝＝＝
【✨はじめての方へ✨】
✔ 経験・資格は必要ありません
✔ 作業手順はマニュアルで決まっています
✔ 接客や電話対応はありません
✔ 覚える範囲は担当する工程だけです

＝＝＝＝＝＝＝＝＝＝＝＝＝＝＝
【✧勤務地✧】

愛知県安城市御幸本町（安城駅エリア）

雇用形態はアルバイト・パートです。
給与・勤務時間・シフトなどの詳細は、
ご応募後にあらためてご案内します。
「話を聞いてみたい」だけのご応募も歓迎します。","《✼働き方のポイント✼》

✅ ① 経験も資格も要りません
ピッキング・検品・梱包・仕分けのどれも決まった手順で進めます。

✅ ② 重いものを運ぶ作業はありません
扱うのは片手で持てるサイズの商品が中心です。

✅ ③ 毎日のリズムがつくれます
週5日以上・1日実働8時間程度の勤務なので、
生活の予定を立てやすい働き方です。

＝＝＝＝＝＝＝＝＝＝＝＝＝＝＝
《✼向いている方✼》
✔ 日数をしっかり入れたい方
✔ もくもく作業したい方
✔ 長く同じ職場で働きたい方

＝＝＝＝＝＝＝＝＝＝＝＝＝＝＝
《✼応募について✼》
✔ 経験・資格は必要ありません
✔ 雇用形態はアルバイト・パートです
✔ 給与・勤務時間・シフトの詳細は応募後にご案内します
✔ 気になる点だけのお問い合わせも歓迎します"
安城市,軽作業スタッフ（アルバイト・パート）,新安城,愛知県安城市住吉町,フルタイム勤務◎倉庫内の軽作業スタッフ☆,資格不要｜検品・梱包の軽作業｜新安城駅エリア,"✦・━━━━━━━━━━━━━━━・✦
＼愛知県安城市で募集中／
腰を据えて働きたい方へ。
週5日以上のフルタイム軽作業◎
✦・━━━━━━━━━━━━━━━・✦

「倉庫の仕事は力がいるのでは？」
「経験がないと難しそう」

扱うのは片手で持てるサイズの商品が中心です。手順も決まっています。

＝＝＝＝＝＝＝＝＝＝＝＝＝＝＝
【✧お仕事の内容✧】
■ ピッキング
リストの棚番号を見て、指定された商品を集めます。
■ 検品
品番と数量がリストと合っているかを確認します。
■ 梱包
商品を緩衝材で包み、指定の箱に詰めます。
■ 仕分け
届け先ごとに商品を分け、所定の場所に置きます。

＝＝＝＝＝＝＝＝＝＝＝＝＝＝＝
【✧勤務条件✧】
✔ 週5日以上・1日実働8時間程度です
✔ シフト制です
✔ 予定を立てて働きたい方に向いています
✔ 勤務日数の詳細は応募後にご案内します

＝＝＝＝＝＝＝＝＝＝＝＝＝＝＝
【✨はじめての方へ✨】
✔ 経験・資格は必要ありません
✔ 作業手順はマニュアルで決まっています
✔ 接客や電話対応はありません
✔ 覚える範囲は担当する工程だけです

＝＝＝＝＝＝＝＝＝＝＝＝＝＝＝
【✧勤務地✧】

愛知県安城市住吉町（新安城駅エリア）

雇用形態はアルバイト・パートです。
給与・勤務時間・シフトなどの詳細は、
ご応募後にあらためてご案内します。
ご不明な点はご応募後にご説明します。","《✼作業のすすめ方✼》

✅ ① 経験も資格も要りません
ピッキング・検品・梱包・仕分けのどれも決まった手順で進めます。

✅ ② 重いものを運ぶ作業はありません
扱うのは片手で持てるサイズの商品が中心です。

✅ ③ 毎日のリズムがつくれます
週5日以上・1日実働8時間程度の勤務なので、
生活の予定を立てやすい働き方です。

＝＝＝＝＝＝＝＝＝＝＝＝＝＝＝
《✼向いている方✼》
✔ 日数をしっかり入れたい方
✔ もくもく作業したい方
✔ 長く同じ職場で働きたい方

＝＝＝＝＝＝＝＝＝＝＝＝＝＝＝
《✼応募について✼》
✔ 経験・資格は必要ありません
✔ 雇用形態はアルバイト・パートです
✔ 給与・勤務時間・シフトの詳細は応募後にご案内します
✔ 気になる点だけのお問い合わせも歓迎します"
大府市,軽作業スタッフ（アルバイト・パート）,大府,愛知県大府市中央町,腰を据えて働ける◎倉庫内の軽作業スタッフ✨,もくもく作業｜検品・梱包の軽作業｜大府駅エリア,"✦・━━━━━━━━━━━━━━━・✦
＼愛知県大府市で募集中／
生活のリズムをつくりたい方へ。
倉庫内の軽作業スタッフ募集◎
✦・━━━━━━━━━━━━━━━・✦

「倉庫の仕事は力がいるのでは？」
「経験がないと難しそう」

扱うのは片手で持てるサイズの商品が中心です。手順も決まっています。

＝＝＝＝＝＝＝＝＝＝＝＝＝＝＝
【✧お仕事の内容✧】
■ 商品を受け取る
作業台まで運ばれてきた商品を受け取ります。
■ 状態を見る
傷・汚れ・数量の違いがないかを確認します。
■ 箱に詰める
緩衝材で包み、指定の箱に入れて封をします。
■ ラベルを貼る
伝票を決められた位置に貼り、次の工程へ回します。

＝＝＝＝＝＝＝＝＝＝＝＝＝＝＝
【✧勤務条件✧】
✔ 週5日以上・1日実働8時間程度です
✔ シフト制です
✔ 予定を立てて働きたい方に向いています
✔ 勤務日数の詳細は応募後にご案内します

＝＝＝＝＝＝＝＝＝＝＝＝＝＝＝
【✨はじめての方へ✨】
✔ 経験・資格は必要ありません
✔ 作業手順はマニュアルで決まっています
✔ 接客や電話対応はありません
✔ 覚える範囲は担当する工程だけです

＝＝＝＝＝＝＝＝＝＝＝＝＝＝＝
【✧勤務地✧】

愛知県大府市中央町（大府駅エリア）

雇用形態はアルバイト・パートです。
給与・勤務時間・シフトなどの詳細は、
ご応募後にあらためてご案内します。
ご不明な点はご応募後にご説明します。","《✼続けやすい理由✼》

✅ ① 経験も資格も要りません
ピッキング・検品・梱包・仕分けのどれも決まった手順で進めます。

✅ ② 重いものを運ぶ作業はありません
扱うのは片手で持てるサイズの商品が中心です。

✅ ③ 毎日のリズムがつくれます
週5日以上・1日実働8時間程度の勤務なので、
生活の予定を立てやすい働き方です。

＝＝＝＝＝＝＝＝＝＝＝＝＝＝＝
《✼向いている方✼》
✔ 日数をしっかり入れたい方
✔ もくもく作業したい方
✔ 長く同じ職場で働きたい方

＝＝＝＝＝＝＝＝＝＝＝＝＝＝＝
《✼応募について✼》
✔ 経験・資格は必要ありません
✔ 雇用形態はアルバイト・パートです
✔ 給与・勤務時間・シフトの詳細は応募後にご案内します
✔ 気になる点だけのお問い合わせも歓迎します"
大府市,軽作業スタッフ（アルバイト・パート）,共和,愛知県大府市共和町,毎日同じリズムで◎倉庫内の軽作業スタッフ♪,未経験から｜ピッキング・仕分け｜共和駅エリア,"✦・━━━━━━━━━━━━━━━・✦
＼愛知県大府市で募集中／
週5日以上・フルタイムで働きたい方へ。
倉庫内の軽作業スタッフ募集◎
✦・━━━━━━━━━━━━━━━・✦

「毎日違う時間だと生活が整わない」
「予定を立てて働きたい」

シフト制ですが、週5日以上・フルタイムでの勤務を前提に組み立てます。

＝＝＝＝＝＝＝＝＝＝＝＝＝＝＝
【✧お仕事の内容✧】
■ 商品を受け取る
作業台まで運ばれてきた商品を受け取ります。
■ 状態を見る
傷・汚れ・数量の違いがないかを確認します。
■ 箱に詰める
緩衝材で包み、指定の箱に入れて封をします。
■ ラベルを貼る
伝票を決められた位置に貼り、次の工程へ回します。

＝＝＝＝＝＝＝＝＝＝＝＝＝＝＝
【✧勤務条件✧】
✔ 週5日以上・1日実働8時間程度です
✔ シフト制です
✔ 予定を立てて働きたい方に向いています
✔ 勤務日数の詳細は応募後にご案内します

＝＝＝＝＝＝＝＝＝＝＝＝＝＝＝
【✨はじめての方へ✨】
✔ 未経験から始められます
✔ 判断の基準はリストとマニュアルにあります
✔ 扱うのは片手で持てるサイズが中心です
✔ 分からないことはその場で確認できます

＝＝＝＝＝＝＝＝＝＝＝＝＝＝＝
【✧勤務地✧】

愛知県大府市共和町（共和駅エリア）

雇用形態はアルバイト・パートです。
給与・勤務時間・シフトなどの詳細は、
ご応募後にあらためてご案内します。
ご不明な点はご応募後にご説明します。","《✼このお仕事の特徴✼》

✅ ① 1工程からはじめられます
最初から全工程を覚える必要はありません。
担当する工程から順に慣れていけます。

✅ ② 判断の基準は紙にあります
品番と数量はリストと照らして確認します。
記憶に頼る場面はありません。

✅ ③ シフト制で工程が変わります
ピッキング・検品・梱包・仕分けのいずれかを担当します。

＝＝＝＝＝＝＝＝＝＝＝＝＝＝＝
《✼向いている方✼》
✔ 日数をしっかり入れたい方
✔ もくもく作業したい方
✔ 長く同じ職場で働きたい方

＝＝＝＝＝＝＝＝＝＝＝＝＝＝＝
《✼応募について✼》
✔ 経験・資格は必要ありません
✔ 雇用形態はアルバイト・パートです
✔ 給与・勤務時間・シフトの詳細は応募後にご案内します
✔ 気になる点だけのお問い合わせも歓迎します"
春日井市,軽作業スタッフ（アルバイト・パート）,春日井,愛知県春日井市松新町,生活リズムを整えたい方へ◎倉庫内の軽作業スタッフ◎,経験不問｜ピッキング・仕分け｜春日井駅エリア,"✦・━━━━━━━━━━━━━━━・✦
＼愛知県春日井市で募集中／
毎日同じリズムで働きたい方へ。
シフト制・フルタイムの軽作業◎
✦・━━━━━━━━━━━━━━━・✦

「毎日違う時間だと生活が整わない」
「予定を立てて働きたい」

シフト制ですが、週5日以上・フルタイムでの勤務を前提に組み立てます。

＝＝＝＝＝＝＝＝＝＝＝＝＝＝＝
【✧お仕事の内容✧】
■ 開始前の確認
その日の担当工程と作業量を確認します。
■ ピッキング・検品
リストに沿って商品を集め、品番と数量を確かめます。
■ 梱包・仕分け
包んで箱詰めし、届け先ごとに分けます。
■ 片付け
使った資材と作業エリアを整えて終了です。

＝＝＝＝＝＝＝＝＝＝＝＝＝＝＝
【✧勤務条件✧】
✔ 週5日以上・1日実働8時間程度のフルタイム勤務です
✔ シフト制です
✔ 毎日同じリズムで働きたい方に向いています
✔ 勤務時間の詳細は応募後にご案内します

＝＝＝＝＝＝＝＝＝＝＝＝＝＝＝
【✨はじめての方へ✨】
✔ 未経験から始められます
✔ 判断の基準はリストとマニュアルにあります
✔ 扱うのは片手で持てるサイズが中心です
✔ 分からないことはその場で確認できます

＝＝＝＝＝＝＝＝＝＝＝＝＝＝＝
【✧勤務地✧】

愛知県春日井市松新町（春日井駅エリア）

雇用形態はアルバイト・パートです。
給与・勤務時間・シフトなどの詳細は、
ご応募後にあらためてご案内します。
ご不明な点はご応募後にご説明します。","《✼ここがはじめやすい✼》

✅ ① 1工程からはじめられます
最初から全工程を覚える必要はありません。
担当する工程から順に慣れていけます。

✅ ② 判断の基準は紙にあります
品番と数量はリストと照らして確認します。
記憶に頼る場面はありません。

✅ ③ シフト制で工程が変わります
ピッキング・検品・梱包・仕分けのいずれかを担当します。

＝＝＝＝＝＝＝＝＝＝＝＝＝＝＝
《✼向いている方✼》
✔ 日数をしっかり入れたい方
✔ もくもく作業したい方
✔ 長く同じ職場で働きたい方

＝＝＝＝＝＝＝＝＝＝＝＝＝＝＝
《✼応募について✼》
✔ 経験・資格は必要ありません
✔ 雇用形態はアルバイト・パートです
✔ 給与・勤務時間・シフトの詳細は応募後にご案内します
✔ 気になる点だけのお問い合わせも歓迎します"
春日井市,軽作業スタッフ（アルバイト・パート）,勝川,愛知県春日井市,長く続けたい方へ◎倉庫内の軽作業スタッフ！,未経験スタート｜ピッキング・仕分け｜勝川駅エリア,"✦・━━━━━━━━━━━━━━━・✦
＼愛知県春日井市で募集中／
アルバイト・パートでしっかり働く。
倉庫内のピッキング・検品スタッフ◎
✦・━━━━━━━━━━━━━━━・✦

「毎日違う時間だと生活が整わない」
「予定を立てて働きたい」

シフト制ですが、週5日以上・フルタイムでの勤務を前提に組み立てます。

＝＝＝＝＝＝＝＝＝＝＝＝＝＝＝
【✧お仕事の内容✧】
■ 開始前の確認
その日の担当工程と作業量を確認します。
■ ピッキング・検品
リストに沿って商品を集め、品番と数量を確かめます。
■ 梱包・仕分け
包んで箱詰めし、届け先ごとに分けます。
■ 片付け
使った資材と作業エリアを整えて終了です。

＝＝＝＝＝＝＝＝＝＝＝＝＝＝＝
【✧勤務条件✧】
✔ 週5日以上・1日実働8時間程度のフルタイム勤務です
✔ シフト制です
✔ 毎日同じリズムで働きたい方に向いています
✔ 勤務時間の詳細は応募後にご案内します

＝＝＝＝＝＝＝＝＝＝＝＝＝＝＝
【✨はじめての方へ✨】
✔ 未経験から始められます
✔ 判断の基準はリストとマニュアルにあります
✔ 扱うのは片手で持てるサイズが中心です
✔ 分からないことはその場で確認できます

＝＝＝＝＝＝＝＝＝＝＝＝＝＝＝
【✧勤務地✧】

愛知県春日井市（勝川駅エリア）

雇用形態はアルバイト・パートです。
給与・勤務時間・シフトなどの詳細は、
ご応募後にあらためてご案内します。
ご不明な点はご応募後にご説明します。","《✼働き方のポイント✼》

✅ ① 1工程からはじめられます
最初から全工程を覚える必要はありません。
担当する工程から順に慣れていけます。

✅ ② 判断の基準は紙にあります
品番と数量はリストと照らして確認します。
記憶に頼る場面はありません。

✅ ③ シフト制で工程が変わります
ピッキング・検品・梱包・仕分けのいずれかを担当します。

＝＝＝＝＝＝＝＝＝＝＝＝＝＝＝
《✼向いている方✼》
✔ 日数をしっかり入れたい方
✔ もくもく作業したい方
✔ 長く同じ職場で働きたい方

＝＝＝＝＝＝＝＝＝＝＝＝＝＝＝
《✼応募について✼》
✔ 経験・資格は必要ありません
✔ 雇用形態はアルバイト・パートです
✔ 給与・勤務時間・シフトの詳細は応募後にご案内します
✔ 気になる点だけのお問い合わせも歓迎します"
春日井市,軽作業スタッフ（アルバイト・パート）,高蔵寺,愛知県春日井市中央台,もくもく作業◎倉庫内の軽作業スタッフ☆,資格不要｜ピッキング・仕分け｜高蔵寺駅エリア,"✦・━━━━━━━━━━━━━━━・✦
＼愛知県春日井市で募集中／
腰を据えて働きたい方へ。
週5日以上のフルタイム軽作業◎
✦・━━━━━━━━━━━━━━━・✦

「毎日違う時間だと生活が整わない」
「予定を立てて働きたい」

シフト制ですが、週5日以上・フルタイムでの勤務を前提に組み立てます。

＝＝＝＝＝＝＝＝＝＝＝＝＝＝＝
【✧お仕事の内容✧】
■ ピッキング（リストの棚番号を見て商品を集める）
■ 検品（品番と数量をリストと照合する）
■ 梱包（緩衝材で包み、指定の箱へ）
■ 仕分け（届け先ごとに分けて所定の場所へ）

＝＝＝＝＝＝＝＝＝＝＝＝＝＝＝
【✧勤務条件✧】
✔ 週5日以上・1日実働8時間程度のフルタイム勤務です
✔ シフト制です
✔ 毎日同じリズムで働きたい方に向いています
✔ 勤務時間の詳細は応募後にご案内します

＝＝＝＝＝＝＝＝＝＝＝＝＝＝＝
【✨はじめての方へ✨】
✔ 未経験から始められます
✔ 判断の基準はリストとマニュアルにあります
✔ 扱うのは片手で持てるサイズが中心です
✔ 分からないことはその場で確認できます

＝＝＝＝＝＝＝＝＝＝＝＝＝＝＝
【✧勤務地✧】

愛知県春日井市中央台（高蔵寺駅エリア）

雇用形態はアルバイト・パートです。
給与・勤務時間・シフトなどの詳細は、
ご応募後にあらためてご案内します。
ご不明な点はご応募後にご説明します。","《✼作業のすすめ方✼》

✅ ① 1工程からはじめられます
最初から全工程を覚える必要はありません。
担当する工程から順に慣れていけます。

✅ ② 判断の基準は紙にあります
品番と数量はリストと照らして確認します。
記憶に頼る場面はありません。

✅ ③ シフト制で工程が変わります
ピッキング・検品・梱包・仕分けのいずれかを担当します。

＝＝＝＝＝＝＝＝＝＝＝＝＝＝＝
《✼向いている方✼》
✔ 日数をしっかり入れたい方
✔ もくもく作業したい方
✔ 長く同じ職場で働きたい方

＝＝＝＝＝＝＝＝＝＝＝＝＝＝＝
《✼応募について✼》
✔ 経験・資格は必要ありません
✔ 雇用形態はアルバイト・パートです
✔ 給与・勤務時間・シフトの詳細は応募後にご案内します
✔ 気になる点だけのお問い合わせも歓迎します"
名古屋市緑区,軽作業スタッフ（アルバイト・パート）,鳴海,愛知県名古屋市緑区鳴海町,駅チカ勤務◎倉庫内の軽作業スタッフ✨,もくもく作業｜ピッキング・仕分け｜鳴海駅エリア,"✦・━━━━━━━━━━━━━━━・✦
＼愛知県名古屋市緑区で募集中／
生活のリズムをつくりたい方へ。
倉庫内の軽作業スタッフ募集◎
✦・━━━━━━━━━━━━━━━・✦

「毎日違う時間だと生活が整わない」
「予定を立てて働きたい」

シフト制ですが、週5日以上・フルタイムでの勤務を前提に組み立てます。

＝＝＝＝＝＝＝＝＝＝＝＝＝＝＝
【✧お仕事の内容✧】
■ ピッキング（リストの棚番号を見て商品を集める）
■ 検品（品番と数量をリストと照合する）
■ 梱包（緩衝材で包み、指定の箱へ）
■ 仕分け（届け先ごとに分けて所定の場所へ）

＝＝＝＝＝＝＝＝＝＝＝＝＝＝＝
【✧勤務条件✧】
✔ 週5日以上の勤務が前提です
✔ 1日実働8時間程度のフルタイムです
✔ シフトは週5日以上を前提に組みます
✔ 開始時刻など詳細は応募後にご案内します

＝＝＝＝＝＝＝＝＝＝＝＝＝＝＝
【✨はじめての方へ✨】
✔ 未経験から始められます
✔ 判断の基準はリストとマニュアルにあります
✔ 扱うのは片手で持てるサイズが中心です
✔ 分からないことはその場で確認できます

＝＝＝＝＝＝＝＝＝＝＝＝＝＝＝
【✧勤務地✧】

愛知県名古屋市緑区鳴海町（鳴海駅エリア）

雇用形態はアルバイト・パートです。
給与・勤務時間・シフトなどの詳細は、
ご応募後にあらためてご案内します。
ご不明な点はご応募後にご説明します。","《✼続けやすい理由✼》

✅ ① 1工程からはじめられます
最初から全工程を覚える必要はありません。
担当する工程から順に慣れていけます。

✅ ② 判断の基準は紙にあります
品番と数量はリストと照らして確認します。
記憶に頼る場面はありません。

✅ ③ シフト制で工程が変わります
ピッキング・検品・梱包・仕分けのいずれかを担当します。

＝＝＝＝＝＝＝＝＝＝＝＝＝＝＝
《✼向いている方✼》
✔ 日数をしっかり入れたい方
✔ もくもく作業したい方
✔ 長く同じ職場で働きたい方

＝＝＝＝＝＝＝＝＝＝＝＝＝＝＝
《✼応募について✼》
✔ 経験・資格は必要ありません
✔ 雇用形態はアルバイト・パートです
✔ 給与・勤務時間・シフトの詳細は応募後にご案内します
✔ 気になる点だけのお問い合わせも歓迎します"
名古屋市緑区,軽作業スタッフ（アルバイト・パート）,有松,愛知県名古屋市緑区有松,週5フルタイム◎ピッキングからはじめる倉庫ワーク♪,未経験から｜倉庫内の軽作業｜有松駅エリア,"✦・━━━━━━━━━━━━━━━・✦
＼愛知県名古屋市緑区で募集中／
週5日以上・フルタイムで働きたい方へ。
倉庫内の軽作業スタッフ募集◎
✦・━━━━━━━━━━━━━━━・✦

「人と話す仕事は少し苦手」
「自分のペースで進めたい」

接客も電話対応もありません。手元の作業に集中できます。

＝＝＝＝＝＝＝＝＝＝＝＝＝＝＝
【✧お仕事の内容✧】
■ ピッキング
リストの棚番号を見て、指定された商品を集めます。
■ 検品
品番と数量がリストと合っているかを確認します。
■ 梱包
商品を緩衝材で包み、指定の箱に詰めます。
■ 仕分け
届け先ごとに商品を分け、所定の場所に置きます。

＝＝＝＝＝＝＝＝＝＝＝＝＝＝＝
【✧勤務条件✧】
✔ 週5日以上の勤務が前提です
✔ 1日実働8時間程度のフルタイムです
✔ シフトは週5日以上を前提に組みます
✔ 開始時刻など詳細は応募後にご案内します

＝＝＝＝＝＝＝＝＝＝＝＝＝＝＝
【✨はじめての方へ✨】
✔ 未経験から始められます
✔ 判断の基準はリストとマニュアルにあります
✔ 扱うのは片手で持てるサイズが中心です
✔ 分からないことはその場で確認できます

＝＝＝＝＝＝＝＝＝＝＝＝＝＝＝
【✧勤務地✧】

愛知県名古屋市緑区有松（有松駅エリア）

雇用形態はアルバイト・パートです。
給与・勤務時間・シフトなどの詳細は、
ご応募後にあらためてご案内します。
ご不明な点はご応募後にご説明します。","《✼このお仕事の特徴✼》

✅ ① 作業台まわりで完結します
商品は作業台まで運ばれてきます。
倉庫内を歩き回り続ける作業ではありません。

✅ ② はじめは簡単な工程から
ラベル貼りや数量の確認など、覚えやすい工程からお任せします。

✅ ③ 長く続けている方が多い工程です
同じ流れの繰り返しなので、覚えてしまえば迷いません。

＝＝＝＝＝＝＝＝＝＝＝＝＝＝＝
《✼向いている方✼》
✔ 日数をしっかり入れたい方
✔ もくもく作業したい方
✔ 長く同じ職場で働きたい方

＝＝＝＝＝＝＝＝＝＝＝＝＝＝＝
《✼応募について✼》
✔ 経験・資格は必要ありません
✔ 雇用形態はアルバイト・パートです
✔ 給与・勤務時間・シフトの詳細は応募後にご案内します
✔ 気になる点だけのお問い合わせも歓迎します"
名古屋市北区,軽作業スタッフ（アルバイト・パート）,黒川,愛知県名古屋市北区柳原,しっかり働きたい方へ◎ピッキングからはじめる倉庫ワーク◎,経験不問｜倉庫内の軽作業｜黒川駅エリア,"✦・━━━━━━━━━━━━━━━・✦
＼愛知県名古屋市北区で募集中／
毎日同じリズムで働きたい方へ。
シフト制・フルタイムの軽作業◎
✦・━━━━━━━━━━━━━━━・✦

「人と話す仕事は少し苦手」
「自分のペースで進めたい」

接客も電話対応もありません。手元の作業に集中できます。

＝＝＝＝＝＝＝＝＝＝＝＝＝＝＝
【✧お仕事の内容✧】
■ ピッキング
リストの棚番号を見て、指定された商品を集めます。
■ 検品
品番と数量がリストと合っているかを確認します。
■ 梱包
商品を緩衝材で包み、指定の箱に詰めます。
■ 仕分け
届け先ごとに商品を分け、所定の場所に置きます。

＝＝＝＝＝＝＝＝＝＝＝＝＝＝＝
【✧勤務条件✧】
✔ 週5日以上の勤務が前提です
✔ 1日実働8時間程度のフルタイムです
✔ シフトは週5日以上を前提に組みます
✔ 開始時刻など詳細は応募後にご案内します

＝＝＝＝＝＝＝＝＝＝＝＝＝＝＝
【✨はじめての方へ✨】
✔ 未経験から始められます
✔ 判断の基準はリストとマニュアルにあります
✔ 扱うのは片手で持てるサイズが中心です
✔ 分からないことはその場で確認できます

＝＝＝＝＝＝＝＝＝＝＝＝＝＝＝
【✧勤務地✧】

愛知県名古屋市北区柳原（黒川駅エリア）

雇用形態はアルバイト・パートです。
給与・勤務時間・シフトなどの詳細は、
ご応募後にあらためてご案内します。
ご不明な点はご応募後にご説明します。","《✼ここがはじめやすい✼》

✅ ① 作業台まわりで完結します
商品は作業台まで運ばれてきます。
倉庫内を歩き回り続ける作業ではありません。

✅ ② はじめは簡単な工程から
ラベル貼りや数量の確認など、覚えやすい工程からお任せします。

✅ ③ 長く続けている方が多い工程です
同じ流れの繰り返しなので、覚えてしまえば迷いません。

＝＝＝＝＝＝＝＝＝＝＝＝＝＝＝
《✼向いている方✼》
✔ 日数をしっかり入れたい方
✔ もくもく作業したい方
✔ 長く同じ職場で働きたい方

＝＝＝＝＝＝＝＝＝＝＝＝＝＝＝
《✼応募について✼》
✔ 経験・資格は必要ありません
✔ 雇用形態はアルバイト・パートです
✔ 給与・勤務時間・シフトの詳細は応募後にご案内します
✔ 気になる点だけのお問い合わせも歓迎します"
名古屋市中区,軽作業スタッフ（アルバイト・パート）,丸の内,愛知県名古屋市中区丸の内,安定シフト◎ピッキングからはじめる倉庫ワーク！,未経験スタート｜倉庫内の軽作業｜丸の内駅エリア,"✦・━━━━━━━━━━━━━━━・✦
＼愛知県名古屋市中区で募集中／
アルバイト・パートでしっかり働く。
倉庫内のピッキング・検品スタッフ◎
✦・━━━━━━━━━━━━━━━・✦

「人と話す仕事は少し苦手」
「自分のペースで進めたい」

接客も電話対応もありません。手元の作業に集中できます。

＝＝＝＝＝＝＝＝＝＝＝＝＝＝＝
【✧お仕事の内容✧】
■ 商品を受け取る
作業台まで運ばれてきた商品を受け取ります。
■ 状態を見る
傷・汚れ・数量の違いがないかを確認します。
■ 箱に詰める
緩衝材で包み、指定の箱に入れて封をします。
■ ラベルを貼る
伝票を決められた位置に貼り、次の工程へ回します。

＝＝＝＝＝＝＝＝＝＝＝＝＝＝＝
【✧勤務条件✧】
✔ フルタイム勤務（1日実働8時間程度）です
✔ 週5日以上入れる方を想定しています
✔ シフト制で担当工程は日によって変わります
✔ 勤務時間の詳細は応募後にご案内します

＝＝＝＝＝＝＝＝＝＝＝＝＝＝＝
【✨はじめての方へ✨】
✔ はじめは1つの工程からお任せします
✔ 手順が決まっているので迷いません
✔ もくもく進めたい方に向いています
✔ 慣れてきたら担当を広げられます

＝＝＝＝＝＝＝＝＝＝＝＝＝＝＝
【✧勤務地✧】

愛知県名古屋市中区丸の内（丸の内駅エリア）

雇用形態はアルバイト・パートです。
給与・勤務時間・シフトなどの詳細は、
ご応募後にあらためてご案内します。
ご不明な点はご応募後にご説明します。","《✼働き方のポイント✼》

✅ ① 作業台まわりで完結します
商品は作業台まで運ばれてきます。
倉庫内を歩き回り続ける作業ではありません。

✅ ② はじめは簡単な工程から
ラベル貼りや数量の確認など、覚えやすい工程からお任せします。

✅ ③ 長く続けている方が多い工程です
同じ流れの繰り返しなので、覚えてしまえば迷いません。

＝＝＝＝＝＝＝＝＝＝＝＝＝＝＝
《✼向いている方✼》
✔ 日数をしっかり入れたい方
✔ もくもく作業したい方
✔ 長く同じ職場で働きたい方

＝＝＝＝＝＝＝＝＝＝＝＝＝＝＝
《✼応募について✼》
✔ 経験・資格は必要ありません
✔ 雇用形態はアルバイト・パートです
✔ 給与・勤務時間・シフトの詳細は応募後にご案内します
✔ 気になる点だけのお問い合わせも歓迎します"
名古屋市中村区,軽作業スタッフ（アルバイト・パート）,国際センター,愛知県名古屋市中村区名駅,フルタイム勤務◎ピッキングからはじめる倉庫ワーク☆,資格不要｜倉庫内の軽作業｜国際センター駅エリア,"✦・━━━━━━━━━━━━━━━・✦
＼愛知県名古屋市中村区で募集中／
腰を据えて働きたい方へ。
週5日以上のフルタイム軽作業◎
✦・━━━━━━━━━━━━━━━・✦

「人と話す仕事は少し苦手」
「自分のペースで進めたい」

接客も電話対応もありません。手元の作業に集中できます。

＝＝＝＝＝＝＝＝＝＝＝＝＝＝＝
【✧お仕事の内容✧】
■ 商品を受け取る
作業台まで運ばれてきた商品を受け取ります。
■ 状態を見る
傷・汚れ・数量の違いがないかを確認します。
■ 箱に詰める
緩衝材で包み、指定の箱に入れて封をします。
■ ラベルを貼る
伝票を決められた位置に貼り、次の工程へ回します。

＝＝＝＝＝＝＝＝＝＝＝＝＝＝＝
【✧勤務条件✧】
✔ フルタイム勤務（1日実働8時間程度）です
✔ 週5日以上入れる方を想定しています
✔ シフト制で担当工程は日によって変わります
✔ 勤務時間の詳細は応募後にご案内します

＝＝＝＝＝＝＝＝＝＝＝＝＝＝＝
【✨はじめての方へ✨】
✔ はじめは1つの工程からお任せします
✔ 手順が決まっているので迷いません
✔ もくもく進めたい方に向いています
✔ 慣れてきたら担当を広げられます

＝＝＝＝＝＝＝＝＝＝＝＝＝＝＝
【✧勤務地✧】

愛知県名古屋市中村区名駅（国際センター駅エリア）

雇用形態はアルバイト・パートです。
給与・勤務時間・シフトなどの詳細は、
ご応募後にあらためてご案内します。
ご不明な点はご応募後にご説明します。","《✼作業のすすめ方✼》

✅ ① 作業台まわりで完結します
商品は作業台まで運ばれてきます。
倉庫内を歩き回り続ける作業ではありません。

✅ ② はじめは簡単な工程から
ラベル貼りや数量の確認など、覚えやすい工程からお任せします。

✅ ③ 長く続けている方が多い工程です
同じ流れの繰り返しなので、覚えてしまえば迷いません。

＝＝＝＝＝＝＝＝＝＝＝＝＝＝＝
《✼向いている方✼》
✔ 日数をしっかり入れたい方
✔ もくもく作業したい方
✔ 長く同じ職場で働きたい方

＝＝＝＝＝＝＝＝＝＝＝＝＝＝＝
《✼応募について✼》
✔ 経験・資格は必要ありません
✔ 雇用形態はアルバイト・パートです
✔ 給与・勤務時間・シフトの詳細は応募後にご案内します
✔ 気になる点だけのお問い合わせも歓迎します"
名古屋市西区,軽作業スタッフ（アルバイト・パート）,浄心,愛知県名古屋市西区城西,腰を据えて働ける◎ピッキングからはじめる倉庫ワーク✨,もくもく作業｜倉庫内の軽作業｜浄心駅エリア,"✦・━━━━━━━━━━━━━━━・✦
＼愛知県名古屋市西区で募集中／
生活のリズムをつくりたい方へ。
倉庫内の軽作業スタッフ募集◎
✦・━━━━━━━━━━━━━━━・✦

「人と話す仕事は少し苦手」
「自分のペースで進めたい」

接客も電話対応もありません。手元の作業に集中できます。

＝＝＝＝＝＝＝＝＝＝＝＝＝＝＝
【✧お仕事の内容✧】
■ 開始前の確認
その日の担当工程と作業量を確認します。
■ ピッキング・検品
リストに沿って商品を集め、品番と数量を確かめます。
■ 梱包・仕分け
包んで箱詰めし、届け先ごとに分けます。
■ 片付け
使った資材と作業エリアを整えて終了です。

＝＝＝＝＝＝＝＝＝＝＝＝＝＝＝
【✧勤務条件✧】
✔ フルタイム勤務（1日実働8時間程度）です
✔ 週5日以上入れる方を想定しています
✔ シフト制で担当工程は日によって変わります
✔ 勤務時間の詳細は応募後にご案内します

＝＝＝＝＝＝＝＝＝＝＝＝＝＝＝
【✨はじめての方へ✨】
✔ はじめは1つの工程からお任せします
✔ 手順が決まっているので迷いません
✔ もくもく進めたい方に向いています
✔ 慣れてきたら担当を広げられます

＝＝＝＝＝＝＝＝＝＝＝＝＝＝＝
【✧勤務地✧】

愛知県名古屋市西区城西（浄心駅エリア）

雇用形態はアルバイト・パートです。
給与・勤務時間・シフトなどの詳細は、
ご応募後にあらためてご案内します。
まずは仕事内容を知るところからで大丈夫です。","《✼続けやすい理由✼》

✅ ① 作業台まわりで完結します
商品は作業台まで運ばれてきます。
倉庫内を歩き回り続ける作業ではありません。

✅ ② はじめは簡単な工程から
ラベル貼りや数量の確認など、覚えやすい工程からお任せします。

✅ ③ 長く続けている方が多い工程です
同じ流れの繰り返しなので、覚えてしまえば迷いません。

＝＝＝＝＝＝＝＝＝＝＝＝＝＝＝
《✼向いている方✼》
✔ 日数をしっかり入れたい方
✔ もくもく作業したい方
✔ 長く同じ職場で働きたい方

＝＝＝＝＝＝＝＝＝＝＝＝＝＝＝
《✼応募について✼》
✔ 経験・資格は必要ありません
✔ 雇用形態はアルバイト・パートです
✔ 給与・勤務時間・シフトの詳細は応募後にご案内します
✔ 気になる点だけのお問い合わせも歓迎します"
名古屋市西区,軽作業スタッフ（アルバイト・パート）,庄内通,愛知県名古屋市西区,毎日同じリズムで◎ピッキングからはじめる倉庫ワーク♪,未経験から｜軽作業スタッフ｜庄内通駅エリア,"✦・━━━━━━━━━━━━━━━・✦
＼愛知県名古屋市西区で募集中／
週5日以上・フルタイムで働きたい方へ。
倉庫内の軽作業スタッフ募集◎
✦・━━━━━━━━━━━━━━━・✦

「長く続けられる仕事を探している」
「覚えることが多いと不安」

担当する工程は決まっています。1つずつ覚えていけます。

＝＝＝＝＝＝＝＝＝＝＝＝＝＝＝
【✧お仕事の内容✧】
■ 開始前の確認
その日の担当工程と作業量を確認します。
■ ピッキング・検品
リストに沿って商品を集め、品番と数量を確かめます。
■ 梱包・仕分け
包んで箱詰めし、届け先ごとに分けます。
■ 片付け
使った資材と作業エリアを整えて終了です。

＝＝＝＝＝＝＝＝＝＝＝＝＝＝＝
【✧勤務条件✧】
✔ 週5日以上・1日実働8時間程度です
✔ シフト制です
✔ 予定を立てて働きたい方に向いています
✔ 勤務日数の詳細は応募後にご案内します

＝＝＝＝＝＝＝＝＝＝＝＝＝＝＝
【✨はじめての方へ✨】
✔ はじめは1つの工程からお任せします
✔ 手順が決まっているので迷いません
✔ もくもく進めたい方に向いています
✔ 慣れてきたら担当を広げられます

＝＝＝＝＝＝＝＝＝＝＝＝＝＝＝
【✧勤務地✧】

愛知県名古屋市西区（庄内通駅エリア）

雇用形態はアルバイト・パートです。
給与・勤務時間・シフトなどの詳細は、
ご応募後にあらためてご案内します。
まずは仕事内容を知るところからで大丈夫です。","《✼このお仕事の特徴✼》

✅ ① フルタイムで働けます
1日実働8時間程度・週5日以上の勤務です。

✅ ② 細かい違いに気づける方に向いています
傷・汚れ・数量の違いを見つけるのが役割のひとつです。

✅ ③ 相談できる距離で働けます
分からないことはその場で確認できる環境です。

＝＝＝＝＝＝＝＝＝＝＝＝＝＝＝
《✼向いている方✼》
✔ 日数をしっかり入れたい方
✔ もくもく作業したい方
✔ 長く同じ職場で働きたい方

＝＝＝＝＝＝＝＝＝＝＝＝＝＝＝
《✼応募について✼》
✔ 経験・資格は必要ありません
✔ 雇用形態はアルバイト・パートです
✔ 給与・勤務時間・シフトの詳細は応募後にご案内します
✔ 気になる点だけのお問い合わせも歓迎します"
岩倉市,軽作業スタッフ（アルバイト・パート）,岩倉,愛知県岩倉市本町,生活リズムを整えたい方へ◎ピッキングからはじめる倉庫ワーク◎,経験不問｜軽作業スタッフ｜岩倉駅エリア,"✦・━━━━━━━━━━━━━━━・✦
＼愛知県岩倉市で募集中／
毎日同じリズムで働きたい方へ。
シフト制・フルタイムの軽作業◎
✦・━━━━━━━━━━━━━━━・✦

「長く続けられる仕事を探している」
「覚えることが多いと不安」

担当する工程は決まっています。1つずつ覚えていけます。

＝＝＝＝＝＝＝＝＝＝＝＝＝＝＝
【✧お仕事の内容✧】
■ ピッキング（リストの棚番号を見て商品を集める）
■ 検品（品番と数量をリストと照合する）
■ 梱包（緩衝材で包み、指定の箱へ）
■ 仕分け（届け先ごとに分けて所定の場所へ）

＝＝＝＝＝＝＝＝＝＝＝＝＝＝＝
【✧勤務条件✧】
✔ 週5日以上・1日実働8時間程度です
✔ シフト制です
✔ 予定を立てて働きたい方に向いています
✔ 勤務日数の詳細は応募後にご案内します

＝＝＝＝＝＝＝＝＝＝＝＝＝＝＝
【✨はじめての方へ✨】
✔ はじめは1つの工程からお任せします
✔ 手順が決まっているので迷いません
✔ もくもく進めたい方に向いています
✔ 慣れてきたら担当を広げられます

＝＝＝＝＝＝＝＝＝＝＝＝＝＝＝
【✧勤務地✧】

愛知県岩倉市本町（岩倉駅エリア）

雇用形態はアルバイト・パートです。
給与・勤務時間・シフトなどの詳細は、
ご応募後にあらためてご案内します。
まずは仕事内容を知るところからで大丈夫です。","《✼ここがはじめやすい✼》

✅ ① フルタイムで働けます
1日実働8時間程度・週5日以上の勤務です。

✅ ② 細かい違いに気づける方に向いています
傷・汚れ・数量の違いを見つけるのが役割のひとつです。

✅ ③ 相談できる距離で働けます
分からないことはその場で確認できる環境です。

＝＝＝＝＝＝＝＝＝＝＝＝＝＝＝
《✼向いている方✼》
✔ 日数をしっかり入れたい方
✔ もくもく作業したい方
✔ 長く同じ職場で働きたい方

＝＝＝＝＝＝＝＝＝＝＝＝＝＝＝
《✼応募について✼》
✔ 経験・資格は必要ありません
✔ 雇用形態はアルバイト・パートです
✔ 給与・勤務時間・シフトの詳細は応募後にご案内します
✔ 気になる点だけのお問い合わせも歓迎します"
江南市,軽作業スタッフ（アルバイト・パート）,江南,愛知県江南市古知野町,長く続けたい方へ◎ピッキングからはじめる倉庫ワーク！,未経験スタート｜軽作業スタッフ｜江南駅エリア,"✦・━━━━━━━━━━━━━━━・✦
＼愛知県江南市で募集中／
アルバイト・パートでしっかり働く。
倉庫内のピッキング・検品スタッフ◎
✦・━━━━━━━━━━━━━━━・✦

「長く続けられる仕事を探している」
「覚えることが多いと不安」

担当する工程は決まっています。1つずつ覚えていけます。

＝＝＝＝＝＝＝＝＝＝＝＝＝＝＝
【✧お仕事の内容✧】
■ ピッキング（リストの棚番号を見て商品を集める）
■ 検品（品番と数量をリストと照合する）
■ 梱包（緩衝材で包み、指定の箱へ）
■ 仕分け（届け先ごとに分けて所定の場所へ）

＝＝＝＝＝＝＝＝＝＝＝＝＝＝＝
【✧勤務条件✧】
✔ 週5日以上・1日実働8時間程度です
✔ シフト制です
✔ 予定を立てて働きたい方に向いています
✔ 勤務日数の詳細は応募後にご案内します

＝＝＝＝＝＝＝＝＝＝＝＝＝＝＝
【✨はじめての方へ✨】
✔ はじめは1つの工程からお任せします
✔ 手順が決まっているので迷いません
✔ もくもく進めたい方に向いています
✔ 慣れてきたら担当を広げられます

＝＝＝＝＝＝＝＝＝＝＝＝＝＝＝
【✧勤務地✧】

愛知県江南市古知野町（江南駅エリア）

雇用形態はアルバイト・パートです。
給与・勤務時間・シフトなどの詳細は、
ご応募後にあらためてご案内します。
まずは仕事内容を知るところからで大丈夫です。","《✼働き方のポイント✼》

✅ ① フルタイムで働けます
1日実働8時間程度・週5日以上の勤務です。

✅ ② 細かい違いに気づける方に向いています
傷・汚れ・数量の違いを見つけるのが役割のひとつです。

✅ ③ 相談できる距離で働けます
分からないことはその場で確認できる環境です。

＝＝＝＝＝＝＝＝＝＝＝＝＝＝＝
《✼向いている方✼》
✔ 日数をしっかり入れたい方
✔ もくもく作業したい方
✔ 長く同じ職場で働きたい方

＝＝＝＝＝＝＝＝＝＝＝＝＝＝＝
《✼応募について✼》
✔ 経験・資格は必要ありません
✔ 雇用形態はアルバイト・パートです
✔ 給与・勤務時間・シフトの詳細は応募後にご案内します
✔ 気になる点だけのお問い合わせも歓迎します"
犬山市,軽作業スタッフ（アルバイト・パート）,犬山,愛知県犬山市犬山,もくもく作業◎ピッキングからはじめる倉庫ワーク☆,資格不要｜軽作業スタッフ｜犬山駅エリア,"✦・━━━━━━━━━━━━━━━・✦
＼愛知県犬山市で募集中／
腰を据えて働きたい方へ。
週5日以上のフルタイム軽作業◎
✦・━━━━━━━━━━━━━━━・✦

「長く続けられる仕事を探している」
「覚えることが多いと不安」

担当する工程は決まっています。1つずつ覚えていけます。

＝＝＝＝＝＝＝＝＝＝＝＝＝＝＝
【✧お仕事の内容✧】
■ ピッキング
リストの棚番号を見て、指定された商品を集めます。
■ 検品
品番と数量がリストと合っているかを確認します。
■ 梱包
商品を緩衝材で包み、指定の箱に詰めます。
■ 仕分け
届け先ごとに商品を分け、所定の場所に置きます。

＝＝＝＝＝＝＝＝＝＝＝＝＝＝＝
【✧勤務条件✧】
✔ 週5日以上・1日実働8時間程度のフルタイム勤務です
✔ シフト制です
✔ 毎日同じリズムで働きたい方に向いています
✔ 勤務時間の詳細は応募後にご案内します

＝＝＝＝＝＝＝＝＝＝＝＝＝＝＝
【✨はじめての方へ✨】
✔ はじめは1つの工程からお任せします
✔ 手順が決まっているので迷いません
✔ もくもく進めたい方に向いています
✔ 慣れてきたら担当を広げられます

＝＝＝＝＝＝＝＝＝＝＝＝＝＝＝
【✧勤務地✧】

愛知県犬山市犬山（犬山駅エリア）

雇用形態はアルバイト・パートです。
給与・勤務時間・シフトなどの詳細は、
ご応募後にあらためてご案内します。
まずは仕事内容を知るところからで大丈夫です。","《✼作業のすすめ方✼》

✅ ① フルタイムで働けます
1日実働8時間程度・週5日以上の勤務です。

✅ ② 細かい違いに気づける方に向いています
傷・汚れ・数量の違いを見つけるのが役割のひとつです。

✅ ③ 相談できる距離で働けます
分からないことはその場で確認できる環境です。

＝＝＝＝＝＝＝＝＝＝＝＝＝＝＝
《✼向いている方✼》
✔ 日数をしっかり入れたい方
✔ もくもく作業したい方
✔ 長く同じ職場で働きたい方

＝＝＝＝＝＝＝＝＝＝＝＝＝＝＝
《✼応募について✼》
✔ 経験・資格は必要ありません
✔ 雇用形態はアルバイト・パートです
✔ 給与・勤務時間・シフトの詳細は応募後にご案内します
✔ 気になる点だけのお問い合わせも歓迎します"
小牧市,軽作業スタッフ（アルバイト・パート）,小牧,愛知県小牧市中央,駅チカ勤務◎ピッキングからはじめる倉庫ワーク✨,もくもく作業｜軽作業スタッフ｜小牧駅エリア,"✦・━━━━━━━━━━━━━━━・✦
＼愛知県小牧市で募集中／
生活のリズムをつくりたい方へ。
倉庫内の軽作業スタッフ募集◎
✦・━━━━━━━━━━━━━━━・✦

「長く続けられる仕事を探している」
「覚えることが多いと不安」

担当する工程は決まっています。1つずつ覚えていけます。

＝＝＝＝＝＝＝＝＝＝＝＝＝＝＝
【✧お仕事の内容✧】
■ ピッキング
リストの棚番号を見て、指定された商品を集めます。
■ 検品
品番と数量がリストと合っているかを確認します。
■ 梱包
商品を緩衝材で包み、指定の箱に詰めます。
■ 仕分け
届け先ごとに商品を分け、所定の場所に置きます。

＝＝＝＝＝＝＝＝＝＝＝＝＝＝＝
【✧勤務条件✧】
✔ 週5日以上・1日実働8時間程度のフルタイム勤務です
✔ シフト制です
✔ 毎日同じリズムで働きたい方に向いています
✔ 勤務時間の詳細は応募後にご案内します

＝＝＝＝＝＝＝＝＝＝＝＝＝＝＝
【✨はじめての方へ✨】
✔ 特別な資格は要りません
✔ 重量物の持ち運びはありません
✔ 工程は日によって変わることがあります
✔ 立ち作業と座り作業は工程によって変わります

＝＝＝＝＝＝＝＝＝＝＝＝＝＝＝
【✧勤務地✧】

愛知県小牧市中央（小牧駅エリア）

雇用形態はアルバイト・パートです。
給与・勤務時間・シフトなどの詳細は、
ご応募後にあらためてご案内します。
まずは仕事内容を知るところからで大丈夫です。","《✼続けやすい理由✼》

✅ ① フルタイムで働けます
1日実働8時間程度・週5日以上の勤務です。

✅ ② 細かい違いに気づける方に向いています
傷・汚れ・数量の違いを見つけるのが役割のひとつです。

✅ ③ 相談できる距離で働けます
分からないことはその場で確認できる環境です。

＝＝＝＝＝＝＝＝＝＝＝＝＝＝＝
《✼向いている方✼》
✔ 日数をしっかり入れたい方
✔ もくもく作業したい方
✔ 長く同じ職場で働きたい方

＝＝＝＝＝＝＝＝＝＝＝＝＝＝＝
《✼応募について✼》
✔ 経験・資格は必要ありません
✔ 雇用形態はアルバイト・パートです
✔ 給与・勤務時間・シフトの詳細は応募後にご案内します
✔ 気になる点だけのお問い合わせも歓迎します"
