都道府県/区市,職種,駅名,住所,キャッチコピー,タイトル,仕事内容,アピールポイント
三重県四日市,検品・梱包作業,近鉄四日市,三重県四日市市安島,手元に集中◇倉庫で進める検品・梱包♪,はじめてでも｜検品・梱包の軽作業｜近鉄四日市駅エリア,"┏━━━━━━━━━━━━━━━┓
＼三重県四日市エリアで新しい仲間を募集／
手元の商品に集中できる環境です。
検品と箱詰めを担当する方を募集
┗━━━━━━━━━━━━━━━┛

こんな不安はありませんか？
「数を間違えたら怒られそう」
「集中力が続くか心配」

数量はリストと二重に確認する流れです。ひとりで抱え込む仕組みではありません。

──────────────
【◆作業の流れ◆】
■ はじめに、その日の担当工程を確認します
■ 次に、数量と状態のチェック（検品）
■ その後、梱包とラベル貼り
■ 最後に、作業台を片づけて終了です

──────────────
【◆未経験の方へ◆】
✔ 初日は先輩と一緒に工程を確認します
✔ 使う道具はカッター・テープ・台車程度です
✔ 電話や来客の対応はありません
✔ 資格や経験の条件はありません

──────────────
【◆勤務地◆】

三重県四日市市安島
最寄り駅：近鉄四日市駅

給与や勤務時間、シフトの組み方は、
ご応募いただいた後にお伝えします。
まずは応募フォームからご連絡ください。","《◆長く続けられる理由◆》

✅ ① 初日は先輩と一緒
工程をひとつずつ確認しながら覚えます。

✅ ② 覚える品番は担当分だけ
全商品を暗記する必要はありません。

✅ ③ 速さより正確さ
急かされるより、確実に進めることを大切にしています。

──────────────
《◆向いている方◆》
✔ 通いやすい場所で働きたい方
✔ 覚える範囲がはっきりした仕事を探している方
✔ 落ち着いて作業したい方

──────────────
《◆応募について◆》
✔ 資格・経験の条件はありません
✔ 給与・勤務時間・シフト・待遇はご応募後にお伝えします
✔ 質問だけのご連絡も受け付けています"
三重県津市,検品・梱包作業,津,三重県津市羽所町,数えて、詰めて、貼る◇倉庫で進める検品・梱包◎,経験なしから｜検品・梱包の軽作業｜津駅エリア,"┏━━━━━━━━━━━━━━━┓
＼三重県津市エリアで新しい仲間を募集／
倉庫の仕事が、はじめての方へ。
検品・梱包・ラベル貼りの募集です
┗━━━━━━━━━━━━━━━┛

こんな不安はありませんか？
「数を間違えたら怒られそう」
「集中力が続くか心配」

数量はリストと二重に確認する流れです。ひとりで抱え込む仕組みではありません。

──────────────
【◆作業の流れ◆】
■ はじめに、その日の担当工程を確認します
■ 次に、数量と状態のチェック（検品）
■ その後、梱包とラベル貼り
■ 最後に、作業台を片づけて終了です

──────────────
【◆未経験の方へ◆】
✔ 初日は先輩と一緒に工程を確認します
✔ 使う道具はカッター・テープ・台車程度です
✔ 電話や来客の対応はありません
✔ 資格や経験の条件はありません

──────────────
【◆勤務地◆】

三重県津市羽所町
最寄り駅：津駅

給与や勤務時間、シフトの組み方は、
ご応募いただいた後にお伝えします。
まずは応募フォームからご連絡ください。","《◆こんな環境です◆》

✅ ① 初日は先輩と一緒
工程をひとつずつ確認しながら覚えます。

✅ ② 覚える品番は担当分だけ
全商品を暗記する必要はありません。

✅ ③ 速さより正確さ
急かされるより、確実に進めることを大切にしています。

──────────────
《◆向いている方◆》
✔ 通いやすい場所で働きたい方
✔ 覚える範囲がはっきりした仕事を探している方
✔ 落ち着いて作業したい方

──────────────
《◆応募について◆》
✔ 資格・経験の条件はありません
✔ 給与・勤務時間・シフト・待遇はご応募後にお伝えします
✔ 質問だけのご連絡も受け付けています"
三重県桑名市,検品・梱包作業,桑名,三重県桑名市東方,決まった順番で◇倉庫で進める検品・梱包！,手順あり｜検品・梱包の軽作業｜桑名駅エリア,"┏━━━━━━━━━━━━━━━┓
＼三重県桑名市エリアで新しい仲間を募集／
箱を開けて、数を数えて、また閉じる。
倉庫の検品・梱包スタッフを募集します
┗━━━━━━━━━━━━━━━┛

こんな不安はありませんか？
「体力に自信がない」
「腰に負担がかかりそう」

運ぶのは箱に入る程度の商品です。台車を使う場面もあります。

──────────────
【◆作業の流れ◆】
■ はじめに、その日の担当工程を確認します
■ 次に、数量と状態のチェック（検品）
■ その後、梱包とラベル貼り
■ 最後に、作業台を片づけて終了です

──────────────
【◆未経験の方へ◆】
✔ 数量はリストで二重に確認します
✔ 品番の読み方から説明します
✔ 分からないときは手を止めて聞けます
✔ 慣れるまでは同じ工程を続けられます

──────────────
【◆勤務地◆】

三重県桑名市東方
最寄り駅：桑名駅

給与や勤務時間、シフトの組み方は、
ご応募いただいた後にお伝えします。
まずは応募フォームからご連絡ください。","《◆この仕事の特徴◆》

✅ ① 手順書がそばにあります
迷ったときに見返せる資料があります。

✅ ② 商品は片手で持てるものが中心
重い荷物を抱えて歩く場面は多くありません。

✅ ③ 担当が日によって変わることも
検品・梱包・ラベル貼りを順に経験できます。

──────────────
《◆向いている方◆》
✔ 通いやすい場所で働きたい方
✔ 覚える範囲がはっきりした仕事を探している方
✔ 落ち着いて作業したい方

──────────────
《◆応募について◆》
✔ 資格・経験の条件はありません
✔ 給与・勤務時間・シフト・待遇はご応募後にお伝えします
✔ 質問だけのご連絡も受け付けています"
滋賀県米原市,検品・梱包作業,米原,滋賀県米原市米原,はじめてでも大丈夫◇倉庫で進める検品・梱包☆,接客なし｜検品・梱包の軽作業｜米原駅エリア,"┏━━━━━━━━━━━━━━━┓
＼滋賀県米原市エリアで新しい仲間を募集／
伝票と現物、合っているかを見る仕事です。
出荷前のチェックを担当するスタッフ募集
┗━━━━━━━━━━━━━━━┛

こんな不安はありませんか？
「体力に自信がない」
「腰に負担がかかりそう」

運ぶのは箱に入る程度の商品です。台車を使う場面もあります。

──────────────
【◆作業の流れ◆】
■ はじめに、その日の担当工程を確認します
■ 次に、数量と状態のチェック（検品）
■ その後、梱包とラベル貼り
■ 最後に、作業台を片づけて終了です

──────────────
【◆未経験の方へ◆】
✔ 数量はリストで二重に確認します
✔ 品番の読み方から説明します
✔ 分からないときは手を止めて聞けます
✔ 慣れるまでは同じ工程を続けられます

──────────────
【◆勤務地◆】

滋賀県米原市米原
最寄り駅：米原駅

給与や勤務時間、シフトの組み方は、
ご応募いただいた後にお伝えします。
まずは応募フォームからご連絡ください。","《◆はじめやすいポイント◆》

✅ ① 手順書がそばにあります
迷ったときに見返せる資料があります。

✅ ② 商品は片手で持てるものが中心
重い荷物を抱えて歩く場面は多くありません。

✅ ③ 担当が日によって変わることも
検品・梱包・ラベル貼りを順に経験できます。

──────────────
《◆向いている方◆》
✔ 通いやすい場所で働きたい方
✔ 覚える範囲がはっきりした仕事を探している方
✔ 落ち着いて作業したい方

──────────────
《◆応募について◆》
✔ 資格・経験の条件はありません
✔ 給与・勤務時間・シフト・待遇はご応募後にお伝えします
✔ 質問だけのご連絡も受け付けています"
滋賀県彦根市,検品・梱包作業,彦根,滋賀県彦根市古沢町,静かに働ける◇倉庫で進める検品・梱包✨,コツコツ派に｜検品・梱包の軽作業｜彦根駅エリア,"┏━━━━━━━━━━━━━━━┓
＼滋賀県彦根市エリアで新しい仲間を募集／
今日やることは、作業に入る前に決まっています。
検品・梱包の軽作業スタッフ募集
┗━━━━━━━━━━━━━━━┛

こんな不安はありませんか？
「体力に自信がない」
「腰に負担がかかりそう」

運ぶのは箱に入る程度の商品です。台車を使う場面もあります。

──────────────
【◆作業の流れ◆】
■ はじめに、その日の担当工程を確認します
■ 次に、数量と状態のチェック（検品）
■ その後、梱包とラベル貼り
■ 最後に、作業台を片づけて終了です

──────────────
【◆未経験の方へ◆】
✔ 作業は作業台のまわりで完結します
✔ 運ぶのは箱に入る程度の商品です
✔ 担当工程は日によって変わることがあります
✔ 経験の有無で担当を分けることはありません

──────────────
【◆勤務地◆】

滋賀県彦根市古沢町
最寄り駅：彦根駅

給与や勤務時間、シフトの組み方は、
ご応募いただいた後にお伝えします。
まずは応募フォームからご連絡ください。","《◆一日の過ごし方◆》

✅ ① 手順書がそばにあります
迷ったときに見返せる資料があります。

✅ ② 商品は片手で持てるものが中心
重い荷物を抱えて歩く場面は多くありません。

✅ ③ 担当が日によって変わることも
検品・梱包・ラベル貼りを順に経験できます。

──────────────
《◆向いている方◆》
✔ 通いやすい場所で働きたい方
✔ 覚える範囲がはっきりした仕事を探している方
✔ 落ち着いて作業したい方

──────────────
《◆応募について◆》
✔ 資格・経験の条件はありません
✔ 給与・勤務時間・シフト・待遇はご応募後にお伝えします
✔ 質問だけのご連絡も受け付けています"
三重県四日市,検品・梱包作業,近鉄富田,三重県四日市市富田,1日の流れがシンプル◇倉庫で進める検品・梱包♪,はじめてでも｜倉庫内の箱詰め・検品｜近鉄富田駅エリア,"┏━━━━━━━━━━━━━━━┓
＼三重県四日市エリアで新しい仲間を募集／
包んで、詰めて、貼る。この 3 つが基本です。
倉庫内の梱包スタッフを募集します
┗━━━━━━━━━━━━━━━┛

こんな不安はありませんか？
「体力に自信がない」
「腰に負担がかかりそう」

運ぶのは箱に入る程度の商品です。台車を使う場面もあります。

──────────────
【◆作業の流れ◆】
■ はじめに、その日の担当工程を確認します
■ 次に、数量と状態のチェック（検品）
■ その後、梱包とラベル貼り
■ 最後に、作業台を片づけて終了です

──────────────
【◆未経験の方へ◆】
✔ 作業は作業台のまわりで完結します
✔ 運ぶのは箱に入る程度の商品です
✔ 担当工程は日によって変わることがあります
✔ 経験の有無で担当を分けることはありません

──────────────
【◆勤務地◆】

三重県四日市市富田
最寄り駅：近鉄富田駅

給与や勤務時間、シフトの組み方は、
ご応募いただいた後にお伝えします。
少しでも気になったら、ご応募ください。","《◆作業のこだわり◆》

✅ ① 手順書がそばにあります
迷ったときに見返せる資料があります。

✅ ② 商品は片手で持てるものが中心
重い荷物を抱えて歩く場面は多くありません。

✅ ③ 担当が日によって変わることも
検品・梱包・ラベル貼りを順に経験できます。

──────────────
《◆向いている方◆》
✔ 通いやすい場所で働きたい方
✔ 覚える範囲がはっきりした仕事を探している方
✔ 落ち着いて作業したい方

──────────────
《◆応募について◆》
✔ 資格・経験の条件はありません
✔ 給与・勤務時間・シフト・待遇はご応募後にお伝えします
✔ 質問だけのご連絡も受け付けています"
三重県鈴鹿市,検品・梱包作業,白子,三重県鈴鹿市白子駅前,身近な駅で◇倉庫で進める検品・梱包◎,経験なしから｜倉庫内の箱詰め・検品｜白子駅エリア,"┏━━━━━━━━━━━━━━━┓
＼三重県鈴鹿市エリアで新しい仲間を募集／
手元の商品に集中できる環境です。
検品と箱詰めを担当する方を募集
┗━━━━━━━━━━━━━━━┛

こんな不安はありませんか？
「体力に自信がない」
「腰に負担がかかりそう」

運ぶのは箱に入る程度の商品です。台車を使う場面もあります。

──────────────
【◆作業の流れ◆】
■ はじめに、その日の担当工程を確認します
■ 次に、数量と状態のチェック（検品）
■ その後、梱包とラベル貼り
■ 最後に、作業台を片づけて終了です

──────────────
【◆未経験の方へ◆】
✔ 手順書を見ながら進められます
✔ 検品・梱包・ラベル貼りを順に覚えます
✔ 商品は片手で持てるものが中心です
✔ 質問しやすい距離に担当者がいます

──────────────
【◆勤務地◆】

三重県鈴鹿市白子駅前
最寄り駅：白子駅

給与や勤務時間、シフトの組み方は、
ご応募いただいた後にお伝えします。
少しでも気になったら、ご応募ください。","《◆長く続けられる理由◆》

✅ ① 手順書がそばにあります
迷ったときに見返せる資料があります。

✅ ② 商品は片手で持てるものが中心
重い荷物を抱えて歩く場面は多くありません。

✅ ③ 担当が日によって変わることも
検品・梱包・ラベル貼りを順に経験できます。

──────────────
《◆向いている方◆》
✔ 通いやすい場所で働きたい方
✔ 覚える範囲がはっきりした仕事を探している方
✔ 落ち着いて作業したい方

──────────────
《◆応募について◆》
✔ 資格・経験の条件はありません
✔ 給与・勤務時間・シフト・待遇はご応募後にお伝えします
✔ 質問だけのご連絡も受け付けています"
三重県津市,検品・梱包作業,津新町,三重県津市新町,難しい操作なし◇倉庫で進める検品・梱包！,手順あり｜倉庫内の箱詰め・検品｜津新町駅エリア,"┏━━━━━━━━━━━━━━━┓
＼三重県津市エリアで新しい仲間を募集／
倉庫の仕事が、はじめての方へ。
検品・梱包・ラベル貼りの募集です
┗━━━━━━━━━━━━━━━┛

こんな不安はありませんか？
「体力に自信がない」
「腰に負担がかかりそう」

運ぶのは箱に入る程度の商品です。台車を使う場面もあります。

──────────────
【◆作業の流れ◆】
■ はじめに、その日の担当工程を確認します
■ 次に、数量と状態のチェック（検品）
■ その後、梱包とラベル貼り
■ 最後に、作業台を片づけて終了です

──────────────
【◆未経験の方へ◆】
✔ 手順書を見ながら進められます
✔ 検品・梱包・ラベル貼りを順に覚えます
✔ 商品は片手で持てるものが中心です
✔ 質問しやすい距離に担当者がいます

──────────────
【◆勤務地◆】

三重県津市新町
最寄り駅：津新町駅

給与や勤務時間、シフトの組み方は、
ご応募いただいた後にお伝えします。
少しでも気になったら、ご応募ください。","《◆こんな環境です◆》

✅ ① 手順書がそばにあります
迷ったときに見返せる資料があります。

✅ ② 商品は片手で持てるものが中心
重い荷物を抱えて歩く場面は多くありません。

✅ ③ 担当が日によって変わることも
検品・梱包・ラベル貼りを順に経験できます。

──────────────
《◆向いている方◆》
✔ 通いやすい場所で働きたい方
✔ 覚える範囲がはっきりした仕事を探している方
✔ 落ち着いて作業したい方

──────────────
《◆応募について◆》
✔ 資格・経験の条件はありません
✔ 給与・勤務時間・シフト・待遇はご応募後にお伝えします
✔ 質問だけのご連絡も受け付けています"
滋賀県彦根市,検品・梱包作業,南彦根,滋賀県彦根市小泉町,ひとつずつ丁寧に◇倉庫で進める検品・梱包☆,接客なし｜倉庫内の箱詰め・検品｜南彦根駅エリア,"┏━━━━━━━━━━━━━━━┓
＼滋賀県彦根市エリアで新しい仲間を募集／
箱を開けて、数を数えて、また閉じる。
倉庫の検品・梱包スタッフを募集します
┗━━━━━━━━━━━━━━━┛

こんな不安はありませんか？
「未経験だと、何から覚えればいいのか」
「教えてくれる人はいるのか」

初日は先輩と一緒に工程を確認します。ひとりで判断する場面は少なめです。

──────────────
【◆作業の流れ◆】
■ はじめに、その日の担当工程を確認します
■ 次に、数量と状態のチェック（検品）
■ その後、梱包とラベル貼り
■ 最後に、作業台を片づけて終了です

──────────────
【◆未経験の方へ◆】
✔ 覚える品番は担当分だけです
✔ 速さより正確さを大切にしています
✔ 会話は最小限で作業に集中できます
✔ 倉庫の仕事がはじめての方も多い工程です

──────────────
【◆勤務地◆】

滋賀県彦根市小泉町
最寄り駅：南彦根駅

給与や勤務時間、シフトの組み方は、
ご応募いただいた後にお伝えします。
少しでも気になったら、ご応募ください。","《◆この仕事の特徴◆》

✅ ① 作業台のまわりで完結
倉庫内を移動し続ける仕事ではありません。

✅ ② 会話は最小限
集中して手を動かしたい方に合っています。

✅ ③ 質問しやすい距離に担当者
手を止めて聞ける環境です。

──────────────
《◆向いている方◆》
✔ 通いやすい場所で働きたい方
✔ 覚える範囲がはっきりした仕事を探している方
✔ 落ち着いて作業したい方

──────────────
《◆応募について◆》
✔ 資格・経験の条件はありません
✔ 給与・勤務時間・シフト・待遇はご応募後にお伝えします
✔ 質問だけのご連絡も受け付けています"
三重県津市,検品・梱包作業,久居,三重県津市久居新町,腰を据えて長く◇倉庫で進める検品・梱包✨,コツコツ派に｜倉庫内の箱詰め・検品｜久居駅エリア,"┏━━━━━━━━━━━━━━━┓
＼三重県津市エリアで新しい仲間を募集／
伝票と現物、合っているかを見る仕事です。
出荷前のチェックを担当するスタッフ募集
┗━━━━━━━━━━━━━━━┛

こんな不安はありませんか？
「未経験だと、何から覚えればいいのか」
「教えてくれる人はいるのか」

初日は先輩と一緒に工程を確認します。ひとりで判断する場面は少なめです。

──────────────
【◆作業の流れ◆】
■ はじめに、その日の担当工程を確認します
■ 次に、数量と状態のチェック（検品）
■ その後、梱包とラベル貼り
■ 最後に、作業台を片づけて終了です

──────────────
【◆未経験の方へ◆】
✔ 覚える品番は担当分だけです
✔ 速さより正確さを大切にしています
✔ 会話は最小限で作業に集中できます
✔ 倉庫の仕事がはじめての方も多い工程です

──────────────
【◆勤務地◆】

三重県津市久居新町
最寄り駅：久居駅

給与や勤務時間、シフトの組み方は、
ご応募いただいた後にお伝えします。
少しでも気になったら、ご応募ください。","《◆はじめやすいポイント◆》

✅ ① 作業台のまわりで完結
倉庫内を移動し続ける仕事ではありません。

✅ ② 会話は最小限
集中して手を動かしたい方に合っています。

✅ ③ 質問しやすい距離に担当者
手を止めて聞ける環境です。

──────────────
《◆向いている方◆》
✔ 通いやすい場所で働きたい方
✔ 覚える範囲がはっきりした仕事を探している方
✔ 落ち着いて作業したい方

──────────────
《◆応募について◆》
✔ 資格・経験の条件はありません
✔ 給与・勤務時間・シフト・待遇はご応募後にお伝えします
✔ 質問だけのご連絡も受け付けています"
三重県津市,検品・梱包作業,江戸橋,三重県津市上浜町,手元に集中◇数量チェックと梱包スタッフ♪,はじめてでも｜検品と梱包スタッフ｜江戸橋駅エリア,"┏━━━━━━━━━━━━━━━┓
＼三重県津市エリアで新しい仲間を募集／
今日やることは、作業に入る前に決まっています。
検品・梱包の軽作業スタッフ募集
┗━━━━━━━━━━━━━━━┛

こんな不安はありませんか？
「未経験だと、何から覚えればいいのか」
「教えてくれる人はいるのか」

初日は先輩と一緒に工程を確認します。ひとりで判断する場面は少なめです。

──────────────
【◆作業の流れ◆】
■ はじめに、その日の担当工程を確認します
■ 次に、数量と状態のチェック（検品）
■ その後、梱包とラベル貼り
■ 最後に、作業台を片づけて終了です

──────────────
【◆未経験の方へ◆】
✔ 初日は先輩と一緒に工程を確認します
✔ 使う道具はカッター・テープ・台車程度です
✔ 電話や来客の対応はありません
✔ 資格や経験の条件はありません

──────────────
【◆勤務地◆】

三重県津市上浜町
最寄り駅：江戸橋駅

給与や勤務時間、シフトの組み方は、
ご応募いただいた後にお伝えします。
少しでも気になったら、ご応募ください。","《◆一日の過ごし方◆》

✅ ① 作業台のまわりで完結
倉庫内を移動し続ける仕事ではありません。

✅ ② 会話は最小限
集中して手を動かしたい方に合っています。

✅ ③ 質問しやすい距離に担当者
手を止めて聞ける環境です。

──────────────
《◆向いている方◆》
✔ 通いやすい場所で働きたい方
✔ 覚える範囲がはっきりした仕事を探している方
✔ 落ち着いて作業したい方

──────────────
《◆応募について◆》
✔ 資格・経験の条件はありません
✔ 給与・勤務時間・シフト・待遇はご応募後にお伝えします
✔ 質問だけのご連絡も受け付けています"
滋賀県長浜市,検品・梱包作業,長浜,滋賀県長浜市北船町,数えて、詰めて、貼る◇数量チェックと梱包スタッフ◎,経験なしから｜検品と梱包スタッフ｜長浜駅エリア,"┏━━━━━━━━━━━━━━━┓
＼滋賀県長浜市エリアで新しい仲間を募集／
包んで、詰めて、貼る。この 3 つが基本です。
倉庫内の梱包スタッフを募集します
┗━━━━━━━━━━━━━━━┛

こんな不安はありませんか？
「未経験だと、何から覚えればいいのか」
「教えてくれる人はいるのか」

初日は先輩と一緒に工程を確認します。ひとりで判断する場面は少なめです。

──────────────
【◆作業の流れ◆】
■ はじめに、その日の担当工程を確認します
■ 次に、数量と状態のチェック（検品）
■ その後、梱包とラベル貼り
■ 最後に、作業台を片づけて終了です

──────────────
【◆未経験の方へ◆】
✔ 初日は先輩と一緒に工程を確認します
✔ 使う道具はカッター・テープ・台車程度です
✔ 電話や来客の対応はありません
✔ 資格や経験の条件はありません

──────────────
【◆勤務地◆】

滋賀県長浜市北船町
最寄り駅：長浜駅

給与や勤務時間、シフトの組み方は、
ご応募いただいた後にお伝えします。
少しでも気になったら、ご応募ください。","《◆作業のこだわり◆》

✅ ① 作業台のまわりで完結
倉庫内を移動し続ける仕事ではありません。

✅ ② 会話は最小限
集中して手を動かしたい方に合っています。

✅ ③ 質問しやすい距離に担当者
手を止めて聞ける環境です。

──────────────
《◆向いている方◆》
✔ 通いやすい場所で働きたい方
✔ 覚える範囲がはっきりした仕事を探している方
✔ 落ち着いて作業したい方

──────────────
《◆応募について◆》
✔ 資格・経験の条件はありません
✔ 給与・勤務時間・シフト・待遇はご応募後にお伝えします
✔ 質問だけのご連絡も受け付けています"
三重県四日市,検品・梱包作業,塩浜,三重県四日市市御薗町,決まった順番で◇数量チェックと梱包スタッフ！,手順あり｜検品と梱包スタッフ｜塩浜駅エリア,"┏━━━━━━━━━━━━━━━┓
＼三重県四日市エリアで新しい仲間を募集／
手元の商品に集中できる環境です。
検品と箱詰めを担当する方を募集
┗━━━━━━━━━━━━━━━┛

こんな不安はありませんか？
「未経験だと、何から覚えればいいのか」
「教えてくれる人はいるのか」

初日は先輩と一緒に工程を確認します。ひとりで判断する場面は少なめです。

──────────────
【◆作業の流れ◆】
■ はじめに、その日の担当工程を確認します
■ 次に、数量と状態のチェック（検品）
■ その後、梱包とラベル貼り
■ 最後に、作業台を片づけて終了です

──────────────
【◆未経験の方へ◆】
✔ 数量はリストで二重に確認します
✔ 品番の読み方から説明します
✔ 分からないときは手を止めて聞けます
✔ 慣れるまでは同じ工程を続けられます

──────────────
【◆勤務地◆】

三重県四日市市御薗町
最寄り駅：塩浜駅

給与や勤務時間、シフトの組み方は、
ご応募いただいた後にお伝えします。
質問だけでも、ご連絡ください。","《◆長く続けられる理由◆》

✅ ① 作業台のまわりで完結
倉庫内を移動し続ける仕事ではありません。

✅ ② 会話は最小限
集中して手を動かしたい方に合っています。

✅ ③ 質問しやすい距離に担当者
手を止めて聞ける環境です。

──────────────
《◆向いている方◆》
✔ 通いやすい場所で働きたい方
✔ 覚える範囲がはっきりした仕事を探している方
✔ 落ち着いて作業したい方

──────────────
《◆応募について◆》
✔ 資格・経験の条件はありません
✔ 給与・勤務時間・シフト・待遇はご応募後にお伝えします
✔ 質問だけのご連絡も受け付けています"
滋賀県彦根市,検品・梱包作業,河瀬,滋賀県彦根市南川瀬町,はじめてでも大丈夫◇数量チェックと梱包スタッフ☆,接客なし｜検品と梱包スタッフ｜河瀬駅エリア,"┏━━━━━━━━━━━━━━━┓
＼滋賀県彦根市エリアで新しい仲間を募集／
倉庫の仕事が、はじめての方へ。
検品・梱包・ラベル貼りの募集です
┗━━━━━━━━━━━━━━━┛

こんな不安はありませんか？
「未経験だと、何から覚えればいいのか」
「教えてくれる人はいるのか」

初日は先輩と一緒に工程を確認します。ひとりで判断する場面は少なめです。

──────────────
【◆作業の流れ◆】
■ はじめに、その日の担当工程を確認します
■ 次に、数量と状態のチェック（検品）
■ その後、梱包とラベル貼り
■ 最後に、作業台を片づけて終了です

──────────────
【◆未経験の方へ◆】
✔ 数量はリストで二重に確認します
✔ 品番の読み方から説明します
✔ 分からないときは手を止めて聞けます
✔ 慣れるまでは同じ工程を続けられます

──────────────
【◆勤務地◆】

滋賀県彦根市南川瀬町
最寄り駅：河瀬駅

給与や勤務時間、シフトの組み方は、
ご応募いただいた後にお伝えします。
質問だけでも、ご連絡ください。","《◆こんな環境です◆》

✅ ① 作業台のまわりで完結
倉庫内を移動し続ける仕事ではありません。

✅ ② 会話は最小限
集中して手を動かしたい方に合っています。

✅ ③ 質問しやすい距離に担当者
手を止めて聞ける環境です。

──────────────
《◆向いている方◆》
✔ 通いやすい場所で働きたい方
✔ 覚える範囲がはっきりした仕事を探している方
✔ 落ち着いて作業したい方

──────────────
《◆応募について◆》
✔ 資格・経験の条件はありません
✔ 給与・勤務時間・シフト・待遇はご応募後にお伝えします
✔ 質問だけのご連絡も受け付けています"
三重県四日市,検品・梱包作業,あすなろう四日市,三重県四日市市安島,静かに働ける◇数量チェックと梱包スタッフ✨,コツコツ派に｜検品と梱包スタッフ｜あすなろう四日市駅エリア,"┏━━━━━━━━━━━━━━━┓
＼三重県四日市エリアで新しい仲間を募集／
箱を開けて、数を数えて、また閉じる。
倉庫の検品・梱包スタッフを募集します
┗━━━━━━━━━━━━━━━┛

こんな不安はありませんか？
「単純作業は飽きそう」
「同じことの繰り返しは苦手かも」

検品・梱包・ラベル貼りと、日によって担当が変わることがあります。

──────────────
【◆作業の流れ◆】
■ はじめに、その日の担当工程を確認します
■ 次に、数量と状態のチェック（検品）
■ その後、梱包とラベル貼り
■ 最後に、作業台を片づけて終了です

──────────────
【◆未経験の方へ◆】
✔ 作業は作業台のまわりで完結します
✔ 運ぶのは箱に入る程度の商品です
✔ 担当工程は日によって変わることがあります
✔ 経験の有無で担当を分けることはありません

──────────────
【◆勤務地◆】

三重県四日市市安島
最寄り駅：あすなろう四日市駅

給与や勤務時間、シフトの組み方は、
ご応募いただいた後にお伝えします。
質問だけでも、ご連絡ください。","《◆この仕事の特徴◆》

✅ ① 倉庫がはじめての方が多い工程
入口の仕事として選ばれています。

✅ ② 資格・経験の条件なし
検品も梱包も、手順どおりに進める作業です。

✅ ③ 出荷前の最後の確認役
自分の目で確かめたものが、そのまま届け先へ向かいます。

──────────────
《◆向いている方◆》
✔ 通いやすい場所で働きたい方
✔ 覚える範囲がはっきりした仕事を探している方
✔ 落ち着いて作業したい方

──────────────
《◆応募について◆》
✔ 資格・経験の条件はありません
✔ 給与・勤務時間・シフト・待遇はご応募後にお伝えします
✔ 質問だけのご連絡も受け付けています"
三重県鈴鹿市,検品・梱包作業,平田町,三重県鈴鹿市算所,1日の流れがシンプル◇数量チェックと梱包スタッフ♪,はじめてでも｜梱包・ラベル貼り担当｜平田町駅エリア,"┏━━━━━━━━━━━━━━━┓
＼三重県鈴鹿市エリアで新しい仲間を募集／
伝票と現物、合っているかを見る仕事です。
出荷前のチェックを担当するスタッフ募集
┗━━━━━━━━━━━━━━━┛

こんな不安はありませんか？
「単純作業は飽きそう」
「同じことの繰り返しは苦手かも」

検品・梱包・ラベル貼りと、日によって担当が変わることがあります。

──────────────
【◆作業の流れ◆】
■ はじめに、その日の担当工程を確認します
■ 次に、数量と状態のチェック（検品）
■ その後、梱包とラベル貼り
■ 最後に、作業台を片づけて終了です

──────────────
【◆未経験の方へ◆】
✔ 作業は作業台のまわりで完結します
✔ 運ぶのは箱に入る程度の商品です
✔ 担当工程は日によって変わることがあります
✔ 経験の有無で担当を分けることはありません

──────────────
【◆勤務地◆】

三重県鈴鹿市算所
最寄り駅：平田町駅

給与や勤務時間、シフトの組み方は、
ご応募いただいた後にお伝えします。
質問だけでも、ご連絡ください。","《◆はじめやすいポイント◆》

✅ ① 倉庫がはじめての方が多い工程
入口の仕事として選ばれています。

✅ ② 資格・経験の条件なし
検品も梱包も、手順どおりに進める作業です。

✅ ③ 出荷前の最後の確認役
自分の目で確かめたものが、そのまま届け先へ向かいます。

──────────────
《◆向いている方◆》
✔ 通いやすい場所で働きたい方
✔ 覚える範囲がはっきりした仕事を探している方
✔ 落ち着いて作業したい方

──────────────
《◆応募について◆》
✔ 資格・経験の条件はありません
✔ 給与・勤務時間・シフト・待遇はご応募後にお伝えします
✔ 質問だけのご連絡も受け付けています"
滋賀県彦根市,検品・梱包作業,稲枝,滋賀県彦根市稲枝町,身近な駅で◇数量チェックと梱包スタッフ◎,経験なしから｜梱包・ラベル貼り担当｜稲枝駅エリア,"┏━━━━━━━━━━━━━━━┓
＼滋賀県彦根市エリアで新しい仲間を募集／
今日やることは、作業に入る前に決まっています。
検品・梱包の軽作業スタッフ募集
┗━━━━━━━━━━━━━━━┛

こんな不安はありませんか？
「単純作業は飽きそう」
「同じことの繰り返しは苦手かも」

検品・梱包・ラベル貼りと、日によって担当が変わることがあります。

──────────────
【◆作業の流れ◆】
■ はじめに、その日の担当工程を確認します
■ 次に、数量と状態のチェック（検品）
■ その後、梱包とラベル貼り
■ 最後に、作業台を片づけて終了です

──────────────
【◆未経験の方へ◆】
✔ 手順書を見ながら進められます
✔ 検品・梱包・ラベル貼りを順に覚えます
✔ 商品は片手で持てるものが中心です
✔ 質問しやすい距離に担当者がいます

──────────────
【◆勤務地◆】

滋賀県彦根市稲枝町
最寄り駅：稲枝駅

給与や勤務時間、シフトの組み方は、
ご応募いただいた後にお伝えします。
質問だけでも、ご連絡ください。","《◆一日の過ごし方◆》

✅ ① 倉庫がはじめての方が多い工程
入口の仕事として選ばれています。

✅ ② 資格・経験の条件なし
検品も梱包も、手順どおりに進める作業です。

✅ ③ 出荷前の最後の確認役
自分の目で確かめたものが、そのまま届け先へ向かいます。

──────────────
《◆向いている方◆》
✔ 通いやすい場所で働きたい方
✔ 覚える範囲がはっきりした仕事を探している方
✔ 落ち着いて作業したい方

──────────────
《◆応募について◆》
✔ 資格・経験の条件はありません
✔ 給与・勤務時間・シフト・待遇はご応募後にお伝えします
✔ 質問だけのご連絡も受け付けています"
三重県四日市,検品・梱包作業,河原田,三重県四日市市河原田町,難しい操作なし◇数量チェックと梱包スタッフ！,手順あり｜梱包・ラベル貼り担当｜河原田駅エリア,"┏━━━━━━━━━━━━━━━┓
＼三重県四日市エリアで新しい仲間を募集／
包んで、詰めて、貼る。この 3 つが基本です。
倉庫内の梱包スタッフを募集します
┗━━━━━━━━━━━━━━━┛

こんな不安はありませんか？
「単純作業は飽きそう」
「同じことの繰り返しは苦手かも」

検品・梱包・ラベル貼りと、日によって担当が変わることがあります。

──────────────
【◆作業の流れ◆】
■ はじめに、その日の担当工程を確認します
■ 次に、数量と状態のチェック（検品）
■ その後、梱包とラベル貼り
■ 最後に、作業台を片づけて終了です

──────────────
【◆未経験の方へ◆】
✔ 手順書を見ながら進められます
✔ 検品・梱包・ラベル貼りを順に覚えます
✔ 商品は片手で持てるものが中心です
✔ 質問しやすい距離に担当者がいます

──────────────
【◆勤務地◆】

三重県四日市市河原田町
最寄り駅：河原田駅

給与や勤務時間、シフトの組み方は、
ご応募いただいた後にお伝えします。
質問だけでも、ご連絡ください。","《◆作業のこだわり◆》

✅ ① 倉庫がはじめての方が多い工程
入口の仕事として選ばれています。

✅ ② 資格・経験の条件なし
検品も梱包も、手順どおりに進める作業です。

✅ ③ 出荷前の最後の確認役
自分の目で確かめたものが、そのまま届け先へ向かいます。

──────────────
《◆向いている方◆》
✔ 通いやすい場所で働きたい方
✔ 覚える範囲がはっきりした仕事を探している方
✔ 落ち着いて作業したい方

──────────────
《◆応募について◆》
✔ 資格・経験の条件はありません
✔ 給与・勤務時間・シフト・待遇はご応募後にお伝えします
✔ 質問だけのご連絡も受け付けています"
三重県四日市,検品・梱包作業,四日市,三重県四日市市本町,ひとつずつ丁寧に◇数量チェックと梱包スタッフ☆,接客なし｜梱包・ラベル貼り担当｜四日市駅エリア,"┏━━━━━━━━━━━━━━━┓
＼三重県四日市エリアで新しい仲間を募集／
手元の商品に集中できる環境です。
検品と箱詰めを担当する方を募集
┗━━━━━━━━━━━━━━━┛

こんな不安はありませんか？
「単純作業は飽きそう」
「同じことの繰り返しは苦手かも」

検品・梱包・ラベル貼りと、日によって担当が変わることがあります。

──────────────
【◆作業の流れ◆】
■ はじめに、その日の担当工程を確認します
■ 次に、数量と状態のチェック（検品）
■ その後、梱包とラベル貼り
■ 最後に、作業台を片づけて終了です

──────────────
【◆未経験の方へ◆】
✔ 覚える品番は担当分だけです
✔ 速さより正確さを大切にしています
✔ 会話は最小限で作業に集中できます
✔ 倉庫の仕事がはじめての方も多い工程です

──────────────
【◆勤務地◆】

三重県四日市市本町
最寄り駅：四日市駅

給与や勤務時間、シフトの組み方は、
ご応募いただいた後にお伝えします。
質問だけでも、ご連絡ください。","《◆長く続けられる理由◆》

✅ ① 倉庫がはじめての方が多い工程
入口の仕事として選ばれています。

✅ ② 資格・経験の条件なし
検品も梱包も、手順どおりに進める作業です。

✅ ③ 出荷前の最後の確認役
自分の目で確かめたものが、そのまま届け先へ向かいます。

──────────────
《◆向いている方◆》
✔ 通いやすい場所で働きたい方
✔ 覚える範囲がはっきりした仕事を探している方
✔ 落ち着いて作業したい方

──────────────
《◆応募について◆》
✔ 資格・経験の条件はありません
✔ 給与・勤務時間・シフト・待遇はご応募後にお伝えします
✔ 質問だけのご連絡も受け付けています"
三重県亀山市,検品・梱包作業,亀山,三重県亀山市御幸町,腰を据えて長く◇数量チェックと梱包スタッフ✨,コツコツ派に｜梱包・ラベル貼り担当｜亀山駅エリア,"┏━━━━━━━━━━━━━━━┓
＼三重県亀山市エリアで新しい仲間を募集／
倉庫の仕事が、はじめての方へ。
検品・梱包・ラベル貼りの募集です
┗━━━━━━━━━━━━━━━┛

こんな不安はありませんか？
「単純作業は飽きそう」
「同じことの繰り返しは苦手かも」

検品・梱包・ラベル貼りと、日によって担当が変わることがあります。

──────────────
【◆作業の流れ◆】
■ はじめに、その日の担当工程を確認します
■ 次に、数量と状態のチェック（検品）
■ その後、梱包とラベル貼り
■ 最後に、作業台を片づけて終了です

──────────────
【◆未経験の方へ◆】
✔ 覚える品番は担当分だけです
✔ 速さより正確さを大切にしています
✔ 会話は最小限で作業に集中できます
✔ 倉庫の仕事がはじめての方も多い工程です

──────────────
【◆勤務地◆】

三重県亀山市御幸町
最寄り駅：亀山駅

給与や勤務時間、シフトの組み方は、
ご応募いただいた後にお伝えします。
応募の前に確認したいことがあれば、お問い合わせください。","《◆こんな環境です◆》

✅ ① 倉庫がはじめての方が多い工程
入口の仕事として選ばれています。

✅ ② 資格・経験の条件なし
検品も梱包も、手順どおりに進める作業です。

✅ ③ 出荷前の最後の確認役
自分の目で確かめたものが、そのまま届け先へ向かいます。

──────────────
《◆向いている方◆》
✔ 通いやすい場所で働きたい方
✔ 覚える範囲がはっきりした仕事を探している方
✔ 落ち着いて作業したい方

──────────────
《◆応募について◆》
✔ 資格・経験の条件はありません
✔ 給与・勤務時間・シフト・待遇はご応募後にお伝えします
✔ 質問だけのご連絡も受け付けています"
三重県四日市,検品・梱包作業,阿倉川,三重県四日市市阿倉川町,手元に集中◇ラベル貼りと箱詰めの担当♪,はじめてでも｜出荷前の検品・梱包｜阿倉川駅エリア,"┏━━━━━━━━━━━━━━━┓
＼三重県四日市エリアで新しい仲間を募集／
箱を開けて、数を数えて、また閉じる。
倉庫の検品・梱包スタッフを募集します
┗━━━━━━━━━━━━━━━┛

こんな不安はありませんか？
「倉庫って、広くて歩き回るイメージ」
「フォークリフトの資格がいるのでは」

担当する場所は作業台のまわりです。資格が必要な機械は使いません。

──────────────
【◆作業の流れ◆】
■ 開梱
届いた段ボールを開け、中身を取り出します。
■ 照合
注文票と中身を照らし合わせます。
■ 再梱包
出荷用の箱に詰め直し、封をします。
■ 出荷準備
ラベルを貼り、集荷場所へ移します。

──────────────
【◆未経験の方へ◆】
✔ 初日は先輩と一緒に工程を確認します
✔ 使う道具はカッター・テープ・台車程度です
✔ 電話や来客の対応はありません
✔ 資格や経験の条件はありません

──────────────
【◆勤務地◆】

三重県四日市市阿倉川町
最寄り駅：阿倉川駅

給与や勤務時間、シフトの組み方は、
ご応募いただいた後にお伝えします。
応募の前に確認したいことがあれば、お問い合わせください。","《◆この仕事の特徴◆》

✅ ① 数量はリストと二重チェック
ひとりの目に頼らない流れなので、
間違いを見つけやすい仕組みです。

✅ ② 使う道具はシンプル
カッター・テープ・台車程度で、
機械の操作はありません。

✅ ③ 電話・来客対応なし
作業台に向かう時間がほとんどです。

──────────────
《◆向いている方◆》
✔ 正確さに自信がある方
✔ マニュアルどおりに進めるのが得意な方
✔ 体を動かしながら集中したい方

──────────────
《◆応募について◆》
✔ 資格・経験の条件はありません
✔ 給与・勤務時間・シフト・待遇はご応募後にお伝えします
✔ 質問だけのご連絡も受け付けています"
三重県桑名市,検品・梱包作業,西桑名,三重県桑名市寿町,数えて、詰めて、貼る◇ラベル貼りと箱詰めの担当◎,経験なしから｜出荷前の検品・梱包｜西桑名駅エリア,"┏━━━━━━━━━━━━━━━┓
＼三重県桑名市エリアで新しい仲間を募集／
伝票と現物、合っているかを見る仕事です。
出荷前のチェックを担当するスタッフ募集
┗━━━━━━━━━━━━━━━┛

こんな不安はありませんか？
「倉庫って、広くて歩き回るイメージ」
「フォークリフトの資格がいるのでは」

担当する場所は作業台のまわりです。資格が必要な機械は使いません。

──────────────
【◆作業の流れ◆】
■ 開梱
届いた段ボールを開け、中身を取り出します。
■ 照合
注文票と中身を照らし合わせます。
■ 再梱包
出荷用の箱に詰め直し、封をします。
■ 出荷準備
ラベルを貼り、集荷場所へ移します。

──────────────
【◆未経験の方へ◆】
✔ 初日は先輩と一緒に工程を確認します
✔ 使う道具はカッター・テープ・台車程度です
✔ 電話や来客の対応はありません
✔ 資格や経験の条件はありません

──────────────
【◆勤務地◆】

三重県桑名市寿町
最寄り駅：西桑名駅

給与や勤務時間、シフトの組み方は、
ご応募いただいた後にお伝えします。
応募の前に確認したいことがあれば、お問い合わせください。","《◆はじめやすいポイント◆》

✅ ① 数量はリストと二重チェック
ひとりの目に頼らない流れなので、
間違いを見つけやすい仕組みです。

✅ ② 使う道具はシンプル
カッター・テープ・台車程度で、
機械の操作はありません。

✅ ③ 電話・来客対応なし
作業台に向かう時間がほとんどです。

──────────────
《◆向いている方◆》
✔ 正確さに自信がある方
✔ マニュアルどおりに進めるのが得意な方
✔ 体を動かしながら集中したい方

──────────────
《◆応募について◆》
✔ 資格・経験の条件はありません
✔ 給与・勤務時間・シフト・待遇はご応募後にお伝えします
✔ 質問だけのご連絡も受け付けています"
三重県四日市,検品・梱包作業,霞ヶ浦,三重県四日市市八田,決まった順番で◇ラベル貼りと箱詰めの担当！,手順あり｜出荷前の検品・梱包｜霞ヶ浦駅エリア,"┏━━━━━━━━━━━━━━━┓
＼三重県四日市エリアで新しい仲間を募集／
今日やることは、作業に入る前に決まっています。
検品・梱包の軽作業スタッフ募集
┗━━━━━━━━━━━━━━━┛

こんな不安はありませんか？
「倉庫って、広くて歩き回るイメージ」
「フォークリフトの資格がいるのでは」

担当する場所は作業台のまわりです。資格が必要な機械は使いません。

──────────────
【◆作業の流れ◆】
■ 開梱
届いた段ボールを開け、中身を取り出します。
■ 照合
注文票と中身を照らし合わせます。
■ 再梱包
出荷用の箱に詰め直し、封をします。
■ 出荷準備
ラベルを貼り、集荷場所へ移します。

──────────────
【◆未経験の方へ◆】
✔ 数量はリストで二重に確認します
✔ 品番の読み方から説明します
✔ 分からないときは手を止めて聞けます
✔ 慣れるまでは同じ工程を続けられます

──────────────
【◆勤務地◆】

三重県四日市市八田
最寄り駅：霞ヶ浦駅

給与や勤務時間、シフトの組み方は、
ご応募いただいた後にお伝えします。
応募の前に確認したいことがあれば、お問い合わせください。","《◆一日の過ごし方◆》

✅ ① 数量はリストと二重チェック
ひとりの目に頼らない流れなので、
間違いを見つけやすい仕組みです。

✅ ② 使う道具はシンプル
カッター・テープ・台車程度で、
機械の操作はありません。

✅ ③ 電話・来客対応なし
作業台に向かう時間がほとんどです。

──────────────
《◆向いている方◆》
✔ 正確さに自信がある方
✔ マニュアルどおりに進めるのが得意な方
✔ 体を動かしながら集中したい方

──────────────
《◆応募について◆》
✔ 資格・経験の条件はありません
✔ 給与・勤務時間・シフト・待遇はご応募後にお伝えします
✔ 質問だけのご連絡も受け付けています"
三重県津市,検品・梱包作業,南が丘,三重県津市垂水,はじめてでも大丈夫◇ラベル貼りと箱詰めの担当☆,接客なし｜出荷前の検品・梱包｜南が丘駅エリア,"┏━━━━━━━━━━━━━━━┓
＼三重県津市エリアで新しい仲間を募集／
包んで、詰めて、貼る。この 3 つが基本です。
倉庫内の梱包スタッフを募集します
┗━━━━━━━━━━━━━━━┛

こんな不安はありませんか？
「倉庫って、広くて歩き回るイメージ」
「フォークリフトの資格がいるのでは」

担当する場所は作業台のまわりです。資格が必要な機械は使いません。

──────────────
【◆作業の流れ◆】
■ 開梱
届いた段ボールを開け、中身を取り出します。
■ 照合
注文票と中身を照らし合わせます。
■ 再梱包
出荷用の箱に詰め直し、封をします。
■ 出荷準備
ラベルを貼り、集荷場所へ移します。

──────────────
【◆未経験の方へ◆】
✔ 数量はリストで二重に確認します
✔ 品番の読み方から説明します
✔ 分からないときは手を止めて聞けます
✔ 慣れるまでは同じ工程を続けられます

──────────────
【◆勤務地◆】

三重県津市垂水
最寄り駅：南が丘駅

給与や勤務時間、シフトの組み方は、
ご応募いただいた後にお伝えします。
応募の前に確認したいことがあれば、お問い合わせください。","《◆作業のこだわり◆》

✅ ① 数量はリストと二重チェック
ひとりの目に頼らない流れなので、
間違いを見つけやすい仕組みです。

✅ ② 使う道具はシンプル
カッター・テープ・台車程度で、
機械の操作はありません。

✅ ③ 電話・来客対応なし
作業台に向かう時間がほとんどです。

──────────────
《◆向いている方◆》
✔ 正確さに自信がある方
✔ マニュアルどおりに進めるのが得意な方
✔ 体を動かしながら集中したい方

──────────────
《◆応募について◆》
✔ 資格・経験の条件はありません
✔ 給与・勤務時間・シフト・待遇はご応募後にお伝えします
✔ 質問だけのご連絡も受け付けています"
三重県鈴鹿市,検品・梱包作業,鈴鹿市,三重県鈴鹿市神戸,静かに働ける◇ラベル貼りと箱詰めの担当✨,コツコツ派に｜出荷前の検品・梱包｜鈴鹿市駅エリア,"┏━━━━━━━━━━━━━━━┓
＼三重県鈴鹿市エリアで新しい仲間を募集／
手元の商品に集中できる環境です。
検品と箱詰めを担当する方を募集
┗━━━━━━━━━━━━━━━┛

こんな不安はありませんか？
「倉庫って、広くて歩き回るイメージ」
「フォークリフトの資格がいるのでは」

担当する場所は作業台のまわりです。資格が必要な機械は使いません。

──────────────
【◆作業の流れ◆】
■ 開梱
届いた段ボールを開け、中身を取り出します。
■ 照合
注文票と中身を照らし合わせます。
■ 再梱包
出荷用の箱に詰め直し、封をします。
■ 出荷準備
ラベルを貼り、集荷場所へ移します。

──────────────
【◆未経験の方へ◆】
✔ 作業は作業台のまわりで完結します
✔ 運ぶのは箱に入る程度の商品です
✔ 担当工程は日によって変わることがあります
✔ 経験の有無で担当を分けることはありません

──────────────
【◆勤務地◆】

三重県鈴鹿市神戸
最寄り駅：鈴鹿市駅

給与や勤務時間、シフトの組み方は、
ご応募いただいた後にお伝えします。
応募の前に確認したいことがあれば、お問い合わせください。","《◆長く続けられる理由◆》

✅ ① 数量はリストと二重チェック
ひとりの目に頼らない流れなので、
間違いを見つけやすい仕組みです。

✅ ② 使う道具はシンプル
カッター・テープ・台車程度で、
機械の操作はありません。

✅ ③ 電話・来客対応なし
作業台に向かう時間がほとんどです。

──────────────
《◆向いている方◆》
✔ 正確さに自信がある方
✔ マニュアルどおりに進めるのが得意な方
✔ 体を動かしながら集中したい方

──────────────
《◆応募について◆》
✔ 資格・経験の条件はありません
✔ 給与・勤務時間・シフト・待遇はご応募後にお伝えします
✔ 質問だけのご連絡も受け付けています"
三重県四日市,検品・梱包作業,桜,三重県四日市市智積町,1日の流れがシンプル◇ラベル貼りと箱詰めの担当♪,はじめてでも｜検品・梱包の軽作業｜桜駅エリア,"┏━━━━━━━━━━━━━━━┓
＼三重県四日市エリアで新しい仲間を募集／
倉庫の仕事が、はじめての方へ。
検品・梱包・ラベル貼りの募集です
┗━━━━━━━━━━━━━━━┛

こんな不安はありませんか？
「倉庫って、広くて歩き回るイメージ」
「フォークリフトの資格がいるのでは」

担当する場所は作業台のまわりです。資格が必要な機械は使いません。

──────────────
【◆作業の流れ◆】
■ 開梱
届いた段ボールを開け、中身を取り出します。
■ 照合
注文票と中身を照らし合わせます。
■ 再梱包
出荷用の箱に詰め直し、封をします。
■ 出荷準備
ラベルを貼り、集荷場所へ移します。

──────────────
【◆未経験の方へ◆】
✔ 作業は作業台のまわりで完結します
✔ 運ぶのは箱に入る程度の商品です
✔ 担当工程は日によって変わることがあります
✔ 経験の有無で担当を分けることはありません

──────────────
【◆勤務地◆】

三重県四日市市智積町
最寄り駅：桜駅

給与や勤務時間、シフトの組み方は、
ご応募いただいた後にお伝えします。
応募の前に確認したいことがあれば、お問い合わせください。","《◆こんな環境です◆》

✅ ① 数量はリストと二重チェック
ひとりの目に頼らない流れなので、
間違いを見つけやすい仕組みです。

✅ ② 使う道具はシンプル
カッター・テープ・台車程度で、
機械の操作はありません。

✅ ③ 電話・来客対応なし
作業台に向かう時間がほとんどです。

──────────────
《◆向いている方◆》
✔ 正確さに自信がある方
✔ マニュアルどおりに進めるのが得意な方
✔ 体を動かしながら集中したい方

──────────────
《◆応募について◆》
✔ 資格・経験の条件はありません
✔ 給与・勤務時間・シフト・待遇はご応募後にお伝えします
✔ 質問だけのご連絡も受け付けています"
三重県桑名市,検品・梱包作業,近鉄長島,三重県桑名市長島町西外面,身近な駅で◇ラベル貼りと箱詰めの担当◎,経験なしから｜検品・梱包の軽作業｜近鉄長島駅エリア,"┏━━━━━━━━━━━━━━━┓
＼三重県桑名市エリアで新しい仲間を募集／
箱を開けて、数を数えて、また閉じる。
倉庫の検品・梱包スタッフを募集します
┗━━━━━━━━━━━━━━━┛

こんな不安はありませんか？
「数を間違えたら怒られそう」
「集中力が続くか心配」

数量はリストと二重に確認する流れです。ひとりで抱え込む仕組みではありません。

──────────────
【◆作業の流れ◆】
■ 開梱
届いた段ボールを開け、中身を取り出します。
■ 照合
注文票と中身を照らし合わせます。
■ 再梱包
出荷用の箱に詰め直し、封をします。
■ 出荷準備
ラベルを貼り、集荷場所へ移します。

──────────────
【◆未経験の方へ◆】
✔ 手順書を見ながら進められます
✔ 検品・梱包・ラベル貼りを順に覚えます
✔ 商品は片手で持てるものが中心です
✔ 質問しやすい距離に担当者がいます

──────────────
【◆勤務地◆】

三重県桑名市長島町西外面
最寄り駅：近鉄長島駅

給与や勤務時間、シフトの組み方は、
ご応募いただいた後にお伝えします。
ご応募をお待ちしています。","《◆この仕事の特徴◆》

✅ ① 初日は先輩と一緒
工程をひとつずつ確認しながら覚えます。

✅ ② 覚える品番は担当分だけ
全商品を暗記する必要はありません。

✅ ③ 速さより正確さ
急かされるより、確実に進めることを大切にしています。

──────────────
《◆向いている方◆》
✔ 正確さに自信がある方
✔ マニュアルどおりに進めるのが得意な方
✔ 体を動かしながら集中したい方

──────────────
《◆応募について◆》
✔ 資格・経験の条件はありません
✔ 給与・勤務時間・シフト・待遇はご応募後にお伝えします
✔ 質問だけのご連絡も受け付けています"
三重県津市,検品・梱包作業,一身田,三重県津市大里窪田町,難しい操作なし◇ラベル貼りと箱詰めの担当！,手順あり｜検品・梱包の軽作業｜一身田駅エリア,"┏━━━━━━━━━━━━━━━┓
＼三重県津市エリアで新しい仲間を募集／
伝票と現物、合っているかを見る仕事です。
出荷前のチェックを担当するスタッフ募集
┗━━━━━━━━━━━━━━━┛

こんな不安はありませんか？
「数を間違えたら怒られそう」
「集中力が続くか心配」

数量はリストと二重に確認する流れです。ひとりで抱え込む仕組みではありません。

──────────────
【◆作業の流れ◆】
■ 開梱
届いた段ボールを開け、中身を取り出します。
■ 照合
注文票と中身を照らし合わせます。
■ 再梱包
出荷用の箱に詰め直し、封をします。
■ 出荷準備
ラベルを貼り、集荷場所へ移します。

──────────────
【◆未経験の方へ◆】
✔ 手順書を見ながら進められます
✔ 検品・梱包・ラベル貼りを順に覚えます
✔ 商品は片手で持てるものが中心です
✔ 質問しやすい距離に担当者がいます

──────────────
【◆勤務地◆】

三重県津市大里窪田町
最寄り駅：一身田駅

給与や勤務時間、シフトの組み方は、
ご応募いただいた後にお伝えします。
ご応募をお待ちしています。","《◆はじめやすいポイント◆》

✅ ① 初日は先輩と一緒
工程をひとつずつ確認しながら覚えます。

✅ ② 覚える品番は担当分だけ
全商品を暗記する必要はありません。

✅ ③ 速さより正確さ
急かされるより、確実に進めることを大切にしています。

──────────────
《◆向いている方◆》
✔ 正確さに自信がある方
✔ マニュアルどおりに進めるのが得意な方
✔ 体を動かしながら集中したい方

──────────────
《◆応募について◆》
✔ 資格・経験の条件はありません
✔ 給与・勤務時間・シフト・待遇はご応募後にお伝えします
✔ 質問だけのご連絡も受け付けています"
三重県鈴鹿市,検品・梱包作業,千代崎,三重県鈴鹿市岸岡町,ひとつずつ丁寧に◇ラベル貼りと箱詰めの担当☆,接客なし｜検品・梱包の軽作業｜千代崎駅エリア,"┏━━━━━━━━━━━━━━━┓
＼三重県鈴鹿市エリアで新しい仲間を募集／
今日やることは、作業に入る前に決まっています。
検品・梱包の軽作業スタッフ募集
┗━━━━━━━━━━━━━━━┛

こんな不安はありませんか？
「数を間違えたら怒られそう」
「集中力が続くか心配」

数量はリストと二重に確認する流れです。ひとりで抱え込む仕組みではありません。

──────────────
【◆作業の流れ◆】
■ 開梱
届いた段ボールを開け、中身を取り出します。
■ 照合
注文票と中身を照らし合わせます。
■ 再梱包
出荷用の箱に詰め直し、封をします。
■ 出荷準備
ラベルを貼り、集荷場所へ移します。

──────────────
【◆未経験の方へ◆】
✔ 覚える品番は担当分だけです
✔ 速さより正確さを大切にしています
✔ 会話は最小限で作業に集中できます
✔ 倉庫の仕事がはじめての方も多い工程です

──────────────
【◆勤務地◆】

三重県鈴鹿市岸岡町
最寄り駅：千代崎駅

給与や勤務時間、シフトの組み方は、
ご応募いただいた後にお伝えします。
ご応募をお待ちしています。","《◆一日の過ごし方◆》

✅ ① 初日は先輩と一緒
工程をひとつずつ確認しながら覚えます。

✅ ② 覚える品番は担当分だけ
全商品を暗記する必要はありません。

✅ ③ 速さより正確さ
急かされるより、確実に進めることを大切にしています。

──────────────
《◆向いている方◆》
✔ 正確さに自信がある方
✔ マニュアルどおりに進めるのが得意な方
✔ 体を動かしながら集中したい方

──────────────
《◆応募について◆》
✔ 資格・経験の条件はありません
✔ 給与・勤務時間・シフト・待遇はご応募後にお伝えします
✔ 質問だけのご連絡も受け付けています"
三重県四日市,検品・梱包作業,暁学園前,三重県四日市市中村町,腰を据えて長く◇ラベル貼りと箱詰めの担当✨,コツコツ派に｜検品・梱包の軽作業｜暁学園前駅エリア,"┏━━━━━━━━━━━━━━━┓
＼三重県四日市エリアで新しい仲間を募集／
包んで、詰めて、貼る。この 3 つが基本です。
倉庫内の梱包スタッフを募集します
┗━━━━━━━━━━━━━━━┛

こんな不安はありませんか？
「数を間違えたら怒られそう」
「集中力が続くか心配」

数量はリストと二重に確認する流れです。ひとりで抱え込む仕組みではありません。

──────────────
【◆作業の流れ◆】
■ 開梱
届いた段ボールを開け、中身を取り出します。
■ 照合
注文票と中身を照らし合わせます。
■ 再梱包
出荷用の箱に詰め直し、封をします。
■ 出荷準備
ラベルを貼り、集荷場所へ移します。

──────────────
【◆未経験の方へ◆】
✔ 覚える品番は担当分だけです
✔ 速さより正確さを大切にしています
✔ 会話は最小限で作業に集中できます
✔ 倉庫の仕事がはじめての方も多い工程です

──────────────
【◆勤務地◆】

三重県四日市市中村町
最寄り駅：暁学園前駅

給与や勤務時間、シフトの組み方は、
ご応募いただいた後にお伝えします。
ご応募をお待ちしています。","《◆作業のこだわり◆》

✅ ① 初日は先輩と一緒
工程をひとつずつ確認しながら覚えます。

✅ ② 覚える品番は担当分だけ
全商品を暗記する必要はありません。

✅ ③ 速さより正確さ
急かされるより、確実に進めることを大切にしています。

──────────────
《◆向いている方◆》
✔ 正確さに自信がある方
✔ マニュアルどおりに進めるのが得意な方
✔ 体を動かしながら集中したい方

──────────────
《◆応募について◆》
✔ 資格・経験の条件はありません
✔ 給与・勤務時間・シフト・待遇はご応募後にお伝えします
✔ 質問だけのご連絡も受け付けています"
三重県津市,検品・梱包作業,千里,三重県津市河芸町上野,手元に集中◇出荷準備の検品・梱包作業♪,はじめてでも｜倉庫内の箱詰め・検品｜千里駅エリア,"┏━━━━━━━━━━━━━━━┓
＼三重県津市エリアで新しい仲間を募集／
手元の商品に集中できる環境です。
検品と箱詰めを担当する方を募集
┗━━━━━━━━━━━━━━━┛

こんな不安はありませんか？
「数を間違えたら怒られそう」
「集中力が続くか心配」

数量はリストと二重に確認する流れです。ひとりで抱え込む仕組みではありません。

──────────────
【◆作業の流れ◆】
■ 開梱
届いた段ボールを開け、中身を取り出します。
■ 照合
注文票と中身を照らし合わせます。
■ 再梱包
出荷用の箱に詰め直し、封をします。
■ 出荷準備
ラベルを貼り、集荷場所へ移します。

──────────────
【◆未経験の方へ◆】
✔ 初日は先輩と一緒に工程を確認します
✔ 使う道具はカッター・テープ・台車程度です
✔ 電話や来客の対応はありません
✔ 資格や経験の条件はありません

──────────────
【◆勤務地◆】

三重県津市河芸町上野
最寄り駅：千里駅

給与や勤務時間、シフトの組み方は、
ご応募いただいた後にお伝えします。
ご応募をお待ちしています。","《◆長く続けられる理由◆》

✅ ① 初日は先輩と一緒
工程をひとつずつ確認しながら覚えます。

✅ ② 覚える品番は担当分だけ
全商品を暗記する必要はありません。

✅ ③ 速さより正確さ
急かされるより、確実に進めることを大切にしています。

──────────────
《◆向いている方◆》
✔ 正確さに自信がある方
✔ マニュアルどおりに進めるのが得意な方
✔ 体を動かしながら集中したい方

──────────────
《◆応募について◆》
✔ 資格・経験の条件はありません
✔ 給与・勤務時間・シフト・待遇はご応募後にお伝えします
✔ 質問だけのご連絡も受け付けています"
三重県桑名市,検品・梱包作業,益生,三重県桑名市矢田,数えて、詰めて、貼る◇出荷準備の検品・梱包作業◎,経験なしから｜倉庫内の箱詰め・検品｜益生駅エリア,"┏━━━━━━━━━━━━━━━┓
＼三重県桑名市エリアで新しい仲間を募集／
倉庫の仕事が、はじめての方へ。
検品・梱包・ラベル貼りの募集です
┗━━━━━━━━━━━━━━━┛

こんな不安はありませんか？
「数を間違えたら怒られそう」
「集中力が続くか心配」

数量はリストと二重に確認する流れです。ひとりで抱え込む仕組みではありません。

──────────────
【◆作業の流れ◆】
■ 開梱
届いた段ボールを開け、中身を取り出します。
■ 照合
注文票と中身を照らし合わせます。
■ 再梱包
出荷用の箱に詰め直し、封をします。
■ 出荷準備
ラベルを貼り、集荷場所へ移します。

──────────────
【◆未経験の方へ◆】
✔ 初日は先輩と一緒に工程を確認します
✔ 使う道具はカッター・テープ・台車程度です
✔ 電話や来客の対応はありません
✔ 資格や経験の条件はありません

──────────────
【◆勤務地◆】

三重県桑名市矢田
最寄り駅：益生駅

給与や勤務時間、シフトの組み方は、
ご応募いただいた後にお伝えします。
ご応募をお待ちしています。","《◆こんな環境です◆》

✅ ① 初日は先輩と一緒
工程をひとつずつ確認しながら覚えます。

✅ ② 覚える品番は担当分だけ
全商品を暗記する必要はありません。

✅ ③ 速さより正確さ
急かされるより、確実に進めることを大切にしています。

──────────────
《◆向いている方◆》
✔ 正確さに自信がある方
✔ マニュアルどおりに進めるのが得意な方
✔ 体を動かしながら集中したい方

──────────────
《◆応募について◆》
✔ 資格・経験の条件はありません
✔ 給与・勤務時間・シフト・待遇はご応募後にお伝えします
✔ 質問だけのご連絡も受け付けています"
三重県四日市,検品・梱包作業,伊勢松本,三重県四日市市松本,決まった順番で◇出荷準備の検品・梱包作業！,手順あり｜倉庫内の箱詰め・検品｜伊勢松本駅エリア,"┏━━━━━━━━━━━━━━━┓
＼三重県四日市エリアで新しい仲間を募集／
箱を開けて、数を数えて、また閉じる。
倉庫の検品・梱包スタッフを募集します
┗━━━━━━━━━━━━━━━┛

こんな不安はありませんか？
「体力に自信がない」
「腰に負担がかかりそう」

運ぶのは箱に入る程度の商品です。台車を使う場面もあります。

──────────────
【◆作業の流れ◆】
■ 開梱
届いた段ボールを開け、中身を取り出します。
■ 照合
注文票と中身を照らし合わせます。
■ 再梱包
出荷用の箱に詰め直し、封をします。
■ 出荷準備
ラベルを貼り、集荷場所へ移します。

──────────────
【◆未経験の方へ◆】
✔ 数量はリストで二重に確認します
✔ 品番の読み方から説明します
✔ 分からないときは手を止めて聞けます
✔ 慣れるまでは同じ工程を続けられます

──────────────
【◆勤務地◆】

三重県四日市市松本
最寄り駅：伊勢松本駅

給与や勤務時間、シフトの組み方は、
ご応募いただいた後にお伝えします。
ご応募をお待ちしています。","《◆この仕事の特徴◆》

✅ ① 手順書がそばにあります
迷ったときに見返せる資料があります。

✅ ② 商品は片手で持てるものが中心
重い荷物を抱えて歩く場面は多くありません。

✅ ③ 担当が日によって変わることも
検品・梱包・ラベル貼りを順に経験できます。

──────────────
《◆向いている方◆》
✔ 正確さに自信がある方
✔ マニュアルどおりに進めるのが得意な方
✔ 体を動かしながら集中したい方

──────────────
《◆応募について◆》
✔ 資格・経験の条件はありません
✔ 給与・勤務時間・シフト・待遇はご応募後にお伝えします
✔ 質問だけのご連絡も受け付けています"
滋賀県長浜市,検品・梱包作業,田村,滋賀県長浜市田村町南仙堂,はじめてでも大丈夫◇出荷準備の検品・梱包作業☆,接客なし｜倉庫内の箱詰め・検品｜田村駅エリア,"┏━━━━━━━━━━━━━━━┓
＼滋賀県長浜市エリアで新しい仲間を募集／
伝票と現物、合っているかを見る仕事です。
出荷前のチェックを担当するスタッフ募集
┗━━━━━━━━━━━━━━━┛

こんな不安はありませんか？
「体力に自信がない」
「腰に負担がかかりそう」

運ぶのは箱に入る程度の商品です。台車を使う場面もあります。

──────────────
【◆作業の流れ◆】
■ 開梱
届いた段ボールを開け、中身を取り出します。
■ 照合
注文票と中身を照らし合わせます。
■ 再梱包
出荷用の箱に詰め直し、封をします。
■ 出荷準備
ラベルを貼り、集荷場所へ移します。

──────────────
【◆未経験の方へ◆】
✔ 数量はリストで二重に確認します
✔ 品番の読み方から説明します
✔ 分からないときは手を止めて聞けます
✔ 慣れるまでは同じ工程を続けられます

──────────────
【◆勤務地◆】

滋賀県長浜市田村町南仙堂
最寄り駅：田村駅

給与や勤務時間、シフトの組み方は、
ご応募いただいた後にお伝えします。
まずは応募フォームからご連絡ください。","《◆はじめやすいポイント◆》

✅ ① 手順書がそばにあります
迷ったときに見返せる資料があります。

✅ ② 商品は片手で持てるものが中心
重い荷物を抱えて歩く場面は多くありません。

✅ ③ 担当が日によって変わることも
検品・梱包・ラベル貼りを順に経験できます。

──────────────
《◆向いている方◆》
✔ 正確さに自信がある方
✔ マニュアルどおりに進めるのが得意な方
✔ 体を動かしながら集中したい方

──────────────
《◆応募について◆》
✔ 資格・経験の条件はありません
✔ 給与・勤務時間・シフト・待遇はご応募後にお伝えします
✔ 質問だけのご連絡も受け付けています"
三重県四日市,検品・梱包作業,新正,三重県四日市市新正,静かに働ける◇出荷準備の検品・梱包作業✨,コツコツ派に｜倉庫内の箱詰め・検品｜新正駅エリア,"┏━━━━━━━━━━━━━━━┓
＼三重県四日市エリアで新しい仲間を募集／
今日やることは、作業に入る前に決まっています。
検品・梱包の軽作業スタッフ募集
┗━━━━━━━━━━━━━━━┛

こんな不安はありませんか？
「体力に自信がない」
「腰に負担がかかりそう」

運ぶのは箱に入る程度の商品です。台車を使う場面もあります。

──────────────
【◆作業の流れ◆】
■ 開梱
届いた段ボールを開け、中身を取り出します。
■ 照合
注文票と中身を照らし合わせます。
■ 再梱包
出荷用の箱に詰め直し、封をします。
■ 出荷準備
ラベルを貼り、集荷場所へ移します。

──────────────
【◆未経験の方へ◆】
✔ 作業は作業台のまわりで完結します
✔ 運ぶのは箱に入る程度の商品です
✔ 担当工程は日によって変わることがあります
✔ 経験の有無で担当を分けることはありません

──────────────
【◆勤務地◆】

三重県四日市市新正
最寄り駅：新正駅

給与や勤務時間、シフトの組み方は、
ご応募いただいた後にお伝えします。
まずは応募フォームからご連絡ください。","《◆一日の過ごし方◆》

✅ ① 手順書がそばにあります
迷ったときに見返せる資料があります。

✅ ② 商品は片手で持てるものが中心
重い荷物を抱えて歩く場面は多くありません。

✅ ③ 担当が日によって変わることも
検品・梱包・ラベル貼りを順に経験できます。

──────────────
《◆向いている方◆》
✔ 正確さに自信がある方
✔ マニュアルどおりに進めるのが得意な方
✔ 体を動かしながら集中したい方

──────────────
《◆応募について◆》
✔ 資格・経験の条件はありません
✔ 給与・勤務時間・シフト・待遇はご応募後にお伝えします
✔ 質問だけのご連絡も受け付けています"
三重県四日市,検品・梱包作業,伊勢川島,三重県四日市市川島町,1日の流れがシンプル◇出荷準備の検品・梱包作業♪,はじめてでも｜検品と梱包スタッフ｜伊勢川島駅エリア,"┏━━━━━━━━━━━━━━━┓
＼三重県四日市エリアで新しい仲間を募集／
包んで、詰めて、貼る。この 3 つが基本です。
倉庫内の梱包スタッフを募集します
┗━━━━━━━━━━━━━━━┛

こんな不安はありませんか？
「体力に自信がない」
「腰に負担がかかりそう」

運ぶのは箱に入る程度の商品です。台車を使う場面もあります。

──────────────
【◆作業の流れ◆】
■ 開梱
届いた段ボールを開け、中身を取り出します。
■ 照合
注文票と中身を照らし合わせます。
■ 再梱包
出荷用の箱に詰め直し、封をします。
■ 出荷準備
ラベルを貼り、集荷場所へ移します。

──────────────
【◆未経験の方へ◆】
✔ 作業は作業台のまわりで完結します
✔ 運ぶのは箱に入る程度の商品です
✔ 担当工程は日によって変わることがあります
✔ 経験の有無で担当を分けることはありません

──────────────
【◆勤務地◆】

三重県四日市市川島町
最寄り駅：伊勢川島駅

給与や勤務時間、シフトの組み方は、
ご応募いただいた後にお伝えします。
まずは応募フォームからご連絡ください。","《◆作業のこだわり◆》

✅ ① 手順書がそばにあります
迷ったときに見返せる資料があります。

✅ ② 商品は片手で持てるものが中心
重い荷物を抱えて歩く場面は多くありません。

✅ ③ 担当が日によって変わることも
検品・梱包・ラベル貼りを順に経験できます。

──────────────
《◆向いている方◆》
✔ 正確さに自信がある方
✔ マニュアルどおりに進めるのが得意な方
✔ 体を動かしながら集中したい方

──────────────
《◆応募について◆》
✔ 資格・経験の条件はありません
✔ 給与・勤務時間・シフト・待遇はご応募後にお伝えします
✔ 質問だけのご連絡も受け付けています"
三重県四日市,検品・梱包作業,西日野,三重県四日市市西日野町,身近な駅で◇出荷準備の検品・梱包作業◎,経験なしから｜検品と梱包スタッフ｜西日野駅エリア,"┏━━━━━━━━━━━━━━━┓
＼三重県四日市エリアで新しい仲間を募集／
手元の商品に集中できる環境です。
検品と箱詰めを担当する方を募集
┗━━━━━━━━━━━━━━━┛

こんな不安はありませんか？
「体力に自信がない」
「腰に負担がかかりそう」

運ぶのは箱に入る程度の商品です。台車を使う場面もあります。

──────────────
【◆作業の流れ◆】
■ 開梱
届いた段ボールを開け、中身を取り出します。
■ 照合
注文票と中身を照らし合わせます。
■ 再梱包
出荷用の箱に詰め直し、封をします。
■ 出荷準備
ラベルを貼り、集荷場所へ移します。

──────────────
【◆未経験の方へ◆】
✔ 手順書を見ながら進められます
✔ 検品・梱包・ラベル貼りを順に覚えます
✔ 商品は片手で持てるものが中心です
✔ 質問しやすい距離に担当者がいます

──────────────
【◆勤務地◆】

三重県四日市市西日野町
最寄り駅：西日野駅

給与や勤務時間、シフトの組み方は、
ご応募いただいた後にお伝えします。
まずは応募フォームからご連絡ください。","《◆長く続けられる理由◆》

✅ ① 手順書がそばにあります
迷ったときに見返せる資料があります。

✅ ② 商品は片手で持てるものが中心
重い荷物を抱えて歩く場面は多くありません。

✅ ③ 担当が日によって変わることも
検品・梱包・ラベル貼りを順に経験できます。

──────────────
《◆向いている方◆》
✔ 正確さに自信がある方
✔ マニュアルどおりに進めるのが得意な方
✔ 体を動かしながら集中したい方

──────────────
《◆応募について◆》
✔ 資格・経験の条件はありません
✔ 給与・勤務時間・シフト・待遇はご応募後にお伝えします
✔ 質問だけのご連絡も受け付けています"
三重県鈴鹿市,検品・梱包作業,伊勢若松,三重県鈴鹿市若松西,難しい操作なし◇出荷準備の検品・梱包作業！,手順あり｜検品と梱包スタッフ｜伊勢若松駅エリア,"┏━━━━━━━━━━━━━━━┓
＼三重県鈴鹿市エリアで新しい仲間を募集／
倉庫の仕事が、はじめての方へ。
検品・梱包・ラベル貼りの募集です
┗━━━━━━━━━━━━━━━┛

こんな不安はありませんか？
「体力に自信がない」
「腰に負担がかかりそう」

運ぶのは箱に入る程度の商品です。台車を使う場面もあります。

──────────────
【◆作業の流れ◆】
■ 開梱
届いた段ボールを開け、中身を取り出します。
■ 照合
注文票と中身を照らし合わせます。
■ 再梱包
出荷用の箱に詰め直し、封をします。
■ 出荷準備
ラベルを貼り、集荷場所へ移します。

──────────────
【◆未経験の方へ◆】
✔ 手順書を見ながら進められます
✔ 検品・梱包・ラベル貼りを順に覚えます
✔ 商品は片手で持てるものが中心です
✔ 質問しやすい距離に担当者がいます

──────────────
【◆勤務地◆】

三重県鈴鹿市若松西
最寄り駅：伊勢若松駅

給与や勤務時間、シフトの組み方は、
ご応募いただいた後にお伝えします。
まずは応募フォームからご連絡ください。","《◆こんな環境です◆》

✅ ① 手順書がそばにあります
迷ったときに見返せる資料があります。

✅ ② 商品は片手で持てるものが中心
重い荷物を抱えて歩く場面は多くありません。

✅ ③ 担当が日によって変わることも
検品・梱包・ラベル貼りを順に経験できます。

──────────────
《◆向いている方◆》
✔ 正確さに自信がある方
✔ マニュアルどおりに進めるのが得意な方
✔ 体を動かしながら集中したい方

──────────────
《◆応募について◆》
✔ 資格・経験の条件はありません
✔ 給与・勤務時間・シフト・待遇はご応募後にお伝えします
✔ 質問だけのご連絡も受け付けています"
三重県四日市,検品・梱包作業,川原町,三重県四日市市本郷町,ひとつずつ丁寧に◇出荷準備の検品・梱包作業☆,接客なし｜検品と梱包スタッフ｜川原町駅エリア,"┏━━━━━━━━━━━━━━━┓
＼三重県四日市エリアで新しい仲間を募集／
箱を開けて、数を数えて、また閉じる。
倉庫の検品・梱包スタッフを募集します
┗━━━━━━━━━━━━━━━┛

こんな不安はありませんか？
「未経験だと、何から覚えればいいのか」
「教えてくれる人はいるのか」

初日は先輩と一緒に工程を確認します。ひとりで判断する場面は少なめです。

──────────────
【◆作業の流れ◆】
■ 開梱
届いた段ボールを開け、中身を取り出します。
■ 照合
注文票と中身を照らし合わせます。
■ 再梱包
出荷用の箱に詰め直し、封をします。
■ 出荷準備
ラベルを貼り、集荷場所へ移します。

──────────────
【◆未経験の方へ◆】
✔ 覚える品番は担当分だけです
✔ 速さより正確さを大切にしています
✔ 会話は最小限で作業に集中できます
✔ 倉庫の仕事がはじめての方も多い工程です

──────────────
【◆勤務地◆】

三重県四日市市本郷町
最寄り駅：川原町駅

給与や勤務時間、シフトの組み方は、
ご応募いただいた後にお伝えします。
まずは応募フォームからご連絡ください。","《◆この仕事の特徴◆》

✅ ① 作業台のまわりで完結
倉庫内を移動し続ける仕事ではありません。

✅ ② 会話は最小限
集中して手を動かしたい方に合っています。

✅ ③ 質問しやすい距離に担当者
手を止めて聞ける環境です。

──────────────
《◆向いている方◆》
✔ 正確さに自信がある方
✔ マニュアルどおりに進めるのが得意な方
✔ 体を動かしながら集中したい方

──────────────
《◆応募について◆》
✔ 資格・経験の条件はありません
✔ 給与・勤務時間・シフト・待遇はご応募後にお伝えします
✔ 質問だけのご連絡も受け付けています"
三重県四日市,検品・梱包作業,中川原,三重県四日市市中川原,腰を据えて長く◇出荷準備の検品・梱包作業✨,コツコツ派に｜検品と梱包スタッフ｜中川原駅エリア,"┏━━━━━━━━━━━━━━━┓
＼三重県四日市エリアで新しい仲間を募集／
伝票と現物、合っているかを見る仕事です。
出荷前のチェックを担当するスタッフ募集
┗━━━━━━━━━━━━━━━┛

こんな不安はありませんか？
「未経験だと、何から覚えればいいのか」
「教えてくれる人はいるのか」

初日は先輩と一緒に工程を確認します。ひとりで判断する場面は少なめです。

──────────────
【◆作業の流れ◆】
■ 開梱
届いた段ボールを開け、中身を取り出します。
■ 照合
注文票と中身を照らし合わせます。
■ 再梱包
出荷用の箱に詰め直し、封をします。
■ 出荷準備
ラベルを貼り、集荷場所へ移します。

──────────────
【◆未経験の方へ◆】
✔ 覚える品番は担当分だけです
✔ 速さより正確さを大切にしています
✔ 会話は最小限で作業に集中できます
✔ 倉庫の仕事がはじめての方も多い工程です

──────────────
【◆勤務地◆】

三重県四日市市中川原
最寄り駅：中川原駅

給与や勤務時間、シフトの組み方は、
ご応募いただいた後にお伝えします。
まずは応募フォームからご連絡ください。","《◆はじめやすいポイント◆》

✅ ① 作業台のまわりで完結
倉庫内を移動し続ける仕事ではありません。

✅ ② 会話は最小限
集中して手を動かしたい方に合っています。

✅ ③ 質問しやすい距離に担当者
手を止めて聞ける環境です。

──────────────
《◆向いている方◆》
✔ 正確さに自信がある方
✔ マニュアルどおりに進めるのが得意な方
✔ 体を動かしながら集中したい方

──────────────
《◆応募について◆》
✔ 資格・経験の条件はありません
✔ 給与・勤務時間・シフト・待遇はご応募後にお伝えします
✔ 質問だけのご連絡も受け付けています"
三重県四日市,検品・梱包作業,海山道,三重県四日市市海山道,手元に集中◇検品と梱包を担当する倉庫スタッフ♪,はじめてでも｜梱包・ラベル貼り担当｜海山道駅エリア,"┏━━━━━━━━━━━━━━━┓
＼三重県四日市エリアで新しい仲間を募集／
今日やることは、作業に入る前に決まっています。
検品・梱包の軽作業スタッフ募集
┗━━━━━━━━━━━━━━━┛

こんな不安はありませんか？
「未経験だと、何から覚えればいいのか」
「教えてくれる人はいるのか」

初日は先輩と一緒に工程を確認します。ひとりで判断する場面は少なめです。

──────────────
【◆作業の流れ◆】
■ 開梱
届いた段ボールを開け、中身を取り出します。
■ 照合
注文票と中身を照らし合わせます。
■ 再梱包
出荷用の箱に詰め直し、封をします。
■ 出荷準備
ラベルを貼り、集荷場所へ移します。

──────────────
【◆未経験の方へ◆】
✔ 初日は先輩と一緒に工程を確認します
✔ 使う道具はカッター・テープ・台車程度です
✔ 電話や来客の対応はありません
✔ 資格や経験の条件はありません

──────────────
【◆勤務地◆】

三重県四日市市海山道
最寄り駅：海山道駅

給与や勤務時間、シフトの組み方は、
ご応募いただいた後にお伝えします。
少しでも気になったら、ご応募ください。","《◆一日の過ごし方◆》

✅ ① 作業台のまわりで完結
倉庫内を移動し続ける仕事ではありません。

✅ ② 会話は最小限
集中して手を動かしたい方に合っています。

✅ ③ 質問しやすい距離に担当者
手を止めて聞ける環境です。

──────────────
《◆向いている方◆》
✔ 正確さに自信がある方
✔ マニュアルどおりに進めるのが得意な方
✔ 体を動かしながら集中したい方

──────────────
《◆応募について◆》
✔ 資格・経験の条件はありません
✔ 給与・勤務時間・シフト・待遇はご応募後にお伝えします
✔ 質問だけのご連絡も受け付けています"
三重県四日市,検品・梱包作業,北楠,三重県四日市市楠町北五味塚,数えて、詰めて、貼る◇検品と梱包を担当する倉庫スタッフ◎,経験なしから｜梱包・ラベル貼り担当｜北楠駅エリア,"┏━━━━━━━━━━━━━━━┓
＼三重県四日市エリアで新しい仲間を募集／
包んで、詰めて、貼る。この 3 つが基本です。
倉庫内の梱包スタッフを募集します
┗━━━━━━━━━━━━━━━┛

こんな不安はありませんか？
「未経験だと、何から覚えればいいのか」
「教えてくれる人はいるのか」

初日は先輩と一緒に工程を確認します。ひとりで判断する場面は少なめです。

──────────────
【◆作業の流れ◆】
■ 開梱
届いた段ボールを開け、中身を取り出します。
■ 照合
注文票と中身を照らし合わせます。
■ 再梱包
出荷用の箱に詰め直し、封をします。
■ 出荷準備
ラベルを貼り、集荷場所へ移します。

──────────────
【◆未経験の方へ◆】
✔ 初日は先輩と一緒に工程を確認します
✔ 使う道具はカッター・テープ・台車程度です
✔ 電話や来客の対応はありません
✔ 資格や経験の条件はありません

──────────────
【◆勤務地◆】

三重県四日市市楠町北五味塚
最寄り駅：北楠駅

給与や勤務時間、シフトの組み方は、
ご応募いただいた後にお伝えします。
少しでも気になったら、ご応募ください。","《◆作業のこだわり◆》

✅ ① 作業台のまわりで完結
倉庫内を移動し続ける仕事ではありません。

✅ ② 会話は最小限
集中して手を動かしたい方に合っています。

✅ ③ 質問しやすい距離に担当者
手を止めて聞ける環境です。

──────────────
《◆向いている方◆》
✔ 正確さに自信がある方
✔ マニュアルどおりに進めるのが得意な方
✔ 体を動かしながら集中したい方

──────────────
《◆応募について◆》
✔ 資格・経験の条件はありません
✔ 給与・勤務時間・シフト・待遇はご応募後にお伝えします
✔ 質問だけのご連絡も受け付けています"
三重県津市,検品・梱包作業,白塚,三重県津市白塚町,決まった順番で◇検品と梱包を担当する倉庫スタッフ！,手順あり｜梱包・ラベル貼り担当｜白塚駅エリア,"┏━━━━━━━━━━━━━━━┓
＼三重県津市エリアで新しい仲間を募集／
手元の商品に集中できる環境です。
検品と箱詰めを担当する方を募集
┗━━━━━━━━━━━━━━━┛

こんな不安はありませんか？
「未経験だと、何から覚えればいいのか」
「教えてくれる人はいるのか」

初日は先輩と一緒に工程を確認します。ひとりで判断する場面は少なめです。

──────────────
【◆作業の流れ◆】
■ 開梱
届いた段ボールを開け、中身を取り出します。
■ 照合
注文票と中身を照らし合わせます。
■ 再梱包
出荷用の箱に詰め直し、封をします。
■ 出荷準備
ラベルを貼り、集荷場所へ移します。

──────────────
【◆未経験の方へ◆】
✔ 数量はリストで二重に確認します
✔ 品番の読み方から説明します
✔ 分からないときは手を止めて聞けます
✔ 慣れるまでは同じ工程を続けられます

──────────────
【◆勤務地◆】

三重県津市白塚町
最寄り駅：白塚駅

給与や勤務時間、シフトの組み方は、
ご応募いただいた後にお伝えします。
少しでも気になったら、ご応募ください。","《◆長く続けられる理由◆》

✅ ① 作業台のまわりで完結
倉庫内を移動し続ける仕事ではありません。

✅ ② 会話は最小限
集中して手を動かしたい方に合っています。

✅ ③ 質問しやすい距離に担当者
手を止めて聞ける環境です。

──────────────
《◆向いている方◆》
✔ 正確さに自信がある方
✔ マニュアルどおりに進めるのが得意な方
✔ 体を動かしながら集中したい方

──────────────
《◆応募について◆》
✔ 資格・経験の条件はありません
✔ 給与・勤務時間・シフト・待遇はご応募後にお伝えします
✔ 質問だけのご連絡も受け付けています"
滋賀県米原市,検品・梱包作業,近江長岡,滋賀県米原市長岡,はじめてでも大丈夫◇検品と梱包を担当する倉庫スタッフ☆,接客なし｜梱包・ラベル貼り担当｜近江長岡駅エリア,"┏━━━━━━━━━━━━━━━┓
＼滋賀県米原市エリアで新しい仲間を募集／
倉庫の仕事が、はじめての方へ。
検品・梱包・ラベル貼りの募集です
┗━━━━━━━━━━━━━━━┛

こんな不安はありませんか？
「未経験だと、何から覚えればいいのか」
「教えてくれる人はいるのか」

初日は先輩と一緒に工程を確認します。ひとりで判断する場面は少なめです。

──────────────
【◆作業の流れ◆】
■ 開梱
届いた段ボールを開け、中身を取り出します。
■ 照合
注文票と中身を照らし合わせます。
■ 再梱包
出荷用の箱に詰め直し、封をします。
■ 出荷準備
ラベルを貼り、集荷場所へ移します。

──────────────
【◆未経験の方へ◆】
✔ 数量はリストで二重に確認します
✔ 品番の読み方から説明します
✔ 分からないときは手を止めて聞けます
✔ 慣れるまでは同じ工程を続けられます

──────────────
【◆勤務地◆】

滋賀県米原市長岡
最寄り駅：近江長岡駅

給与や勤務時間、シフトの組み方は、
ご応募いただいた後にお伝えします。
少しでも気になったら、ご応募ください。","《◆こんな環境です◆》

✅ ① 作業台のまわりで完結
倉庫内を移動し続ける仕事ではありません。

✅ ② 会話は最小限
集中して手を動かしたい方に合っています。

✅ ③ 質問しやすい距離に担当者
手を止めて聞ける環境です。

──────────────
《◆向いている方◆》
✔ 正確さに自信がある方
✔ マニュアルどおりに進めるのが得意な方
✔ 体を動かしながら集中したい方

──────────────
《◆応募について◆》
✔ 資格・経験の条件はありません
✔ 給与・勤務時間・シフト・待遇はご応募後にお伝えします
✔ 質問だけのご連絡も受け付けています"
三重県四日市,検品・梱包作業,南四日市,三重県四日市市日永東,静かに働ける◇検品と梱包を担当する倉庫スタッフ✨,コツコツ派に｜梱包・ラベル貼り担当｜南四日市駅エリア,"┏━━━━━━━━━━━━━━━┓
＼三重県四日市エリアで新しい仲間を募集／
箱を開けて、数を数えて、また閉じる。
倉庫の検品・梱包スタッフを募集します
┗━━━━━━━━━━━━━━━┛

こんな不安はありませんか？
「単純作業は飽きそう」
「同じことの繰り返しは苦手かも」

検品・梱包・ラベル貼りと、日によって担当が変わることがあります。

──────────────
【◆作業の流れ◆】
■ 開梱
届いた段ボールを開け、中身を取り出します。
■ 照合
注文票と中身を照らし合わせます。
■ 再梱包
出荷用の箱に詰め直し、封をします。
■ 出荷準備
ラベルを貼り、集荷場所へ移します。

──────────────
【◆未経験の方へ◆】
✔ 作業は作業台のまわりで完結します
✔ 運ぶのは箱に入る程度の商品です
✔ 担当工程は日によって変わることがあります
✔ 経験の有無で担当を分けることはありません

──────────────
【◆勤務地◆】

三重県四日市市日永東
最寄り駅：南四日市駅

給与や勤務時間、シフトの組み方は、
ご応募いただいた後にお伝えします。
少しでも気になったら、ご応募ください。","《◆この仕事の特徴◆》

✅ ① 倉庫がはじめての方が多い工程
入口の仕事として選ばれています。

✅ ② 資格・経験の条件なし
検品も梱包も、手順どおりに進める作業です。

✅ ③ 出荷前の最後の確認役
自分の目で確かめたものが、そのまま届け先へ向かいます。

──────────────
《◆向いている方◆》
✔ 正確さに自信がある方
✔ マニュアルどおりに進めるのが得意な方
✔ 体を動かしながら集中したい方

──────────────
《◆応募について◆》
✔ 資格・経験の条件はありません
✔ 給与・勤務時間・シフト・待遇はご応募後にお伝えします
✔ 質問だけのご連絡も受け付けています"
三重県四日市,検品・梱包作業,富田,三重県四日市市富田,1日の流れがシンプル◇検品と梱包を担当する倉庫スタッフ♪,はじめてでも｜出荷前の検品・梱包｜富田駅エリア,"┏━━━━━━━━━━━━━━━┓
＼三重県四日市エリアで新しい仲間を募集／
伝票と現物、合っているかを見る仕事です。
出荷前のチェックを担当するスタッフ募集
┗━━━━━━━━━━━━━━━┛

こんな不安はありませんか？
「単純作業は飽きそう」
「同じことの繰り返しは苦手かも」

検品・梱包・ラベル貼りと、日によって担当が変わることがあります。

──────────────
【◆作業の流れ◆】
■ 開梱
届いた段ボールを開け、中身を取り出します。
■ 照合
注文票と中身を照らし合わせます。
■ 再梱包
出荷用の箱に詰め直し、封をします。
■ 出荷準備
ラベルを貼り、集荷場所へ移します。

──────────────
【◆未経験の方へ◆】
✔ 作業は作業台のまわりで完結します
✔ 運ぶのは箱に入る程度の商品です
✔ 担当工程は日によって変わることがあります
✔ 経験の有無で担当を分けることはありません

──────────────
【◆勤務地◆】

三重県四日市市富田
最寄り駅：富田駅

給与や勤務時間、シフトの組み方は、
ご応募いただいた後にお伝えします。
少しでも気になったら、ご応募ください。","《◆はじめやすいポイント◆》

✅ ① 倉庫がはじめての方が多い工程
入口の仕事として選ばれています。

✅ ② 資格・経験の条件なし
検品も梱包も、手順どおりに進める作業です。

✅ ③ 出荷前の最後の確認役
自分の目で確かめたものが、そのまま届け先へ向かいます。

──────────────
《◆向いている方◆》
✔ 正確さに自信がある方
✔ マニュアルどおりに進めるのが得意な方
✔ 体を動かしながら集中したい方

──────────────
《◆応募について◆》
✔ 資格・経験の条件はありません
✔ 給与・勤務時間・シフト・待遇はご応募後にお伝えします
✔ 質問だけのご連絡も受け付けています"
三重県四日市,検品・梱包作業,楠,三重県四日市市楠町南川,身近な駅で◇検品と梱包を担当する倉庫スタッフ◎,経験なしから｜出荷前の検品・梱包｜楠駅エリア,"┏━━━━━━━━━━━━━━━┓
＼三重県四日市エリアで新しい仲間を募集／
今日やることは、作業に入る前に決まっています。
検品・梱包の軽作業スタッフ募集
┗━━━━━━━━━━━━━━━┛

こんな不安はありませんか？
「単純作業は飽きそう」
「同じことの繰り返しは苦手かも」

検品・梱包・ラベル貼りと、日によって担当が変わることがあります。

──────────────
【◆作業の流れ◆】
■ 開梱
届いた段ボールを開け、中身を取り出します。
■ 照合
注文票と中身を照らし合わせます。
■ 再梱包
出荷用の箱に詰め直し、封をします。
■ 出荷準備
ラベルを貼り、集荷場所へ移します。

──────────────
【◆未経験の方へ◆】
✔ 手順書を見ながら進められます
✔ 検品・梱包・ラベル貼りを順に覚えます
✔ 商品は片手で持てるものが中心です
✔ 質問しやすい距離に担当者がいます

──────────────
【◆勤務地◆】

三重県四日市市楠町南川
最寄り駅：楠駅

給与や勤務時間、シフトの組み方は、
ご応募いただいた後にお伝えします。
少しでも気になったら、ご応募ください。","《◆一日の過ごし方◆》

✅ ① 倉庫がはじめての方が多い工程
入口の仕事として選ばれています。

✅ ② 資格・経験の条件なし
検品も梱包も、手順どおりに進める作業です。

✅ ③ 出荷前の最後の確認役
自分の目で確かめたものが、そのまま届け先へ向かいます。

──────────────
《◆向いている方◆》
✔ 正確さに自信がある方
✔ マニュアルどおりに進めるのが得意な方
✔ 体を動かしながら集中したい方

──────────────
《◆応募について◆》
✔ 資格・経験の条件はありません
✔ 給与・勤務時間・シフト・待遇はご応募後にお伝えします
✔ 質問だけのご連絡も受け付けています"
三重県亀山市,検品・梱包作業,井田川,三重県亀山市井田川町,難しい操作なし◇検品と梱包を担当する倉庫スタッフ！,手順あり｜出荷前の検品・梱包｜井田川駅エリア,"┏━━━━━━━━━━━━━━━┓
＼三重県亀山市エリアで新しい仲間を募集／
包んで、詰めて、貼る。この 3 つが基本です。
倉庫内の梱包スタッフを募集します
┗━━━━━━━━━━━━━━━┛

こんな不安はありませんか？
「単純作業は飽きそう」
「同じことの繰り返しは苦手かも」

検品・梱包・ラベル貼りと、日によって担当が変わることがあります。

──────────────
【◆作業の流れ◆】
■ 開梱
届いた段ボールを開け、中身を取り出します。
■ 照合
注文票と中身を照らし合わせます。
■ 再梱包
出荷用の箱に詰め直し、封をします。
■ 出荷準備
ラベルを貼り、集荷場所へ移します。

──────────────
【◆未経験の方へ◆】
✔ 手順書を見ながら進められます
✔ 検品・梱包・ラベル貼りを順に覚えます
✔ 商品は片手で持てるものが中心です
✔ 質問しやすい距離に担当者がいます

──────────────
【◆勤務地◆】

三重県亀山市井田川町
最寄り駅：井田川駅

給与や勤務時間、シフトの組み方は、
ご応募いただいた後にお伝えします。
質問だけでも、ご連絡ください。","《◆作業のこだわり◆》

✅ ① 倉庫がはじめての方が多い工程
入口の仕事として選ばれています。

✅ ② 資格・経験の条件なし
検品も梱包も、手順どおりに進める作業です。

✅ ③ 出荷前の最後の確認役
自分の目で確かめたものが、そのまま届け先へ向かいます。

──────────────
《◆向いている方◆》
✔ 正確さに自信がある方
✔ マニュアルどおりに進めるのが得意な方
✔ 体を動かしながら集中したい方

──────────────
《◆応募について◆》
✔ 資格・経験の条件はありません
✔ 給与・勤務時間・シフト・待遇はご応募後にお伝えします
✔ 質問だけのご連絡も受け付けています"
滋賀県長浜市,検品・梱包作業,虎姫,滋賀県長浜市大寺町細田,ひとつずつ丁寧に◇検品と梱包を担当する倉庫スタッフ☆,接客なし｜出荷前の検品・梱包｜虎姫駅エリア,"┏━━━━━━━━━━━━━━━┓
＼滋賀県長浜市エリアで新しい仲間を募集／
手元の商品に集中できる環境です。
検品と箱詰めを担当する方を募集
┗━━━━━━━━━━━━━━━┛

こんな不安はありませんか？
「単純作業は飽きそう」
「同じことの繰り返しは苦手かも」

検品・梱包・ラベル貼りと、日によって担当が変わることがあります。

──────────────
【◆作業の流れ◆】
■ 開梱
届いた段ボールを開け、中身を取り出します。
■ 照合
注文票と中身を照らし合わせます。
■ 再梱包
出荷用の箱に詰め直し、封をします。
■ 出荷準備
ラベルを貼り、集荷場所へ移します。

──────────────
【◆未経験の方へ◆】
✔ 覚える品番は担当分だけです
✔ 速さより正確さを大切にしています
✔ 会話は最小限で作業に集中できます
✔ 倉庫の仕事がはじめての方も多い工程です

──────────────
【◆勤務地◆】

滋賀県長浜市大寺町細田
最寄り駅：虎姫駅

給与や勤務時間、シフトの組み方は、
ご応募いただいた後にお伝えします。
質問だけでも、ご連絡ください。","《◆長く続けられる理由◆》

✅ ① 倉庫がはじめての方が多い工程
入口の仕事として選ばれています。

✅ ② 資格・経験の条件なし
検品も梱包も、手順どおりに進める作業です。

✅ ③ 出荷前の最後の確認役
自分の目で確かめたものが、そのまま届け先へ向かいます。

──────────────
《◆向いている方◆》
✔ 正確さに自信がある方
✔ マニュアルどおりに進めるのが得意な方
✔ 体を動かしながら集中したい方

──────────────
《◆応募について◆》
✔ 資格・経験の条件はありません
✔ 給与・勤務時間・シフト・待遇はご応募後にお伝えします
✔ 質問だけのご連絡も受け付けています"
三重県津市,検品・梱包作業,高田本山,三重県津市一身田平野,腰を据えて長く◇検品と梱包を担当する倉庫スタッフ✨,コツコツ派に｜出荷前の検品・梱包｜高田本山駅エリア,"┏━━━━━━━━━━━━━━━┓
＼三重県津市エリアで新しい仲間を募集／
倉庫の仕事が、はじめての方へ。
検品・梱包・ラベル貼りの募集です
┗━━━━━━━━━━━━━━━┛

こんな不安はありませんか？
「単純作業は飽きそう」
「同じことの繰り返しは苦手かも」

検品・梱包・ラベル貼りと、日によって担当が変わることがあります。

──────────────
【◆作業の流れ◆】
■ 開梱
届いた段ボールを開け、中身を取り出します。
■ 照合
注文票と中身を照らし合わせます。
■ 再梱包
出荷用の箱に詰め直し、封をします。
■ 出荷準備
ラベルを貼り、集荷場所へ移します。

──────────────
【◆未経験の方へ◆】
✔ 覚える品番は担当分だけです
✔ 速さより正確さを大切にしています
✔ 会話は最小限で作業に集中できます
✔ 倉庫の仕事がはじめての方も多い工程です

──────────────
【◆勤務地◆】

三重県津市一身田平野
最寄り駅：高田本山駅

給与や勤務時間、シフトの組み方は、
ご応募いただいた後にお伝えします。
質問だけでも、ご連絡ください。","《◆こんな環境です◆》

✅ ① 倉庫がはじめての方が多い工程
入口の仕事として選ばれています。

✅ ② 資格・経験の条件なし
検品も梱包も、手順どおりに進める作業です。

✅ ③ 出荷前の最後の確認役
自分の目で確かめたものが、そのまま届け先へ向かいます。

──────────────
《◆向いている方◆》
✔ 正確さに自信がある方
✔ マニュアルどおりに進めるのが得意な方
✔ 体を動かしながら集中したい方

──────────────
《◆応募について◆》
✔ 資格・経験の条件はありません
✔ 給与・勤務時間・シフト・待遇はご応募後にお伝えします
✔ 質問だけのご連絡も受け付けています"
