ステータス,会社名,職種名,職業カテゴリー,求人キャッチコピー,勤務地（郵便番号）,勤務地（都道府県・市区町村・町域）,勤務地（丁目・番地・号）,勤務地（建物名・階数）,雇用形態,有料職業紹介に該当,給与形態,給与（最低額）,給与（最高額）,給与（表示形式）,固定残業代の有無,固定残業代（最低額）,固定残業代（最高額）,固定残業代（支払い単位）,固定残業代（時間）,固定残業代（分）,固定残業代（超過分の追加支払への同意）,勤務形態,平均所定労働時間,平均所定労働時間（分）,社会保険,社会保険（適用されない理由）,試用期間の有無,試用期間（期間）,試用期間（期間の単位）,試用期間（試用期間中の労働条件）,試用期間中の給与形態,試用期間中の給与（最低額）,試用期間中の給与（最高額）,試用期間中の給与（表示形式）,試用期間中の固定残業代の有無,試用期間中の固定残業代（最低額）,試用期間中の固定残業代（最高額）,試用期間中の固定残業代（支払い単位）,試用期間中の固定残業代（時間）,試用期間中の固定残業代（分）,試用期間中の固定残業代（超過分の追加支払への同意）,試用期間中の平均所定労働時間,試用期間中の平均所定労働時間（分）,試用期間中のその他の条件,募集要項（仕事内容）,募集要項（アピールポイント）,募集要項（求める人材）,募集要項（勤務時間・曜日）,募集要項（休暇・休日）,募集要項（勤務地の補足）,募集要項（アクセス）,募集要項（給与の補足）,募集要項（待遇・福利厚生）,募集要項（その他）,掲載画像,タグ,採用予定人数,履歴書の有無,応募者に関する情報,応募用メールアドレス,求人問い合わせ先電話番号（半角）,審査用の質問,自動アプローチ利用設定,自動アプローチ条件設定,ユーザー指定ID,求人ID（編集不可）
募集中,,税務スタッフ（兼 財務コンサルタント）／異業種からの転身歓迎,税理士/税務スタッフ、経営コンサルタント、会計/経理,【名古屋・伏見駅 徒歩2分】年休128日／フレックス・リモート可／2ヶ月の初期研修あり。営業・銀行・経理の経験を「経営支援」に活かす,4600003,愛知県 名古屋市 中区 錦,二丁目18番5号,白川第六ビル602,正社員,はい,月給,260000,405000,範囲で表示,あり,55000,,月,30,0,同意する,フレックスタイム制,140,,健康保険、厚生年金、雇用保険、労災保険,,あり,3,か月,同条件,,,,,,,,,,,,,,,"◆募集背景と想定する人物像
クラウド会計やAIの進化により、これまでの「職人型」の会計業務は急速に自動化が進んでいます。いま会計人に求められるのは「お客様に寄り添い、経営課題を共に解決できる力」。私たちはその変化を見据え、2018年に未経験者採用を本格化、2020年には新卒採用も開始しました。現在では10名以上の未経験・新卒社員がコンサルタントとして活躍し、経営者を支えています。

本求人でも、営業・銀行・経理などのご経験を活かし、「経営者の役に立ちたい」と挑戦する方を歓迎します。

◆仕事内容
―税務顧問業務（5割）
最初に覚える仕事です。研修や実務で「会計入力→監査→決算申告」の基本を習得します。先輩同行やロープレで「経営者への報告」も磨き、3ヶ月〜半年後には顧問先を担当します。

―経営支援業務（2割）
税務顧問を2〜3年経験したら、研修や先輩同行を経て経営支援にも挑戦します。

―クラウド会計導入支援（3割）
経理の効率化や経営の「見える化」を支援します。研修・同行・マニュアルが充実しています。

―経営者向けビジネススクールの受講生フォロー
財務分析等の宿題や当日の不明点のフォロー対応を通じて、経営者の想いや悩みに触れる機会が豊富です。先輩社員のサポートもあり安心です。

■「経営支援サービス」とは
毎月1回、経営者と面談し、ビジョンや課題をヒアリング。財務分析を行い、課題に優先順位を付けます。コーチングや心理学を取り入れた対話で、経営者自身の「納得解」を導き、実行支援まで伴走します。100％オーダーメイドの支援です。

■どんな事務所か
名古屋市・小牧市・東京都千代田区にオフィスを構える、経営支援型の会計事務所です。「中小企業の経営支援に本気で取り組む税理士法人」を掲げ、税務顧問とは別サービスとして「経営支援サービス（財務コンサル）」を事業化。税務顧問の担当者全員が経営支援も担当するという、全国でも希少な体制をとっています。経営支援の全国大会で3度優勝・入賞多数。自社で経営者向けビジネススクールも運営しています。

顧問先は売上1億〜30億円規模の中小・ベンチャー企業が中心。急成長中の企業や、変革を進める3代目社長など、志の高い経営者の方ばかりです。上から目線のコンサルでも御用聞きでもなく、経営者の対等なパートナーとしての支援を目指しています。財務とコーチングを融合させた独自の支援スタイルと、手厚い育成制度があります。

2014年の法人化以降、毎期10〜15％の成長を継続。従業員47名（公認会計士4名／税理士4名）、40代の代表2名に20〜40代の社員が在籍しています。

※仕事内容や育成制度は、面接でも丁寧にご説明します。","✅未経験者でも安心の育成体制
・2ヶ月の初期研修あり（理念やビジョンの解説、税務・財務・会計ソフトの基礎研修など）
・OJT、ロープレ研修、コンサル研修、事例研究会、1on1、個別レビューなど手厚くサポート
・前職はIT系営業、銀行、事業会社経理など、未経験者が活躍中です

✅ワークライフバランス
・定時9〜17時／フレックスタイム制／リモート可（週2回）／平均残業20時間
・繁忙期でも18時台には全員退社。税理士試験や子育てとの両立が可能です
・研修も業務時間内に実施します
・年間休日128日、完全週休2日制（土日祝）

✅キャリアパスが明確
・80の給与等級があり、等級ごとの給与テーブルを公開しています
・年1回の人事考課があり、等級アップの基準も明確です
・役職はジュニアコンサル→コンサル→シニアコンサル→リーダー→マネージャーorスペシャリストの順
・「昇格チャレンジ制度」があり、最近では新卒4年目の社員が最速でシニアコンサルにチャレンジ中です

✅税理士受験生の支援が充実
試験前休暇／受験料補助／専門学校費用補助／資格手当／オフィスで自習OK。科目合格者多数です。

✅全国でも希少な「経営支援型」の税理士法人
税務顧問の担当者全員が経営支援も担当します。経営支援の全国大会で3度優勝・入賞多数。","＜必須条件＞
・「中小企業の経営支援」に本気で取り組みたい方
・日商簿記2級以上
・営業、銀行、経理、金融、SaaSなどでの法人顧客対応経験：2年以上
・学歴：大学卒業以上

＜こんな方が向いています＞
・経営者と対等なパートナーとして向き合いたい方
・数字の背景にある事業を理解しようとする方
・自ら学び、成長し続けたい方

★会計事務所での実務経験は不要です。
前職がIT系営業、銀行、事業会社経理といった未経験の方が活躍しています。2ヶ月の初期研修とOJTで、基礎から習得できる体制を整えています。","フレックスタイム制

■就業時間
9:00〜17:00（所定労働時間7時間／休憩60分）
コアタイム：10:00〜16:00

・リモートワーク可（週2回まで）
・平均残業時間：月20時間程度
・繁忙期でも18時台には全員退社しています
・社内研修も業務時間内に実施します
・裁量労働制の適用はありません","■年間休日128日
・完全週休2日制（土・日・祝）
・年末年始休暇
・夏季休暇（取得期間の選択可）
・有給休暇
・慶弔休暇
・結婚休暇
・産休・育休制度あり","＜名古屋オフィス＞
愛知県名古屋市中区錦二丁目18番5号 白川第六ビル602
配属部署：名古屋オフィス

受動喫煙防止措置：あり（敷地内禁煙。別フロアにビル共同の喫煙室あり）
転勤：無","【アクセス】
名古屋市営地下鉄 東山線・鶴舞線「伏見」駅より徒歩2分

【通勤方法・その他補足】
・交通費全額支給
・転勤なし
・リモートワーク可（週2回まで）","【給与】
月給 260,000円〜405,000円
※固定残業手当（月30時間分）55,000円〜を含みます。
※固定残業時間を超える時間外労働分・深夜労働分の割増賃金は追加で支給します。
※前職の経験、実績等を鑑みて決定します。

【想定年収】
352万円〜536万円
※年収＝月給×12ヶ月＋賞与年2回（夏季・冬季、各1ヶ月分を想定）
※上記に加え、家族手当／資格手当／役職手当等あり
※夏季・冬季賞与とは別に決算賞与あり（制度開始後5期連続支給中。税引き後利益の20％を配分）

【昇給・賞与】
昇給：有（年1回の人事考課）
賞与：年2回＋決算賞与

【交通費】
交通費全額支給","【各種保険】
社会保険完備（健康保険、厚生年金、雇用保険、労災保険）

【諸手当】
・交通費全額支給
・家族手当
・資格手当
・役職手当

【賞与・昇給】
・賞与：年2回（夏季・冬季／各1ヶ月分を想定）
・決算賞与：夏季・冬季賞与とは別に支給（制度開始後5期連続支給中。税引き後利益の20％を配分）
・昇給：有

【福利厚生】
・企業版確定拠出年金
・社員旅行
・ロゴ入りTシャツ支給
・外部研修費補助
・子育て支援制度（時短勤務等）

【税理士受験生支援】
・試験前休暇
・受験料補助
・専門学校費用補助
・資格手当
・オフィスで自習OK
→ 科目合格者多数

【その他】
・転勤：無
・リモートワーク可（週2回まで）","【選考の流れ】

▼ STEP 1：応募
Indeedよりご応募ください。担当者よりご連絡を差し上げます。

▼ STEP 2：書類選考

▼ STEP 3：面接（2回）
仕事内容や育成制度についても、面接で丁寧にご説明します。

▼ STEP 4：内定

※筆記試験はありません。
※在職中の方も日程を調整いたします。",,土日祝休み、転勤なし、交通費支給、昇給・昇格あり,1,任意,生年月日、性別、電話番号,agent@enroots.co.jp,090-9189-8178,,利用する,,D,
募集中,,税務スタッフ（兼 財務コンサルタント）／会計事務所経験者採用,税理士/税務スタッフ、経営コンサルタント、会計/経理,【名古屋・伏見駅 徒歩2分】記帳代行・一次監査は内勤チームが対応／年休128日・フレックス・リモート可。経営者との対話に時間を使える会計事務所経験者ポジション,4600003,愛知県 名古屋市 中区 錦,二丁目18番5号,白川第六ビル602,正社員,はい,月給,335000,515000,範囲で表示,あり,71000,,月,30,0,同意する,フレックスタイム制,140,,健康保険、厚生年金、雇用保険、労災保険,,あり,3,か月,同条件,,,,,,,,,,,,,,,"◆仕事内容
―税務顧問業務（5割）
内勤チームが記帳代行や一次監査を対応するため、報告業務が中心です。

―経営支援業務（3割）
見込客への提案からスタート。3年以内に5件受注を目指せる育成体制があります。

―クラウド会計導入支援（2割）
HPよりお問合せ多数。社内の支援ノウハウを学びながら挑戦します。

―経営者向けビジネススクールの受講生フォロー
累計受講生500名以上。財務分析等の宿題や当日の不明点をフォローします。「経営者の悩み」を間近で聞ける機会であり、経営支援の提案にもつながります。

■「経営支援サービス」とは
毎月1回、経営者と面談し、ビジョンや課題をヒアリング。財務分析を行い、課題に優先順位を付けます。コーチングや心理学を取り入れた対話で、経営者自身の「納得解」を導き、実行支援まで伴走します。100％オーダーメイドの支援です。

◆キャリアパスのイメージ
例1）会計事務所歴3年以上の方 → コンサルタントからのスタート（年収目安：450万円〜）
　1年後の担当売上目安：1,800万円（税務顧問100万円×14社＋経営支援1〜2件＋クラウド会計導入支援）
　★担当売上2,000万円を超え、その他の基準も満たすと「シニアコンサルタント」に挑戦可能

例2）会計事務所歴6年以上の方 → シニアコンサルタントからのスタート（年収目安：600万円〜）
　1年後の担当売上目安：2,200万円（税務顧問130万円×14社＋経営支援2〜3件＋クラウド会計導入支援）
　★担当売上2,500万円を超え、その他の基準も満たすと「リーダー」に挑戦可能

■どんな事務所か
名古屋市・小牧市・東京都千代田区にオフィスを構える、経営支援型の会計事務所です。「中小企業の経営支援に本気で取り組む税理士法人」を掲げ、税務顧問とは別サービスとして「経営支援サービス（財務コンサル）」を事業化。税務顧問の担当者全員が経営支援も担当するという、全国でも希少な体制をとっています。経営支援の全国大会で3度優勝・入賞多数。自社で経営者向けビジネススクールも運営しています。

顧問先は売上1億〜30億円規模の中小・ベンチャー企業が中心。急成長中の企業や、変革を進める3代目社長など、志の高い経営者の方ばかりです。上から目線のコンサルでも御用聞きでもなく、経営者の対等なパートナーとしての支援を目指しています。財務とコーチングを融合させた独自の支援スタイルと、手厚い育成制度があります。

2014年の法人化以降、毎期10〜15％の成長を継続。従業員47名（公認会計士4名／税理士4名）、40代の代表2名に20〜40代の社員が在籍しています。

※詳しい内容や事例は、ぜひ面接でご紹介させてください。","✅記帳代行・一次監査は内勤チームが対応
報告業務と経営支援に時間を使える体制です。作業ではなく、経営者との対話に集中できます。

✅ワークライフバランス
・定時9〜17時／フレックスタイム制／リモート可（週2回）／平均残業20時間
・繁忙期でも18時台には全員退社。税理士試験や子育てとの両立が可能です
・社内研修も業務時間内に実施します
・年間休日128日、完全週休2日制（土日祝）

✅給与・キャリアパスが明確
・80の給与等級があり、等級ごとの給与を公開。「人事評価65点以上で4等級アップ」のような明確な基準です
・役職はジュニアコンサル→コンサル→シニアコンサル→リーダー→マネージャーorスペシャリストの順
・「昇格チャレンジ制度」があり、最近では新卒4年目の社員が最速でシニアコンサルにチャレンジ中です
・会計事務所歴6年以上の方はシニアコンサルタントからのスタートも可能（年収目安600万円〜）

✅育成・成長環境
・税務、コンサルティングともに研修や育成制度が充実。研修・ロープレ・レビュー等で支援します
・毎月の1on1、目標管理OKR、キャリアカウンセリング、図書貸し出し等あり

✅税理士受験生の支援が充実
試験前休暇／受験料補助／専門学校費用補助／資格手当／オフィスで自習OK。科目合格者多数です。","＜必須条件＞
・「中小企業の経営支援」に本気で取り組みたい方
・日商簿記2級以上
・会計事務所経験：3年以上（客先訪問できる方）
・学歴：大学卒業以上

＜こんな方が向いています＞
・記帳や申告の作業ではなく、経営者との対話に時間を使いたい方
・財務分析をもとに、経営課題の優先順位づけまで踏み込みたい方
・明確な等級制度のもとで、成果を評価されたい方

★会計事務所歴6年以上の方は、シニアコンサルタントからのスタートも可能です（年収目安600万円〜）。","フレックスタイム制

■就業時間
9:00〜17:00（所定労働時間7時間／休憩60分）
コアタイム：10:00〜16:00

・リモートワーク可（週2回まで）
・平均残業時間：月20時間程度
・繁忙期でも18時台には全員退社しています
・社内研修も業務時間内に実施します
・裁量労働制の適用はありません","■年間休日128日
・完全週休2日制（土・日・祝）
・年末年始休暇
・夏季休暇（取得期間の選択可）
・有給休暇
・慶弔休暇
・結婚休暇
・産休・育休制度あり","＜名古屋オフィス＞
愛知県名古屋市中区錦二丁目18番5号 白川第六ビル602
配属部署：名古屋オフィス

受動喫煙防止措置：あり（敷地内禁煙。別フロアにビル共同の喫煙室あり）
転勤：無","【アクセス】
名古屋市営地下鉄 東山線・鶴舞線「伏見」駅より徒歩2分

【通勤方法・その他補足】
・交通費全額支給
・転勤なし
・リモートワーク可（週2回まで）","【給与】
月給 335,000円〜515,000円
※固定残業手当（月30時間分）71,000円〜を含みます。
※固定残業時間を超える時間外労働分・深夜労働分の割増賃金は追加で支給します。
※前職の経験、実績等を鑑みて決定します。

【想定年収】
452万円〜688万円
※年収＝月給×12ヶ月＋賞与年2回（夏季・冬季、各1ヶ月分を想定）
※上記に加え、家族手当／資格手当／役職手当等あり
※夏季・冬季賞与とは別に決算賞与あり（制度開始後5期連続支給中。税引き後利益の20％を配分）

【昇給・賞与】
昇給：有
賞与：年2回＋決算賞与

【交通費】
交通費全額支給","【各種保険】
社会保険完備（健康保険、厚生年金、雇用保険、労災保険）

【諸手当】
・交通費全額支給
・家族手当
・資格手当
・役職手当

【賞与・昇給】
・賞与：年2回（夏季・冬季／各1ヶ月分を想定）
・決算賞与：夏季・冬季賞与とは別に支給（制度開始後5期連続支給中。税引き後利益の20％を配分）
・昇給：有

【福利厚生】
・企業版確定拠出年金
・社員旅行
・ロゴ入りTシャツ支給
・外部研修費補助
・子育て支援制度（時短勤務等）

【税理士受験生支援】
・試験前休暇
・受験料補助
・専門学校費用補助
・資格手当
・オフィスで自習OK
→ 科目合格者多数

【その他】
・転勤：無
・リモートワーク可（週2回まで）","【選考の流れ】

▼ STEP 1：応募
Indeedよりご応募ください。担当者よりご連絡を差し上げます。

▼ STEP 2：書類選考

▼ STEP 3：面接（2回）
仕事内容や育成制度についても、面接で丁寧にご説明します。

▼ STEP 4：内定

※筆記試験はありません。
※在職中の方も日程を調整いたします。",,土日祝休み、転勤なし、交通費支給、昇給・昇格あり,1,任意,生年月日、性別、電話番号,agent@enroots.co.jp,090-9189-8178,,利用する,,D,
募集中,,クラウド会計導入支援コンサルタント（freee）／経理DXの専門家へ,経営コンサルタント、会計/経理、ITコンサルタント,【名古屋・伏見駅 徒歩2分】freee5つ星アドバイザー／300社以上の導入実績。年休128日・フレックス・リモート可の経理DXポジション,4600003,愛知県 名古屋市 中区 錦,二丁目18番5号,白川第六ビル602,正社員,はい,月給,260000,410000,範囲で表示,あり,55000,85600,月,30,0,同意する,フレックスタイム制,140,,健康保険、厚生年金、雇用保険、労災保険,,あり,3,か月,同条件,,,,,,,,,,,,,,,"◆仕事内容
新規のお問合せ先（売上1億円〜30億円規模の中小企業）に対して、月次決算の早期化や経理業務の効率化、経営の「見える化」を目的とし、クラウド会計「freee」の導入支援を行っていただきます。

○具体的な進め方 ※1社ごとに3ヶ月〜半年かけて丁寧に支援します
1. 経理の現状や経営者の希望を丁寧にヒアリング
2. freeeに置き換えた場合の業務フローや経営レポートの設計を提案
3. 経理担当者への操作指導（8割以上オンライン、訪問の場合もあり）

HP等からお問合せが絶えない状態ですが、毎月1〜2件程度の無理のないペースで受注しています。なお、社内には既にクラウド会計導入支援の専任担当が1名おり、今回は規模拡大に伴う2人目の募集です。先輩の案件に同行しながらOJTで学べる環境があります。

◆このポジションの価値
「クラウド会計導入支援」は、月次決算を早くしたい、経理業務が属人化・煩雑化しているといった課題を持つ企業に対し、アナログ経理からデジタル経理への変革を支援するものです。リアルタイムな経営数値の把握が可能になることで、過去の決算書を作るだけの作業から、未来の戦略を立てるための財務コンサルティングへとクライアントのステージを引き上げられる、非常に貢献性の高い仕事です。

会計・税務の専門知識だけでなく、最新のAIやITツールを活用した業務フロー構築のスキルが身につき、DX推進の専門家としてキャリアを高められます。

◆この仕事の先にあるキャリア
クラウド会計導入支援は、当法人がいま最も力を入れている成長領域です。現在はfreee×AIを組み合わせた次世代の導入支援の研究も進めており、経理DXの専門家として最先端のスキルを磨き続けられる環境があります。

新設まもないポジションのため、キャリアの「型」はあえて固定していません。DX支援の専門性を極める道を軸に、財務コンサルタントとして経営支援に進む、税務を兼務して幅を広げるなど、ご本人の志向に合わせて代表と一緒にキャリアを設計していきます。

■どんな事務所か
名古屋市・小牧市・東京都千代田区にオフィスを構える、経営支援型の会計事務所です。「中小企業の経営支援に本気で取り組む税理士法人」を掲げ、税務顧問とは別サービスとして「経営支援サービス（財務コンサル）」を事業化。税務顧問の担当者全員が経営支援も担当するという、全国でも希少な体制をとっています。経営支援の全国大会で3度優勝・入賞多数。自社で経営者向けビジネススクールも運営しています。

顧問先は売上1億〜30億円規模の中小・ベンチャー企業が中心。急成長中の企業や、変革を進める3代目社長など、志の高い経営者の方ばかりです。上から目線のコンサルでも御用聞きでもなく、経営者の対等なパートナーとしての支援を目指しています。財務とコーチングを融合させた独自の支援スタイルと、手厚い育成制度があります。

2014年の法人化以降、毎期10〜15％の成長を継続。従業員47名（公認会計士4名／税理士4名）、40代の代表2名に20〜40代の社員が在籍しています。","✅freee 5つ星アドバイザー／全国有数・300社以上の導入実績
表彰やセミナー登壇も多数。ノウハウが蓄積された環境で、専任担当の先輩に同行しながらOJTで学べます。

✅新設まもないポジション／キャリアを一緒に設計
DX支援の専門性を極める、財務コンサルタントとして経営支援に進む、税務を兼務して幅を広げる——ご本人の志向に合わせて代表と一緒にキャリアを設計します。

✅freee×AIの次世代導入支援を研究中
最新のAI・ITツールを活用した業務フロー構築のスキルが身につきます。経理DXの専門家としてキャリアを高められます。

✅無理のない案件ペース
お問合せは絶えない状態ですが、毎月1〜2件程度の受注ペースを保っています。1社ごとに3ヶ月〜半年かけて丁寧に支援します。訪問は8割以上オンラインです。

✅ワークライフバランス
・定時9〜17時／フレックスタイム制／リモート可（週2回）／平均残業20時間
・年間休日128日、完全週休2日制（土日祝）

✅税理士受験生の支援が充実
試験前休暇／受験料補助／専門学校費用補助／資格手当／オフィスで自習OK。","＜必須条件＞
・「中小企業の経営支援」に本気で取り組みたい方
・日商簿記2級以上
・企業経理または会計事務所での業務経験（決算の流れを理解している方）
・学歴：大学卒業以上

＜歓迎条件＞
・freee会計の使用経験

＜こんな方が向いています＞
・ITツールを使って業務フローを組み立てるのが好きな方
・お客様の経理担当者に寄り添って操作指導ができる方
・新しい領域で専門性を築きたい方","フレックスタイム制

■就業時間
9:00〜17:00（所定労働時間7時間／休憩60分）
コアタイム：10:00〜16:00

・リモートワーク可（週2回まで）
・平均残業時間：月20時間程度
・裁量労働制の適用はありません","■年間休日128日
・完全週休2日制（土・日・祝）
・年末年始休暇
・夏季休暇（取得期間の選択可）
・有給休暇
・慶弔休暇
・結婚休暇
・産休・育休制度あり","＜名古屋オフィス＞
愛知県名古屋市中区錦二丁目18番5号 白川第六ビル602
配属部署：名古屋オフィス

受動喫煙防止措置：屋内禁煙
転勤：無","【アクセス】
名古屋市営地下鉄 東山線・鶴舞線「伏見」駅より徒歩2分

【通勤方法・その他補足】
・交通費全額支給
・転勤なし
・リモートワーク可（週2回まで）","【給与】
月給 260,000円〜410,000円
※基本給205,000円〜324,400円＋固定残業手当（月30時間分）55,000円〜85,600円
※固定残業時間を超える時間外労働分・深夜労働分の割増賃金は追加で支給します。
※前職の経験、実績等を鑑みて決定します。

【想定年収】
352万円〜536万円
※年収＝月給×12ヶ月＋賞与年2回（夏季・冬季、各1ヶ月分を想定）
※上記に加え、家族手当／資格手当／役職手当等あり
※夏季・冬季賞与とは別に決算賞与あり（制度開始後5期連続支給中。税引き後利益の20％を配分）

【昇給・賞与】
昇給：有
賞与：年2回＋決算賞与

【交通費】
交通費全額支給","【各種保険】
社会保険完備（健康保険、厚生年金、雇用保険、労災保険）

【諸手当】
・交通費全額支給
・家族手当
・資格手当
・役職手当

【賞与・昇給】
・賞与：年2回（夏季・冬季／各1ヶ月分を想定）
・決算賞与：夏季・冬季賞与とは別に支給（制度開始後5期連続支給中。税引き後利益の20％を配分）
・昇給：有

【福利厚生】
・企業版確定拠出年金
・社員旅行
・ロゴ入りTシャツ支給
・外部研修費補助
・子育て支援制度（時短勤務等）

【税理士受験生支援】
・試験前休暇
・受験料補助
・専門学校費用補助
・資格手当
・オフィスで自習OK
→ 科目合格者多数

【その他】
・転勤：無
・リモートワーク可（週2回まで）","【選考の流れ】

▼ STEP 1：応募
Indeedよりご応募ください。担当者よりご連絡を差し上げます。

▼ STEP 2：書類選考

▼ STEP 3：面接（2回）
仕事内容や育成制度についても、面接で丁寧にご説明します。

▼ STEP 4：内定

※筆記試験はありません。
※在職中の方も日程を調整いたします。",,土日祝休み、転勤なし、交通費支給、昇給・昇格あり,1,任意,生年月日、性別、電話番号,agent@enroots.co.jp,090-9189-8178,,利用する,,D,
